stamp,frame_id,magnetic_field_x,magnetic_field_y,magnetic_field_z
7.980000000,drone0/magnetometer/magnetometer/magnetometer,6.48e-06,2.268e-05,-4.232e-05
8.084000000,drone0/magnetometer/magnetometer/magnetometer,6.48e-06,2.268e-05,-4.232e-05
8.188000000,drone0/magnetometer/magnetometer/magnetometer,6.48e-06,2.268e-05,-4.232e-05
8.292000000,drone0/magnetometer/magnetometer/magnetometer,6.479999899231111e-06,2.268e-05,-4.2320000014395563e-05
8.396000000,drone0/magnetometer/magnetometer/magnetometer,6.4799998668957195e-06,2.268e-05,-4.23200000190149e-05
8.504000000,drone0/magnetometer/magnetometer/magnetometer,6.479999833316662e-06,2.268e-05,-4.23200000238119e-05
8.608000000,drone0/magnetometer/magnetometer/magnetometer,6.479999800981276e-06,2.268e-05,-4.232000002843125e-05
8.752000000,drone0/magnetometer/magnetometer/magnetometer,6.479999756209203e-06,2.268e-05,-4.232000003482726e-05
8.900000000,drone0/magnetometer/magnetometer/magnetometer,6.4799997101934655e-06,2.268e-05,-4.232000004140094e-05
9.052000000,drone0/magnetometer/magnetometer/magnetometer,6.479999662934062e-06,2.268e-05,-4.232000004815228e-05
9.200000000,drone0/magnetometer/magnetometer/magnetometer,6.479999616918331e-06,2.268e-05,-4.232000005472595e-05
9.300000000,drone0/magnetometer/magnetometer/magnetometer,6.4799995858266214e-06,2.268e-05,-4.2320000059167624e-05
9.452000000,drone0/magnetometer/magnetometer/magnetometer,6.479999538567226e-06,2.268e-05,-4.2320000065918965e-05
9.600000000,drone0/magnetometer/magnetometer/magnetometer,6.479999492551504e-06,2.268e-05,-4.2320000072492645e-05
9.752000000,drone0/magnetometer/magnetometer/magnetometer,6.479999445292114e-06,2.268e-05,-4.2320000079243986e-05
9.900000000,drone0/magnetometer/magnetometer/magnetometer,6.479999399276397e-06,2.268e-05,-4.232000008581765e-05
10.052000000,drone0/magnetometer/magnetometer/magnetometer,6.4799993520170135e-06,2.268e-05,-4.232000009256899e-05
10.200000000,drone0/magnetometer/magnetometer/magnetometer,6.479999306001303e-06,2.268e-05,-4.232000009914267e-05
10.300000000,drone0/magnetometer/magnetometer/magnetometer,6.479999274909607e-06,2.2680000000000003e-05,-4.232000010358434e-05
10.452000000,drone0/magnetometer/magnetometer/magnetometer,6.479999227650232e-06,2.2680000000000003e-05,-4.232000011033568e-05
10.600000000,drone0/magnetometer/magnetometer/magnetometer,6.479999181634529e-06,2.2680000000000003e-05,-4.232000011690935e-05
10.752000000,drone0/magnetometer/magnetometer/magnetometer,6.4799991343751605e-06,2.2680000000000003e-05,-4.2320000123660686e-05
10.900000000,drone0/magnetometer/magnetometer/magnetometer,6.479999088359462e-06,2.2679999999999996e-05,-4.232000013023435e-05
11.052000000,drone0/magnetometer/magnetometer/magnetometer,6.479999041100099e-06,2.2679999999999996e-05,-4.232000013698569e-05
11.200000000,drone0/magnetometer/magnetometer/magnetometer,6.479998995084407e-06,2.2679999999999996e-05,-4.232000014355936e-05
11.300000000,drone0/magnetometer/magnetometer/magnetometer,6.479998963992726e-06,2.2679999999999996e-05,-4.2320000148001025e-05
11.452000000,drone0/magnetometer/magnetometer/magnetometer,6.479998916733372e-06,2.2679999999999996e-05,-4.2320000154752365e-05
11.600000000,drone0/magnetometer/magnetometer/magnetometer,6.479998870717687e-06,2.2679999999999996e-05,-4.2320000161326025e-05
11.752000000,drone0/magnetometer/magnetometer/magnetometer,6.479998823458339e-06,2.2679999999999996e-05,-4.232000016807736e-05
11.900000000,drone0/magnetometer/magnetometer/magnetometer,6.479998777442661e-06,2.2679999999999996e-05,-4.2320000174651026e-05
12.052000000,drone0/magnetometer/magnetometer/magnetometer,6.47999873018332e-06,2.268e-05,-4.232000018140236e-05
12.200000000,drone0/magnetometer/magnetometer/magnetometer,6.479998684167649e-06,2.268e-05,-4.2320000187976026e-05
12.300000000,drone0/magnetometer/magnetometer/magnetometer,6.47999865307598e-06,2.268e-05,-4.23200001924177e-05
12.452000000,drone0/magnetometer/magnetometer/magnetometer,6.479998605816645e-06,2.268e-05,-4.2320000199169025e-05
12.600000000,drone0/magnetometer/magnetometer/magnetometer,6.4799985598009825e-06,2.268e-05,-4.232000020574269e-05
12.752000000,drone0/magnetometer/magnetometer/magnetometer,6.479998512541655e-06,2.268e-05,-4.232000021249402e-05
12.900000000,drone0/magnetometer/magnetometer/magnetometer,6.479998466525997e-06,2.2679999999999996e-05,-4.232000021906768e-05
13.052000000,drone0/magnetometer/magnetometer/magnetometer,6.4799984192666766e-06,2.2679999999999996e-05,-4.232000022581901e-05
13.200000000,drone0/magnetometer/magnetometer/magnetometer,6.4799983732510256e-06,2.268e-05,-4.232000023239267e-05
13.300000000,drone0/magnetometer/magnetometer/magnetometer,6.479998342159372e-06,2.2679999999999996e-05,-4.2320000236834344e-05
13.452000000,drone0/magnetometer/magnetometer/magnetometer,6.479998294900061e-06,2.2679999999999996e-05,-4.232000024358568e-05
13.600000000,drone0/magnetometer/magnetometer/magnetometer,6.479998248884419e-06,2.2679999999999996e-05,-4.232000025015934e-05
13.752000000,drone0/magnetometer/magnetometer/magnetometer,6.479998201625113e-06,2.2679999999999996e-05,-4.2320000256910664e-05
13.900000000,drone0/magnetometer/magnetometer/magnetometer,6.4799981556094775e-06,2.2679999999999996e-05,-4.2320000263484324e-05
14.052000000,drone0/magnetometer/magnetometer/magnetometer,6.479998108350177e-06,2.2679999999999996e-05,-4.232000027023565e-05
14.200000000,drone0/magnetometer/magnetometer/magnetometer,6.479998062334548e-06,2.268e-05,-4.232000027680932e-05
14.300000000,drone0/magnetometer/magnetometer/magnetometer,6.479998031242908e-06,2.268e-05,-4.2320000281250976e-05
14.452000000,drone0/magnetometer/magnetometer/magnetometer,6.479997983983616e-06,2.2679999999999996e-05,-4.232000028800229e-05
14.600000000,drone0/magnetometer/magnetometer/magnetometer,6.479997937967994e-06,2.2679999999999996e-05,-4.232000029457595e-05
14.752000000,drone0/magnetometer/magnetometer/magnetometer,6.47999789070871e-06,2.268e-05,-4.232000030132727e-05
14.900000000,drone0/magnetometer/magnetometer/magnetometer,6.479997844693093e-06,2.268e-05,-4.2320000307900936e-05
15.052000000,drone0/magnetometer/magnetometer/magnetometer,6.479997797433815e-06,2.2680000000000003e-05,-4.232000031465225e-05
15.200000000,drone0/magnetometer/magnetometer/magnetometer,6.4799977514182045e-06,2.268000000000001e-05,-4.232000032122592e-05
15.300000000,drone0/magnetometer/magnetometer/magnetometer,6.479997720326578e-06,2.268000000000001e-05,-4.2320000325667575e-05
15.452000000,drone0/magnetometer/magnetometer/magnetometer,6.479997673067306e-06,2.268000000000001e-05,-4.2320000332418895e-05
15.600000000,drone0/magnetometer/magnetometer/magnetometer,6.479997627051701e-06,2.2680000000000003e-05,-4.232000033899255e-05
15.752000000,drone0/magnetometer/magnetometer/magnetometer,6.479997579792436e-06,2.2680000000000006e-05,-4.232000034574386e-05
15.900000000,drone0/magnetometer/magnetometer/magnetometer,6.479998275920191e-06,2.2680000000000003e-05,-4.2320000246297084e-05
16.052000000,drone0/magnetometer/magnetometer/magnetometer,6.47999878374738e-06,2.2680000000000003e-05,-4.232000017375035e-05
16.152000000,drone0/magnetometer/magnetometer/magnetometer,6.4799990263443835e-06,2.2680000000000003e-05,-4.2320000139093647e-05
16.300000000,drone0/magnetometer/magnetometer/magnetometer,6.479999290094778e-06,2.2680000000000006e-05,-4.2320000101415026e-05
16.452000000,drone0/magnetometer/magnetometer/magnetometer,6.4799994759732516e-06,2.2680000000000006e-05,-4.232000007486096e-05
16.600000000,drone0/magnetometer/magnetometer/magnetometer,6.479999600090107e-06,2.2680000000000006e-05,-4.232000005712999e-05
16.752000000,drone0/magnetometer/magnetometer/magnetometer,6.479999687561047e-06,2.2680000000000006e-05,-4.232000004463414e-05
16.852000000,drone0/magnetometer/magnetometer/magnetometer,6.479999729347493e-06,2.2680000000000006e-05,-4.232000003866464e-05
16.952000000,drone0/magnetometer/magnetometer/magnetometer,6.479999761849067e-06,2.2680000000000006e-05,-4.232000003402156e-05
17.100000000,drone0/magnetometer/magnetometer/magnetometer,6.479999797185836e-06,2.2680000000000006e-05,-4.232000002897345e-05
17.252000000,drone0/magnetometer/magnetometer/magnetometer,6.479999822088327e-06,2.2680000000000006e-05,-4.232000002541595e-05
17.352000000,drone0/magnetometer/magnetometer/magnetometer,6.47999983398462e-06,2.2680000000000006e-05,-4.2320000023716483e-05
17.452000000,drone0/magnetometer/magnetometer/magnetometer,6.479999843238255e-06,2.2680000000000006e-05,-4.2320000022394536e-05
17.600000000,drone0/magnetometer/magnetometer/magnetometer,6.479999853298049e-06,2.2680000000000006e-05,-4.2320000020957426e-05
17.752000000,drone0/magnetometer/magnetometer/magnetometer,6.479999860388684e-06,2.2680000000000006e-05,-4.232000001994447e-05
17.852000000,drone0/magnetometer/magnetometer/magnetometer,6.479999863775472e-06,2.2680000000000006e-05,-4.2320000019460644e-05
17.952000000,drone0/magnetometer/magnetometer/magnetometer,6.479999866409651e-06,2.2680000000000006e-05,-4.232000001908433e-05
18.100000000,drone0/magnetometer/magnetometer/magnetometer,6.479999869274564e-06,2.2680000000000006e-05,-4.232000001867506e-05
18.252000000,drone0/magnetometer/magnetometer/magnetometer,6.479999871292818e-06,2.2680000000000006e-05,-4.232000001838674e-05
18.352000000,drone0/magnetometer/magnetometer/magnetometer,6.479999872256388e-06,2.2680000000000006e-05,-4.232000001824909e-05
18.452000000,drone0/magnetometer/magnetometer/magnetometer,6.47999987300661e-06,2.2680000000000006e-05,-4.2320000018141916e-05
18.600000000,drone0/magnetometer/magnetometer/magnetometer,6.479999873821762e-06,2.2680000000000006e-05,-4.232000001802546e-05
18.752000000,drone0/magnetometer/magnetometer/magnetometer,6.479999874396571e-06,2.2680000000000006e-05,-4.2320000017943344e-05
18.852000000,drone0/magnetometer/magnetometer/magnetometer,6.4799998746717394e-06,2.2680000000000006e-05,-4.232000001790404e-05
18.952000000,drone0/magnetometer/magnetometer/magnetometer,6.4799998748851375e-06,2.2680000000000006e-05,-4.232000001787355e-05
19.100000000,drone0/magnetometer/magnetometer/magnetometer,6.4799998751171416e-06,2.2680000000000006e-05,-4.232000001784041e-05
19.252000000,drone0/magnetometer/magnetometer/magnetometer,6.479999875281103e-06,2.2680000000000006e-05,-4.232000001781698e-05
19.352000000,drone0/magnetometer/magnetometer/magnetometer,6.479999875359181e-06,2.2680000000000006e-05,-4.2320000017805827e-05
19.500000000,drone0/magnetometer/magnetometer/magnetometer,6.479999875444076e-06,2.2680000000000006e-05,-4.2320000017793704e-05
19.600000000,drone0/magnetometer/magnetometer/magnetometer,6.479999875485579e-06,2.2680000000000006e-05,-4.2320000017787775e-05
19.752000000,drone0/magnetometer/magnetometer/magnetometer,6.479999875531693e-06,2.2680000000000006e-05,-4.232000001778119e-05
19.852000000,drone0/magnetometer/magnetometer/magnetometer,6.479999875554502e-06,2.2680000000000006e-05,-4.232000001777793e-05
19.952000000,drone0/magnetometer/magnetometer/magnetometer,6.4799998755704024e-06,2.2680000000000006e-05,-4.232000001777566e-05
20.100000000,drone0/magnetometer/magnetometer/magnetometer,6.479999875591497e-06,2.2680000000000006e-05,-4.232000001777264e-05
20.252000000,drone0/magnetometer/magnetometer/magnetometer,6.479999875600225e-06,2.2680000000000006e-05,-4.2320000017771396e-05
20.352000000,drone0/magnetometer/magnetometer/magnetometer,6.479999875605966e-06,2.2680000000000006e-05,-4.2320000017770576e-05
20.452000000,drone0/magnetometer/magnetometer/magnetometer,6.479999875611707e-06,2.2680000000000006e-05,-4.2320000017769757e-05
20.600000000,drone0/magnetometer/magnetometer/magnetometer,6.479999875620205e-06,2.2680000000000006e-05,-4.2320000017768544e-05
21.052000000,drone0/magnetometer/magnetometer/magnetometer,6.479999875630306e-06,2.2680000000000006e-05,-4.23200000177671e-05
21.152000000,drone0/magnetometer/magnetometer/magnetometer,6.479999875630359e-06,2.2680000000000006e-05,-4.2320000017767093e-05
21.300000000,drone0/magnetometer/magnetometer/magnetometer,6.4799998756303216e-06,2.2680000000000006e-05,-4.2320000017767093e-05
21.452000000,drone0/magnetometer/magnetometer/magnetometer,6.479999875630515e-06,2.2680000000000006e-05,-4.2320000017767066e-05
21.600000000,drone0/magnetometer/magnetometer/magnetometer,6.479999875630477e-06,2.2680000000000006e-05,-4.232000001776707e-05
21.752000000,drone0/magnetometer/magnetometer/magnetometer,6.4799998756306705e-06,2.2680000000000006e-05,-4.2320000017767046e-05
21.852000000,drone0/magnetometer/magnetometer/magnetometer,6.4799998756303165e-06,2.2680000000000006e-05,-4.2320000017767093e-05
21.952000000,drone0/magnetometer/magnetometer/magnetometer,6.479999875630367e-06,2.2680000000000006e-05,-4.2320000017767093e-05
22.100000000,drone0/magnetometer/magnetometer/magnetometer,6.479999875630332e-06,2.2680000000000006e-05,-4.2320000017767093e-05
22.252000000,drone0/magnetometer/magnetometer/magnetometer,6.479999875630525e-06,2.2680000000000006e-05,-4.2320000017767066e-05
22.352000000,drone0/magnetometer/magnetometer/magnetometer,6.479999875630577e-06,2.2680000000000006e-05,-4.232000001776706e-05
22.452000000,drone0/magnetometer/magnetometer/magnetometer,6.479999875630628e-06,2.2680000000000006e-05,-4.232000001776705e-05
22.600000000,drone0/magnetometer/magnetometer/magnetometer,6.479999875630593e-06,2.2680000000000006e-05,-4.232000001776705e-05
22.752000000,drone0/magnetometer/magnetometer/magnetometer,6.479999875630379e-06,2.2680000000000006e-05,-4.232000001776709e-05
22.852000000,drone0/magnetometer/magnetometer/magnetometer,6.479999875630432e-06,2.2680000000000006e-05,-4.232000001776708e-05
22.952000000,drone0/magnetometer/magnetometer/magnetometer,6.4799998756304825e-06,2.2680000000000006e-05,-4.232000001776707e-05
23.100000000,drone0/magnetometer/magnetometer/magnetometer,6.479999875630447e-06,2.2680000000000006e-05,-4.232000001776708e-05
23.252000000,drone0/magnetometer/magnetometer/magnetometer,6.479999875630638e-06,2.2680000000000006e-05,-4.232000001776705e-05
23.352000000,drone0/magnetometer/magnetometer/magnetometer,6.479999875630691e-06,2.2680000000000006e-05,-4.232000001776704e-05
23.452000000,drone0/magnetometer/magnetometer/magnetometer,6.479999875630337e-06,2.2680000000000006e-05,-4.2320000017767093e-05
23.600000000,drone0/magnetometer/magnetometer/magnetometer,6.4799998756302995e-06,2.2680000000000006e-05,-4.23200000177671e-05
23.752000000,drone0/magnetometer/magnetometer/magnetometer,6.479999875630493e-06,2.2680000000000006e-05,-4.232000001776707e-05
23.852000000,drone0/magnetometer/magnetometer/magnetometer,6.479999875630545e-06,2.2680000000000006e-05,-4.2320000017767066e-05
23.952000000,drone0/magnetometer/magnetometer/magnetometer,6.479999875630598e-06,2.2680000000000006e-05,-4.232000001776705e-05
24.100000000,drone0/magnetometer/magnetometer/magnetometer,6.47999987563056e-06,2.2680000000000006e-05,-4.2320000017767066e-05
24.252000000,drone0/magnetometer/magnetometer/magnetometer,6.479999875630347e-06,2.2680000000000006e-05,-4.2320000017767093e-05
24.352000000,drone0/magnetometer/magnetometer/magnetometer,6.4799998756303995e-06,2.2680000000000006e-05,-4.232000001776709e-05
24.452000000,drone0/magnetometer/magnetometer/magnetometer,6.479999875630452e-06,2.2680000000000006e-05,-4.232000001776708e-05
24.600000000,drone0/magnetometer/magnetometer/magnetometer,6.479999875630415e-06,2.2680000000000006e-05,-4.232000001776708e-05
24.752000000,drone0/magnetometer/magnetometer/magnetometer,6.479999875630608e-06,2.2680000000000006e-05,-4.232000001776705e-05
24.852000000,drone0/magnetometer/magnetometer/magnetometer,6.47999987563066e-06,2.2680000000000006e-05,-4.2320000017767046e-05
24.952000000,drone0/magnetometer/magnetometer/magnetometer,6.479999875630305e-06,2.2680000000000006e-05,-4.23200000177671e-05
25.100000000,drone0/magnetometer/magnetometer/magnetometer,6.479999875630676e-06,2.2680000000000006e-05,-4.2320000017767046e-05
25.252000000,drone0/magnetometer/magnetometer/magnetometer,6.479999875630462e-06,2.2680000000000006e-05,-4.232000001776708e-05
25.352000000,drone0/magnetometer/magnetometer/magnetometer,6.479999875630513e-06,2.2680000000000006e-05,-4.2320000017767066e-05
25.452000000,drone0/magnetometer/magnetometer/magnetometer,6.4799998756305655e-06,2.2680000000000006e-05,-4.232000001776706e-05
25.600000000,drone0/magnetometer/magnetometer/magnetometer,6.479999875630528e-06,2.2680000000000006e-05,-4.2320000017767066e-05
25.752000000,drone0/magnetometer/magnetometer/magnetometer,6.479999875630315e-06,2.2680000000000006e-05,-4.2320000017767093e-05
25.852000000,drone0/magnetometer/magnetometer/magnetometer,6.479999875630367e-06,2.2680000000000006e-05,-4.2320000017767093e-05
25.952000000,drone0/magnetometer/magnetometer/magnetometer,6.47999987563042e-06,2.2680000000000006e-05,-4.232000001776708e-05
26.100000000,drone0/magnetometer/magnetometer/magnetometer,6.4799998756303825e-06,2.2680000000000006e-05,-4.232000001776709e-05
26.252000000,drone0/magnetometer/magnetometer/magnetometer,6.479999875630576e-06,2.2680000000000006e-05,-4.232000001776706e-05
26.352000000,drone0/magnetometer/magnetometer/magnetometer,6.479999875630628e-06,2.2680000000000006e-05,-4.232000001776705e-05
26.452000000,drone0/magnetometer/magnetometer/magnetometer,6.479999875630681e-06,2.2680000000000006e-05,-4.2320000017767046e-05
26.600000000,drone0/magnetometer/magnetometer/magnetometer,6.4799998756306434e-06,2.2680000000000006e-05,-4.232000001776705e-05
26.752000000,drone0/magnetometer/magnetometer/magnetometer,6.47999987563043e-06,2.2680000000000006e-05,-4.232000001776708e-05
26.852000000,drone0/magnetometer/magnetometer/magnetometer,6.4799998756304825e-06,2.2680000000000006e-05,-4.232000001776707e-05
26.952000000,drone0/magnetometer/magnetometer/magnetometer,6.479999875630535e-06,2.2680000000000006e-05,-4.2320000017767066e-05
27.100000000,drone0/magnetometer/magnetometer/magnetometer,6.479999875630498e-06,2.2680000000000006e-05,-4.2320000017767066e-05
27.252000000,drone0/magnetometer/magnetometer/magnetometer,6.479999875630691e-06,2.2680000000000006e-05,-4.232000001776704e-05
27.352000000,drone0/magnetometer/magnetometer/magnetometer,6.479999875630337e-06,2.2680000000000006e-05,-4.2320000017767093e-05
27.452000000,drone0/magnetometer/magnetometer/magnetometer,6.479999875630388e-06,2.2680000000000006e-05,-4.232000001776709e-05
27.600000000,drone0/magnetometer/magnetometer/magnetometer,6.479999875630352e-06,2.2680000000000006e-05,-4.2320000017767093e-05
27.752000000,drone0/magnetometer/magnetometer/magnetometer,6.479999875630545e-06,2.2680000000000006e-05,-4.2320000017767066e-05
27.852000000,drone0/magnetometer/magnetometer/magnetometer,6.479999875630596e-06,2.2680000000000006e-05,-4.232000001776705e-05
27.952000000,drone0/magnetometer/magnetometer/magnetometer,6.4799998756306485e-06,2.2680000000000006e-05,-4.232000001776705e-05
28.100000000,drone0/magnetometer/magnetometer/magnetometer,6.479999875630611e-06,2.2680000000000006e-05,-4.232000001776705e-05
28.252000000,drone0/magnetometer/magnetometer/magnetometer,6.479999875630398e-06,2.2680000000000006e-05,-4.232000001776709e-05
28.352000000,drone0/magnetometer/magnetometer/magnetometer,6.47999987563045e-06,2.2680000000000006e-05,-4.232000001776708e-05
28.452000000,drone0/magnetometer/magnetometer/magnetometer,6.479999875630503e-06,2.2680000000000006e-05,-4.2320000017767066e-05
28.600000000,drone0/magnetometer/magnetometer/magnetometer,6.4799998756304655e-06,2.2680000000000006e-05,-4.232000001776708e-05
28.752000000,drone0/magnetometer/magnetometer/magnetometer,6.479999875630659e-06,2.2680000000000006e-05,-4.2320000017767046e-05
28.852000000,drone0/magnetometer/magnetometer/magnetometer,6.479999875630305e-06,2.2680000000000006e-05,-4.23200000177671e-05
28.952000000,drone0/magnetometer/magnetometer/magnetometer,6.479999875630357e-06,2.2680000000000006e-05,-4.2320000017767093e-05
29.100000000,drone0/magnetometer/magnetometer/magnetometer,6.47999987563032e-06,2.2680000000000006e-05,-4.2320000017767093e-05
29.252000000,drone0/magnetometer/magnetometer/magnetometer,6.479999875630513e-06,2.2680000000000006e-05,-4.2320000017767066e-05
29.352000000,drone0/magnetometer/magnetometer/magnetometer,6.4799998756305655e-06,2.2680000000000006e-05,-4.232000001776706e-05
29.452000000,drone0/magnetometer/magnetometer/magnetometer,6.479999875630616e-06,2.2680000000000006e-05,-4.232000001776705e-05
29.600000000,drone0/magnetometer/magnetometer/magnetometer,6.479999875630581e-06,2.2680000000000006e-05,-4.232000001776706e-05
29.752000000,drone0/magnetometer/magnetometer/magnetometer,6.479999875630367e-06,2.2680000000000006e-05,-4.2320000017767093e-05
29.852000000,drone0/magnetometer/magnetometer/magnetometer,6.47999987563042e-06,2.2680000000000006e-05,-4.232000001776708e-05
29.952000000,drone0/magnetometer/magnetometer/magnetometer,6.479999875630471e-06,2.2680000000000006e-05,-4.232000001776707e-05
30.100000000,drone0/magnetometer/magnetometer/magnetometer,6.479999875630435e-06,2.2680000000000006e-05,-4.232000001776708e-05
30.252000000,drone0/magnetometer/magnetometer/magnetometer,6.4799998756306265e-06,2.2680000000000006e-05,-4.232000001776705e-05
30.352000000,drone0/magnetometer/magnetometer/magnetometer,6.479999875630679e-06,2.2680000000000006e-05,-4.2320000017767046e-05
30.452000000,drone0/magnetometer/magnetometer/magnetometer,6.479999875630325e-06,2.2680000000000006e-05,-4.2320000017767093e-05
30.600000000,drone0/magnetometer/magnetometer/magnetometer,6.479999875630694e-06,2.2680000000000006e-05,-4.232000001776704e-05
30.752000000,drone0/magnetometer/magnetometer/magnetometer,6.479999875630481e-06,2.2680000000000006e-05,-4.232000001776707e-05
30.852000000,drone0/magnetometer/magnetometer/magnetometer,6.479999875630533e-06,2.2680000000000006e-05,-4.2320000017767066e-05
30.952000000,drone0/magnetometer/magnetometer/magnetometer,6.479999875630586e-06,2.2680000000000006e-05,-4.232000001776706e-05
31.100000000,drone0/magnetometer/magnetometer/magnetometer,6.4799998756305486e-06,2.2680000000000006e-05,-4.2320000017767066e-05
31.252000000,drone0/magnetometer/magnetometer/magnetometer,6.479999875630335e-06,2.2680000000000006e-05,-4.2320000017767093e-05
31.352000000,drone0/magnetometer/magnetometer/magnetometer,6.479999875630388e-06,2.2680000000000006e-05,-4.232000001776709e-05
31.452000000,drone0/magnetometer/magnetometer/magnetometer,6.4799998756304384e-06,2.2680000000000006e-05,-4.232000001776708e-05
31.600000000,drone0/magnetometer/magnetometer/magnetometer,6.479999875630403e-06,2.2680000000000006e-05,-4.232000001776708e-05
31.752000000,drone0/magnetometer/magnetometer/magnetometer,6.479999875630596e-06,2.2680000000000006e-05,-4.232000001776705e-05
31.852000000,drone0/magnetometer/magnetometer/magnetometer,6.479999875630647e-06,2.2680000000000006e-05,-4.232000001776705e-05
31.952000000,drone0/magnetometer/magnetometer/magnetometer,6.479999875630293e-06,2.2680000000000006e-05,-4.23200000177671e-05
32.100000000,drone0/magnetometer/magnetometer/magnetometer,6.479999875630664e-06,2.2680000000000006e-05,-4.2320000017767046e-05
32.200000000,drone0/magnetometer/magnetometer/magnetometer,6.47999987563031e-06,2.2680000000000006e-05,-4.2320000017767093e-05
32.352000000,drone0/magnetometer/magnetometer/magnetometer,6.479999875630503e-06,2.2680000000000006e-05,-4.2320000017767066e-05
32.452000000,drone0/magnetometer/magnetometer/magnetometer,6.479999875630554e-06,2.2680000000000006e-05,-4.2320000017767066e-05
32.552000000,drone0/magnetometer/magnetometer/magnetometer,6.479999875630606e-06,2.2680000000000006e-05,-4.232000001776705e-05
32.652000000,drone0/magnetometer/magnetometer/magnetometer,6.479999875630659e-06,2.2680000000000006e-05,-4.2320000017767046e-05
32.752000000,drone0/magnetometer/magnetometer/magnetometer,6.479999875630305e-06,2.2680000000000006e-05,-4.23200000177671e-05
32.900000000,drone0/magnetometer/magnetometer/magnetometer,6.479999875630674e-06,2.2680000000000006e-05,-4.2320000017767046e-05
33.000000000,drone0/magnetometer/magnetometer/magnetometer,6.47999987563032e-06,2.2680000000000006e-05,-4.2320000017767093e-05
33.100000000,drone0/magnetometer/magnetometer/magnetometer,6.479999875630372e-06,2.2680000000000006e-05,-4.232000001776709e-05
33.200000000,drone0/magnetometer/magnetometer/magnetometer,6.479999875630423e-06,2.2680000000000006e-05,-4.232000001776708e-05
33.352000000,drone0/magnetometer/magnetometer/magnetometer,6.479999875630616e-06,2.2680000000000006e-05,-4.232000001776705e-05
33.452000000,drone0/magnetometer/magnetometer/magnetometer,6.479999875630669e-06,2.2680000000000006e-05,-4.2320000017767046e-05
33.552000000,drone0/magnetometer/magnetometer/magnetometer,6.479999875630315e-06,2.2680000000000006e-05,-4.2320000017767093e-05
33.652000000,drone0/magnetometer/magnetometer/magnetometer,6.479999875630367e-06,2.2680000000000006e-05,-4.2320000017767093e-05
33.752000000,drone0/magnetometer/magnetometer/magnetometer,6.47999987563042e-06,2.2680000000000006e-05,-4.232000001776708e-05
34.100000000,drone0/magnetometer/magnetometer/magnetometer,6.479999875630486e-06,2.2680000000000006e-05,-4.232000001776707e-05
34.200000000,drone0/magnetometer/magnetometer/magnetometer,6.479999875630538e-06,2.2680000000000006e-05,-4.2320000017767066e-05
34.352000000,drone0/magnetometer/magnetometer/magnetometer,6.479999875630325e-06,2.2680000000000006e-05,-4.2320000017767093e-05
34.452000000,drone0/magnetometer/magnetometer/magnetometer,6.4799998756303775e-06,2.2680000000000006e-05,-4.232000001776709e-05
34.552000000,drone0/magnetometer/magnetometer/magnetometer,6.47999987563043e-06,2.2680000000000006e-05,-4.232000001776708e-05
34.652000000,drone0/magnetometer/magnetometer/magnetometer,6.4799998756304825e-06,2.2680000000000006e-05,-4.232000001776707e-05
34.752000000,drone0/magnetometer/magnetometer/magnetometer,6.479999875630533e-06,2.2680000000000006e-05,-4.2320000017767066e-05
34.900000000,drone0/magnetometer/magnetometer/magnetometer,6.479999875630498e-06,2.2680000000000006e-05,-4.2320000017767066e-05
35.000000000,drone0/magnetometer/magnetometer/magnetometer,6.47999987563055e-06,2.2680000000000006e-05,-4.2320000017767066e-05
35.100000000,drone0/magnetometer/magnetometer/magnetometer,6.479999875630603e-06,2.2680000000000006e-05,-4.232000001776705e-05
35.200000000,drone0/magnetometer/magnetometer/magnetometer,6.479999875630654e-06,2.2680000000000006e-05,-4.2320000017767046e-05
35.352000000,drone0/magnetometer/magnetometer/magnetometer,6.47999987563044e-06,2.2680000000000006e-05,-4.232000001776708e-05
35.452000000,drone0/magnetometer/magnetometer/magnetometer,6.479999875630493e-06,2.2680000000000006e-05,-4.232000001776707e-05
35.552000000,drone0/magnetometer/magnetometer/magnetometer,6.479999875630545e-06,2.2680000000000006e-05,-4.2320000017767066e-05
35.652000000,drone0/magnetometer/magnetometer/magnetometer,6.479999875630598e-06,2.2680000000000006e-05,-4.232000001776705e-05
35.752000000,drone0/magnetometer/magnetometer/magnetometer,6.4799998756306485e-06,2.2680000000000006e-05,-4.232000001776705e-05
35.900000000,drone0/magnetometer/magnetometer/magnetometer,6.479999875630613e-06,2.2680000000000006e-05,-4.232000001776705e-05
36.000000000,drone0/magnetometer/magnetometer/magnetometer,6.479999875630664e-06,2.2680000000000006e-05,-4.2320000017767046e-05
36.100000000,drone0/magnetometer/magnetometer/magnetometer,6.47999987563031e-06,2.2680000000000006e-05,-4.2320000017767093e-05
36.200000000,drone0/magnetometer/magnetometer/magnetometer,6.479999875630362e-06,2.2680000000000006e-05,-4.2320000017767093e-05
36.352000000,drone0/magnetometer/magnetometer/magnetometer,6.479999875630555e-06,2.2680000000000006e-05,-4.232000001776706e-05
36.452000000,drone0/magnetometer/magnetometer/magnetometer,6.479999875630608e-06,2.2680000000000006e-05,-4.232000001776705e-05
36.552000000,drone0/magnetometer/magnetometer/magnetometer,6.47999987563066e-06,2.2680000000000013e-05,-4.2320000017767046e-05
36.652000000,drone0/magnetometer/magnetometer/magnetometer,6.479999875630306e-06,2.2680000000000013e-05,-4.23200000177671e-05
36.752000000,drone0/magnetometer/magnetometer/magnetometer,6.479999875630357e-06,2.2680000000000013e-05,-4.2320000017767093e-05
36.900000000,drone0/magnetometer/magnetometer/magnetometer,6.4799998756303216e-06,2.2680000000000013e-05,-4.2320000017767093e-05
37.000000000,drone0/magnetometer/magnetometer/magnetometer,6.479999875630372e-06,2.2680000000000013e-05,-4.232000001776709e-05
37.100000000,drone0/magnetometer/magnetometer/magnetometer,6.479999875630425e-06,2.2680000000000013e-05,-4.232000001776708e-05
37.200000000,drone0/magnetometer/magnetometer/magnetometer,6.479999875630477e-06,2.2680000000000013e-05,-4.232000001776707e-05
37.352000000,drone0/magnetometer/magnetometer/magnetometer,6.4799998756306705e-06,2.2680000000000013e-05,-4.2320000017767046e-05
37.452000000,drone0/magnetometer/magnetometer/magnetometer,6.4799998756303165e-06,2.2680000000000013e-05,-4.2320000017767093e-05
37.552000000,drone0/magnetometer/magnetometer/magnetometer,6.479999875630369e-06,2.2680000000000013e-05,-4.232000001776709e-05
37.652000000,drone0/magnetometer/magnetometer/magnetometer,6.47999987563042e-06,2.2680000000000013e-05,-4.232000001776708e-05
37.752000000,drone0/magnetometer/magnetometer/magnetometer,6.479999875630472e-06,2.2680000000000013e-05,-4.232000001776707e-05
37.900000000,drone0/magnetometer/magnetometer/magnetometer,6.479999875630437e-06,2.2680000000000013e-05,-4.232000001776708e-05
38.000000000,drone0/magnetometer/magnetometer/magnetometer,6.4799998756304876e-06,2.2680000000000013e-05,-4.232000001776707e-05
38.100000000,drone0/magnetometer/magnetometer/magnetometer,6.47999987563054e-06,2.2680000000000013e-05,-4.2320000017767066e-05
38.200000000,drone0/magnetometer/magnetometer/magnetometer,6.479999875630593e-06,2.2680000000000013e-05,-4.232000001776705e-05
38.352000000,drone0/magnetometer/magnetometer/magnetometer,6.479999875630379e-06,2.2680000000000013e-05,-4.232000001776709e-05
38.452000000,drone0/magnetometer/magnetometer/magnetometer,6.479999875630432e-06,2.2680000000000013e-05,-4.232000001776708e-05
38.552000000,drone0/magnetometer/magnetometer/magnetometer,6.4799998756304825e-06,2.2680000000000013e-05,-4.232000001776707e-05
38.652000000,drone0/magnetometer/magnetometer/magnetometer,6.479999875630535e-06,2.2680000000000013e-05,-4.2320000017767066e-05
38.752000000,drone0/magnetometer/magnetometer/magnetometer,6.4799998756305875e-06,2.2680000000000013e-05,-4.232000001776706e-05
38.900000000,drone0/magnetometer/magnetometer/magnetometer,6.47999987563055e-06,2.2680000000000013e-05,-4.2320000017767066e-05
39.000000000,drone0/magnetometer/magnetometer/magnetometer,6.479999875630603e-06,2.2680000000000013e-05,-4.232000001776705e-05
39.100000000,drone0/magnetometer/magnetometer/magnetometer,6.479999875630655e-06,2.2680000000000013e-05,-4.2320000017767046e-05
39.200000000,drone0/magnetometer/magnetometer/magnetometer,6.479999875630301e-06,2.2680000000000013e-05,-4.23200000177671e-05
39.352000000,drone0/magnetometer/magnetometer/magnetometer,6.479999875630493e-06,2.2680000000000013e-05,-4.232000001776707e-05
39.452000000,drone0/magnetometer/magnetometer/magnetometer,6.479999875630545e-06,2.2680000000000013e-05,-4.2320000017767066e-05
39.552000000,drone0/magnetometer/magnetometer/magnetometer,6.479999875630598e-06,2.2680000000000013e-05,-4.232000001776705e-05
39.652000000,drone0/magnetometer/magnetometer/magnetometer,6.47999987563065e-06,2.2680000000000013e-05,-4.2320000017767046e-05
39.752000000,drone0/magnetometer/magnetometer/magnetometer,6.479999875630296e-06,2.2680000000000013e-05,-4.23200000177671e-05
39.900000000,drone0/magnetometer/magnetometer/magnetometer,6.4799998756306654e-06,2.2680000000000013e-05,-4.2320000017767046e-05
40.000000000,drone0/magnetometer/magnetometer/magnetometer,6.479999875630311e-06,2.2680000000000013e-05,-4.2320000017767093e-05
40.100000000,drone0/magnetometer/magnetometer/magnetometer,6.479999875630364e-06,2.2680000000000013e-05,-4.232000001776709e-05
40.200000000,drone0/magnetometer/magnetometer/magnetometer,6.479999875630415e-06,2.2680000000000013e-05,-4.232000001776708e-05
40.352000000,drone0/magnetometer/magnetometer/magnetometer,6.479999875630608e-06,2.2680000000000013e-05,-4.232000001776705e-05
40.452000000,drone0/magnetometer/magnetometer/magnetometer,6.47999987563066e-06,2.2680000000000013e-05,-4.2320000017767046e-05
40.552000000,drone0/magnetometer/magnetometer/magnetometer,6.479999875630306e-06,2.2680000000000013e-05,-4.23200000177671e-05
40.652000000,drone0/magnetometer/magnetometer/magnetometer,6.479999875630357e-06,2.2680000000000013e-05,-4.2320000017767093e-05
40.752000000,drone0/magnetometer/magnetometer/magnetometer,6.47999987563041e-06,2.2680000000000013e-05,-4.232000001776708e-05
40.900000000,drone0/magnetometer/magnetometer/magnetometer,6.479999875630374e-06,2.2680000000000013e-05,-4.232000001776709e-05
41.000000000,drone0/magnetometer/magnetometer/magnetometer,6.479999875630425e-06,2.2680000000000013e-05,-4.232000001776708e-05
41.100000000,drone0/magnetometer/magnetometer/magnetometer,6.479999875630477e-06,2.2680000000000013e-05,-4.232000001776707e-05
41.200000000,drone0/magnetometer/magnetometer/magnetometer,6.47999987563053e-06,2.2680000000000013e-05,-4.2320000017767066e-05
41.352000000,drone0/magnetometer/magnetometer/magnetometer,6.4799998756303165e-06,2.2680000000000013e-05,-4.2320000017767093e-05
41.452000000,drone0/magnetometer/magnetometer/magnetometer,6.479999875630369e-06,2.2680000000000013e-05,-4.232000001776709e-05
41.552000000,drone0/magnetometer/magnetometer/magnetometer,6.47999987563042e-06,2.2680000000000013e-05,-4.232000001776708e-05
41.652000000,drone0/magnetometer/magnetometer/magnetometer,6.479999875630472e-06,2.2680000000000013e-05,-4.232000001776707e-05
41.752000000,drone0/magnetometer/magnetometer/magnetometer,6.479999875630525e-06,2.2680000000000013e-05,-4.2320000017767066e-05
41.900000000,drone0/magnetometer/magnetometer/magnetometer,6.4799998756304876e-06,2.2680000000000013e-05,-4.232000001776707e-05
42.000000000,drone0/magnetometer/magnetometer/magnetometer,6.47999987563054e-06,2.2680000000000013e-05,-4.2320000017767066e-05
42.100000000,drone0/magnetometer/magnetometer/magnetometer,6.479999875630593e-06,2.2680000000000013e-05,-4.232000001776705e-05
42.200000000,drone0/magnetometer/magnetometer/magnetometer,6.4799998756306434e-06,2.2680000000000013e-05,-4.232000001776705e-05
42.352000000,drone0/magnetometer/magnetometer/magnetometer,6.479999875630432e-06,2.2680000000000013e-05,-4.232000001776708e-05
42.452000000,drone0/magnetometer/magnetometer/magnetometer,6.4799998756304825e-06,2.2680000000000013e-05,-4.232000001776707e-05
42.552000000,drone0/magnetometer/magnetometer/magnetometer,6.479999875630535e-06,2.2680000000000013e-05,-4.2320000017767066e-05
42.652000000,drone0/magnetometer/magnetometer/magnetometer,6.4799998756305875e-06,2.2680000000000013e-05,-4.232000001776706e-05
42.752000000,drone0/magnetometer/magnetometer/magnetometer,6.47999987563064e-06,2.2680000000000013e-05,-4.232000001776705e-05
42.900000000,drone0/magnetometer/magnetometer/magnetometer,6.479999875630603e-06,2.2680000000000013e-05,-4.232000001776705e-05
43.000000000,drone0/magnetometer/magnetometer/magnetometer,6.479999875630655e-06,2.2680000000000013e-05,-4.2320000017767046e-05
43.100000000,drone0/magnetometer/magnetometer/magnetometer,6.479999875630301e-06,2.2680000000000013e-05,-4.23200000177671e-05
43.200000000,drone0/magnetometer/magnetometer/magnetometer,6.479999875630352e-06,2.2680000000000013e-05,-4.2320000017767093e-05
43.352000000,drone0/magnetometer/magnetometer/magnetometer,6.479999875630545e-06,2.2680000000000013e-05,-4.2320000017767066e-05
43.452000000,drone0/magnetometer/magnetometer/magnetometer,6.479999875630598e-06,2.2680000000000013e-05,-4.232000001776705e-05
43.552000000,drone0/magnetometer/magnetometer/magnetometer,6.47999987563065e-06,2.2680000000000013e-05,-4.2320000017767046e-05
43.652000000,drone0/magnetometer/magnetometer/magnetometer,6.479999875630296e-06,2.2680000000000013e-05,-4.23200000177671e-05
43.752000000,drone0/magnetometer/magnetometer/magnetometer,6.479999875630347e-06,2.2680000000000013e-05,-4.2320000017767093e-05
43.900000000,drone0/magnetometer/magnetometer/magnetometer,6.479999875630311e-06,2.2680000000000013e-05,-4.2320000017767093e-05
44.000000000,drone0/magnetometer/magnetometer/magnetometer,6.479999875630364e-06,2.2680000000000013e-05,-4.232000001776709e-05
44.100000000,drone0/magnetometer/magnetometer/magnetometer,6.479999875630415e-06,2.2680000000000013e-05,-4.232000001776708e-05
44.200000000,drone0/magnetometer/magnetometer/magnetometer,6.479999875630467e-06,2.2680000000000013e-05,-4.232000001776707e-05
44.352000000,drone0/magnetometer/magnetometer/magnetometer,6.47999987563066e-06,2.2680000000000013e-05,-4.2320000017767046e-05
44.452000000,drone0/magnetometer/magnetometer/magnetometer,6.479999875630306e-06,2.2680000000000013e-05,-4.23200000177671e-05
44.552000000,drone0/magnetometer/magnetometer/magnetometer,6.479999875630359e-06,2.2680000000000013e-05,-4.2320000017767093e-05
44.652000000,drone0/magnetometer/magnetometer/magnetometer,6.479999875630411e-06,2.2680000000000013e-05,-4.232000001776708e-05
44.752000000,drone0/magnetometer/magnetometer/magnetometer,6.479999875630462e-06,2.2680000000000013e-05,-4.232000001776707e-05
44.900000000,drone0/magnetometer/magnetometer/magnetometer,6.479999875630427e-06,2.2680000000000013e-05,-4.232000001776708e-05
45.000000000,drone0/magnetometer/magnetometer/magnetometer,6.479999875630479e-06,2.2680000000000013e-05,-4.232000001776707e-05
45.100000000,drone0/magnetometer/magnetometer/magnetometer,6.47999987563053e-06,2.2680000000000013e-05,-4.2320000017767066e-05
45.200000000,drone0/magnetometer/magnetometer/magnetometer,6.4799998756305824e-06,2.2680000000000013e-05,-4.232000001776706e-05
45.352000000,drone0/magnetometer/magnetometer/magnetometer,6.479999875630369e-06,2.2680000000000013e-05,-4.232000001776709e-05
45.452000000,drone0/magnetometer/magnetometer/magnetometer,6.479999875630423e-06,2.2680000000000013e-05,-4.232000001776708e-05
45.552000000,drone0/magnetometer/magnetometer/magnetometer,6.479999875630476e-06,2.2680000000000013e-05,-4.232000001776707e-05
45.652000000,drone0/magnetometer/magnetometer/magnetometer,6.4799998756305265e-06,2.2680000000000013e-05,-4.2320000017767066e-05
45.752000000,drone0/magnetometer/magnetometer/magnetometer,6.479999875630579e-06,2.2680000000000013e-05,-4.232000001776706e-05
45.900000000,drone0/magnetometer/magnetometer/magnetometer,6.4799998756305435e-06,2.2680000000000013e-05,-4.2320000017767066e-05
46.000000000,drone0/magnetometer/magnetometer/magnetometer,6.479999875630594e-06,2.2680000000000013e-05,-4.232000001776705e-05
46.100000000,drone0/magnetometer/magnetometer/magnetometer,6.479999875630647e-06,2.2680000000000013e-05,-4.2320000017767046e-05
46.500000000,drone0/magnetometer/magnetometer/magnetometer,6.47999987563045e-06,2.2680000000000013e-05,-4.232000001776708e-05
46.600000000,drone0/magnetometer/magnetometer/magnetometer,6.479999875630501e-06,2.2680000000000013e-05,-4.2320000017767066e-05
46.700000000,drone0/magnetometer/magnetometer/magnetometer,6.479999875630554e-06,2.2680000000000013e-05,-4.232000001776706e-05
46.852000000,drone0/magnetometer/magnetometer/magnetometer,6.47999987563034e-06,2.2680000000000013e-05,-4.2320000017767093e-05
46.952000000,drone0/magnetometer/magnetometer/magnetometer,6.479999875630393e-06,2.2680000000000013e-05,-4.232000001776709e-05
47.052000000,drone0/magnetometer/magnetometer/magnetometer,6.479999875630445e-06,2.2680000000000013e-05,-4.232000001776708e-05
47.152000000,drone0/magnetometer/magnetometer/magnetometer,6.479999875630496e-06,2.2680000000000013e-05,-4.232000001776707e-05
47.252000000,drone0/magnetometer/magnetometer/magnetometer,6.4799998756305486e-06,2.2680000000000013e-05,-4.2320000017767066e-05
47.400000000,drone0/magnetometer/magnetometer/magnetometer,6.479999875630511e-06,2.2680000000000013e-05,-4.2320000017767066e-05
47.500000000,drone0/magnetometer/magnetometer/magnetometer,6.479999875630564e-06,2.2680000000000013e-05,-4.232000001776706e-05
47.600000000,drone0/magnetometer/magnetometer/magnetometer,6.479999875630616e-06,2.2680000000000013e-05,-4.232000001776705e-05
47.700000000,drone0/magnetometer/magnetometer/magnetometer,6.479999875630669e-06,2.2680000000000013e-05,-4.2320000017767046e-05
47.852000000,drone0/magnetometer/magnetometer/magnetometer,6.479999875630455e-06,2.2680000000000013e-05,-4.232000001776707e-05
47.952000000,drone0/magnetometer/magnetometer/magnetometer,6.479999875630508e-06,2.2680000000000013e-05,-4.2320000017767066e-05
48.052000000,drone0/magnetometer/magnetometer/magnetometer,6.479999875630559e-06,2.2680000000000013e-05,-4.232000001776706e-05
48.152000000,drone0/magnetometer/magnetometer/magnetometer,6.479999875630611e-06,2.2680000000000013e-05,-4.232000001776705e-05
48.252000000,drone0/magnetometer/magnetometer/magnetometer,6.479999875630664e-06,2.2680000000000013e-05,-4.2320000017767046e-05
48.400000000,drone0/magnetometer/magnetometer/magnetometer,6.4799998756306265e-06,2.2680000000000013e-05,-4.232000001776705e-05
48.500000000,drone0/magnetometer/magnetometer/magnetometer,6.479999875630679e-06,2.2680000000000013e-05,-4.2320000017767046e-05
48.600000000,drone0/magnetometer/magnetometer/magnetometer,6.479999875630325e-06,2.2680000000000013e-05,-4.2320000017767093e-05
48.700000000,drone0/magnetometer/magnetometer/magnetometer,6.4799998756303775e-06,2.2680000000000013e-05,-4.232000001776709e-05
48.852000000,drone0/magnetometer/magnetometer/magnetometer,6.479999875630571e-06,2.2680000000000013e-05,-4.232000001776706e-05
48.952000000,drone0/magnetometer/magnetometer/magnetometer,6.479999875630621e-06,2.2680000000000013e-05,-4.232000001776705e-05
49.052000000,drone0/magnetometer/magnetometer/magnetometer,6.479999875630674e-06,2.2680000000000013e-05,-4.2320000017767046e-05
49.152000000,drone0/magnetometer/magnetometer/magnetometer,6.47999987563032e-06,2.2680000000000013e-05,-4.2320000017767093e-05
49.252000000,drone0/magnetometer/magnetometer/magnetometer,6.479999875630372e-06,2.2680000000000013e-05,-4.232000001776709e-05
49.400000000,drone0/magnetometer/magnetometer/magnetometer,6.479999875630337e-06,2.2680000000000013e-05,-4.2320000017767093e-05
49.500000000,drone0/magnetometer/magnetometer/magnetometer,6.479999875630388e-06,2.2680000000000013e-05,-4.232000001776709e-05
49.600000000,drone0/magnetometer/magnetometer/magnetometer,6.47999987563044e-06,2.2680000000000013e-05,-4.232000001776708e-05
49.700000000,drone0/magnetometer/magnetometer/magnetometer,6.479999875630493e-06,2.2680000000000013e-05,-4.232000001776707e-05
49.852000000,drone0/magnetometer/magnetometer/magnetometer,6.479999875630686e-06,2.2680000000000013e-05,-4.2320000017767046e-05
49.952000000,drone0/magnetometer/magnetometer/magnetometer,6.480300196350605e-06,2.268077231037454e-05,-4.231953417217842e-05
50.052000000,drone0/magnetometer/magnetometer/magnetometer,6.507512509550466e-06,2.2680652264920854e-05,-4.2315703212774094e-05
50.152000000,drone0/magnetometer/magnetometer/magnetometer,6.574233346167978e-06,2.265028076060707e-05,-4.23226966003534e-05
50.252000000,drone0/magnetometer/magnetometer/magnetometer,6.445254407657382e-06,2.2540076465971295e-05,-4.2401262383890896e-05
50.400000000,drone0/magnetometer/magnetometer/magnetometer,6.524002310167824e-06,2.268316186764323e-05,-4.2311958517860185e-05
50.500000000,drone0/magnetometer/magnetometer/magnetometer,6.6655627950651224e-06,2.275491117705203e-05,-4.2251936362150806e-05
50.600000000,drone0/magnetometer/magnetometer/magnetometer,6.630659272090331e-06,2.277918124064386e-05,-4.2243707094322366e-05
50.700000000,drone0/magnetometer/magnetometer/magnetometer,6.662114676900553e-06,2.264259736181395e-05,-4.231405410913391e-05
50.852000000,drone0/magnetometer/magnetometer/magnetometer,6.502327188105848e-06,2.260083134534295e-05,-4.236006500563178e-05
50.952000000,drone0/magnetometer/magnetometer/magnetometer,6.503138438714761e-06,2.2662256588830106e-05,-4.232640052936281e-05
51.052000000,drone0/magnetometer/magnetometer/magnetometer,6.667093910568578e-06,2.2687298412326816e-05,-4.228884664495736e-05
51.152000000,drone0/magnetometer/magnetometer/magnetometer,6.4544271140672505e-06,2.2668335077615618e-05,-4.2330030600059856e-05
51.252000000,drone0/magnetometer/magnetometer/magnetometer,6.575847055276887e-06,2.2752176860005243e-05,-4.2266576780701804e-05
51.400000000,drone0/magnetometer/magnetometer/magnetometer,6.553009831106604e-06,2.266693515942087e-05,-4.2316658957205905e-05
51.500000000,drone0/magnetometer/magnetometer/magnetometer,6.540914285514272e-06,2.272344631195418e-05,-4.2287426655582944e-05
51.600000000,drone0/magnetometer/magnetometer/magnetometer,6.38161860237767e-06,2.276804938298692e-05,-4.2285615372121335e-05
51.700000000,drone0/magnetometer/magnetometer/magnetometer,6.4434234141885915e-06,2.2820939779423733e-05,-4.224772933642116e-05
51.852000000,drone0/magnetometer/magnetometer/magnetometer,6.427419799896214e-06,2.2680458313116594e-05,-4.232722693906834e-05
51.952000000,drone0/magnetometer/magnetometer/magnetometer,6.504468885550051e-06,2.251841874520353e-05,-4.240458629790454e-05
52.052000000,drone0/magnetometer/magnetometer/magnetometer,6.5866836190784225e-06,2.251992965337818e-05,-4.2391914962421374e-05
52.152000000,drone0/magnetometer/magnetometer/magnetometer,6.528303882279932e-06,2.2518896065062164e-05,-4.240090833949388e-05
52.252000000,drone0/magnetometer/magnetometer/magnetometer,6.542643108533868e-06,2.2553955579841545e-05,-4.237979689287601e-05
52.400000000,drone0/magnetometer/magnetometer/magnetometer,6.538510857271612e-06,2.2729320870381103e-05,-4.228454758014837e-05
52.500000000,drone0/magnetometer/magnetometer/magnetometer,6.434511763708561e-06,2.287597335180171e-05,-4.221857527313264e-05
52.600000000,drone0/magnetometer/magnetometer/magnetometer,6.520836477086767e-06,2.277260705605627e-05,-4.226329259859886e-05
52.700000000,drone0/magnetometer/magnetometer/magnetometer,6.507235845878164e-06,2.2731021847503248e-05,-4.228811670594821e-05
52.852000000,drone0/magnetometer/magnetometer/magnetometer,6.571810190957561e-06,2.2806169641348567e-05,-4.2237420320397976e-05
52.952000000,drone0/magnetometer/magnetometer/magnetometer,6.615615378254086e-06,2.2653160721825322e-05,-4.2315096265865536e-05
53.052000000,drone0/magnetometer/magnetometer/magnetometer,6.379176134489555e-06,2.2539737979691732e-05,-4.2410760273890375e-05
53.152000000,drone0/magnetometer/magnetometer/magnetometer,6.404166493666785e-06,2.27286201496143e-05,-4.2304108428715144e-05
53.252000000,drone0/magnetometer/magnetometer/magnetometer,6.403852423016798e-06,2.2854974295556344e-05,-4.223453851434631e-05
53.400000000,drone0/magnetometer/magnetometer/magnetometer,6.594078216932901e-06,2.270165433415335e-05,-4.2291674725652586e-05
53.500000000,drone0/magnetometer/magnetometer/magnetometer,6.49648347524726e-06,2.272276775227295e-05,-4.229419184340404e-05
53.600000000,drone0/magnetometer/magnetometer/magnetometer,6.5014290764572395e-06,2.2664674699912898e-05,-4.232532252960783e-05
53.700000000,drone0/magnetometer/magnetometer/magnetometer,6.508437268014029e-06,2.2635652202917388e-05,-4.234018534043268e-05
53.852000000,drone0/magnetometer/magnetometer/magnetometer,6.383934602311253e-06,2.2632444074438835e-05,-4.235961069302841e-05
53.952000000,drone0/magnetometer/magnetometer/magnetometer,6.412433084059342e-06,2.2613275031360938e-05,-4.2366059673162184e-05
54.052000000,drone0/magnetometer/magnetometer/magnetometer,6.6437678463035735e-06,2.254097638058084e-05,-4.23721548183134e-05
54.152000000,drone0/magnetometer/magnetometer/magnetometer,6.667433766878979e-06,2.2501233836482323e-05,-4.2390262057195225e-05
54.252000000,drone0/magnetometer/magnetometer/magnetometer,6.512901291905826e-06,2.251888380400216e-05,-4.240312593652483e-05
54.400000000,drone0/magnetometer/magnetometer/magnetometer,6.3923109957888155e-06,2.2616550194643122e-05,-4.236710743746462e-05
54.500000000,drone0/magnetometer/magnetometer/magnetometer,6.505284527000258e-06,2.2594682175531918e-05,-4.2362993318305144e-05
54.600000000,drone0/magnetometer/magnetometer/magnetometer,6.46696166395746e-06,2.2561131548414292e-05,-4.238673399609797e-05
54.700000000,drone0/magnetometer/magnetometer/magnetometer,6.7366193778736614e-06,2.265897790353169e-05,-4.229405494432744e-05
54.852000000,drone0/magnetometer/magnetometer/magnetometer,6.555443473842958e-06,2.2845849153767303e-05,-4.221788084833214e-05
54.952000000,drone0/magnetometer/magnetometer/magnetometer,6.483391431421128e-06,2.300214465483129e-05,-4.214148801776743e-05
55.052000000,drone0/magnetometer/magnetometer/magnetometer,6.458940276699188e-06,2.2956463943200225e-05,-4.217043009896749e-05
55.152000000,drone0/magnetometer/magnetometer/magnetometer,6.437461231026246e-06,2.2923237610347143e-05,-4.219195434977645e-05
55.252000000,drone0/magnetometer/magnetometer/magnetometer,6.469258378646569e-06,2.2772582014174517e-05,-4.2270702497007546e-05
55.400000000,drone0/magnetometer/magnetometer/magnetometer,6.493727790471448e-06,2.2624247275482455e-05,-4.2348521209098316e-05
55.500000000,drone0/magnetometer/magnetometer/magnetometer,6.453917879598018e-06,2.2510598101646236e-05,-4.2416034201441424e-05
55.600000000,drone0/magnetometer/magnetometer/magnetometer,6.5105099907528765e-06,2.2471836355314213e-05,-4.242896751054349e-05
55.700000000,drone0/magnetometer/magnetometer/magnetometer,6.684782103438875e-06,2.2377779180379793e-05,-4.245444552058994e-05
55.852000000,drone0/magnetometer/magnetometer/magnetometer,6.3681052766157296e-06,2.256450473483392e-05,-4.239885049871079e-05
55.952000000,drone0/magnetometer/magnetometer/magnetometer,6.44207005486048e-06,2.2783995234911178e-05,-4.226829108373948e-05
56.052000000,drone0/magnetometer/magnetometer/magnetometer,6.366055236581184e-06,2.281067668047572e-05,-4.226432202402623e-05
56.152000000,drone0/magnetometer/magnetometer/magnetometer,6.524891045706369e-06,2.2698352559969942e-05,-4.2303505542897005e-05
56.252000000,drone0/magnetometer/magnetometer/magnetometer,6.531829025256216e-06,2.2689191100168244e-05,-4.230752779534661e-05
56.400000000,drone0/magnetometer/magnetometer/magnetometer,6.495157666709013e-06,2.2658395646753043e-05,-4.232965617266955e-05
56.500000000,drone0/magnetometer/magnetometer/magnetometer,6.4980194921812035e-06,2.2726726175918757e-05,-4.229179831701219e-05
56.600000000,drone0/magnetometer/magnetometer/magnetometer,6.329473065797651e-06,2.2821846753418725e-05,-4.2263278289778346e-05
56.700000000,drone0/magnetometer/magnetometer/magnetometer,6.518984281860298e-06,2.272134635311778e-05,-4.22917408154476e-05
56.852000000,drone0/magnetometer/magnetometer/magnetometer,6.328488586331858e-06,2.26394604258396e-05,-4.236352932628101e-05
56.952000000,drone0/magnetometer/magnetometer/magnetometer,6.467021189898848e-06,2.2521556088165716e-05,-4.240822748397563e-05
57.052000000,drone0/magnetometer/magnetometer/magnetometer,6.454667463599894e-06,2.2725159673654178e-05,-4.2298851393471736e-05
57.152000000,drone0/magnetometer/magnetometer/magnetometer,6.377790228208413e-06,2.2881496733601053e-05,-4.222353946559585e-05
57.252000000,drone0/magnetometer/magnetometer/magnetometer,6.445607154796997e-06,2.2771891187688867e-05,-4.227445259624504e-05
57.400000000,drone0/magnetometer/magnetometer/magnetometer,6.421031797045695e-06,2.2710212991292146e-05,-4.231182576123847e-05
57.500000000,drone0/magnetometer/magnetometer/magnetometer,6.498652989810761e-06,2.266818179038246e-05,-4.232380118704222e-05
57.600000000,drone0/magnetometer/magnetometer/magnetometer,6.602275412400107e-06,2.2621479400961097e-05,-4.2334357863354264e-05
57.700000000,drone0/magnetometer/magnetometer/magnetometer,6.694306777723631e-06,2.270251245987742e-05,-4.227648115973415e-05
57.852000000,drone0/magnetometer/magnetometer/magnetometer,6.5205764004724155e-06,2.275715615500983e-05,-4.227183310115719e-05
57.952000000,drone0/magnetometer/magnetometer/magnetometer,6.42464243972705e-06,2.2706864024278793e-05,-4.2313151340083673e-05
58.052000000,drone0/magnetometer/magnetometer/magnetometer,6.520153577503626e-06,2.270354321669173e-05,-4.230134112328117e-05
58.152000000,drone0/magnetometer/magnetometer/magnetometer,6.436060289691137e-06,2.2601302432187318e-05,-4.2369247801093515e-05
58.252000000,drone0/magnetometer/magnetometer/magnetometer,6.448849810763081e-06,2.273579668838904e-05,-4.229383793507836e-05
58.400000000,drone0/magnetometer/magnetometer/magnetometer,6.504036640105468e-06,2.269227212304026e-05,-4.230983584504482e-05
58.500000000,drone0/magnetometer/magnetometer/magnetometer,6.632801917563802e-06,2.2587898750696667e-05,-4.2348219131805395e-05
58.600000000,drone0/magnetometer/magnetometer/magnetometer,6.708486272209785e-06,2.2562488000816276e-05,-4.2350913642810495e-05
58.700000000,drone0/magnetometer/magnetometer/magnetometer,6.607214037900461e-06,2.265077538031198e-05,-4.231762763015321e-05
58.852000000,drone0/magnetometer/magnetometer/magnetometer,6.5591914634539104e-06,2.2731699491632663e-05,-4.2280250019490254e-05
58.952000000,drone0/magnetometer/magnetometer/magnetometer,6.522516118164042e-06,2.266798350453111e-05,-4.2320483489563945e-05
59.052000000,drone0/magnetometer/magnetometer/magnetometer,6.504920366135316e-06,2.2686651452891417e-05,-4.231278894651911e-05
59.152000000,drone0/magnetometer/magnetometer/magnetometer,6.64292650881853e-06,2.261286152170825e-05,-4.233311937089479e-05
59.252000000,drone0/magnetometer/magnetometer/magnetometer,6.487666505974852e-06,2.2650209455261534e-05,-4.233520463754047e-05
59.400000000,drone0/magnetometer/magnetometer/magnetometer,6.542519053000935e-06,2.2681285697339262e-05,-4.2310316967145856e-05
59.500000000,drone0/magnetometer/magnetometer/magnetometer,6.452728246799227e-06,2.268113790448909e-05,-4.232326383019016e-05
59.600000000,drone0/magnetometer/magnetometer/magnetometer,6.402316266609398e-06,2.272455428670958e-05,-4.230660128856763e-05
59.700000000,drone0/magnetometer/magnetometer/magnetometer,6.333200345782708e-06,2.2784069058647114e-05,-4.228357990740773e-05
59.852000000,drone0/magnetometer/magnetometer/magnetometer,6.327850668668737e-06,2.2721510280288982e-05,-4.2318707677264164e-05
59.952000000,drone0/magnetometer/magnetometer/magnetometer,6.437150700058957e-06,2.265569329786047e-05,-4.233939877032318e-05
60.200000000,drone0/magnetometer/magnetometer/magnetometer,6.544168863914645e-06,2.275332437446672e-05,-4.2270537044244965e-05
60.352000000,drone0/magnetometer/magnetometer/magnetometer,6.433049896890949e-06,2.2684913779851162e-05,-4.232398955940663e-05
60.452000000,drone0/magnetometer/magnetometer/magnetometer,6.458506395236576e-06,2.2634324420100678e-05,-4.2348043633969974e-05
60.552000000,drone0/magnetometer/magnetometer/magnetometer,6.457855584951432e-06,2.2552042234869912e-05,-4.239297144975372e-05
60.652000000,drone0/magnetometer/magnetometer/magnetometer,6.585262833611369e-06,2.260695765386614e-05,-4.234475911257973e-05
60.752000000,drone0/magnetometer/magnetometer/magnetometer,6.479689917695013e-06,2.262356102761945e-05,-4.2350902063403425e-05
60.900000000,drone0/magnetometer/magnetometer/magnetometer,6.601796612757796e-06,2.261354884808538e-05,-4.2338757043307566e-05
61.000000000,drone0/magnetometer/magnetometer/magnetometer,6.548599656254224e-06,2.246262487486213e-05,-4.242848016757936e-05
61.100000000,drone0/magnetometer/magnetometer/magnetometer,6.501866597264594e-06,2.2488642213099268e-05,-4.242110406010245e-05
61.200000000,drone0/magnetometer/magnetometer/magnetometer,6.420516525154302e-06,2.2647330440129793e-05,-4.23463250340576e-05
61.352000000,drone0/magnetometer/magnetometer/magnetometer,6.57928449797253e-06,2.2757102659700635e-05,-4.2263367311726775e-05
61.452000000,drone0/magnetometer/magnetometer/magnetometer,6.520112300618247e-06,2.2624107570866262e-05,-4.234481375535694e-05
61.552000000,drone0/magnetometer/magnetometer/magnetometer,6.337667219506653e-06,2.265139312693295e-05,-4.2355732806190204e-05
61.652000000,drone0/magnetometer/magnetometer/magnetometer,6.434016534134663e-06,2.273879032880191e-05,-4.229430018098697e-05
61.752000000,drone0/magnetometer/magnetometer/magnetometer,6.445169204789458e-06,2.27861681349155e-05,-4.2266653626710765e-05
61.900000000,drone0/magnetometer/magnetometer/magnetometer,6.570324248636442e-06,2.271417157778313e-05,-4.228826051043478e-05
62.000000000,drone0/magnetometer/magnetometer/magnetometer,6.460044070949984e-06,2.272825324114466e-05,-4.229638735576897e-05
62.100000000,drone0/magnetometer/magnetometer/magnetometer,6.47914188921554e-06,2.2767698369331766e-05,-4.227197826801277e-05
62.200000000,drone0/magnetometer/magnetometer/magnetometer,6.423724475947592e-06,2.2843411963170328e-05,-4.223811643643449e-05
62.352000000,drone0/magnetometer/magnetometer/magnetometer,6.4818220078558466e-06,2.2835872254238026e-05,-4.223400377834866e-05
62.452000000,drone0/magnetometer/magnetometer/magnetometer,6.642761257644347e-06,2.274921462072305e-05,-4.2258427610775965e-05
62.552000000,drone0/magnetometer/magnetometer/magnetometer,6.590955870905676e-06,2.2592017530525022e-05,-4.235207907092816e-05
62.652000000,drone0/magnetometer/magnetometer/magnetometer,6.758329781634055e-06,2.25092578829676e-05,-4.237243821309304e-05
62.752000000,drone0/magnetometer/magnetometer/magnetometer,6.469685929220573e-06,2.2676136407418473e-05,-4.2323587618210656e-05
62.900000000,drone0/magnetometer/magnetometer/magnetometer,6.429948099606253e-06,2.272862826292189e-05,-4.230045798713529e-05
63.000000000,drone0/magnetometer/magnetometer/magnetometer,6.351583562405148e-06,2.2679750204605958e-05,-4.233828169970093e-05
63.100000000,drone0/magnetometer/magnetometer/magnetometer,6.292758166193727e-06,2.2808135890831786e-05,-4.227594323473812e-05
63.200000000,drone0/magnetometer/magnetometer/magnetometer,6.5224373278888975e-06,2.2774227959871092e-05,-4.2262169544219385e-05
63.352000000,drone0/magnetometer/magnetometer/magnetometer,6.616494044724449e-06,2.275983554827438e-05,-4.225643561276604e-05
63.452000000,drone0/magnetometer/magnetometer/magnetometer,6.404249273432832e-06,2.281248030523761e-05,-4.225794970517782e-05
63.552000000,drone0/magnetometer/magnetometer/magnetometer,6.3766482180932095e-06,2.2682454877971004e-05,-4.233329086585538e-05
63.652000000,drone0/magnetometer/magnetometer/magnetometer,6.4066768550403505e-06,2.2656659187749736e-05,-4.2343179722932965e-05
63.752000000,drone0/magnetometer/magnetometer/magnetometer,6.5112511795325125e-06,2.264673120016709e-05,-4.233372712803113e-05
63.900000000,drone0/magnetometer/magnetometer/magnetometer,6.539218311524225e-06,2.279455418328428e-05,-4.224854944260898e-05
64.000000000,drone0/magnetometer/magnetometer/magnetometer,6.608557856583697e-06,2.2621182374064326e-05,-4.2333604104842365e-05
64.152000000,drone0/magnetometer/magnetometer/magnetometer,6.665089858612622e-06,2.255617491672789e-05,-4.2360757422056e-05
64.300000000,drone0/magnetometer/magnetometer/magnetometer,6.5067131540863634e-06,2.257538139353238e-05,-4.2373302360255305e-05
64.400000000,drone0/magnetometer/magnetometer/magnetometer,6.637722172778626e-06,2.2571027837711812e-05,-4.2356689952658895e-05
64.552000000,drone0/magnetometer/magnetometer/magnetometer,6.579762141116197e-06,2.2605491765693282e-05,-4.2346357552409126e-05
64.700000000,drone0/magnetometer/magnetometer/magnetometer,6.594105698897925e-06,2.2703257225811356e-05,-4.229079148904425e-05
64.852000000,drone0/magnetometer/magnetometer/magnetometer,6.645500919064558e-06,2.2609900990512165e-05,-4.2334357533851725e-05
65.000000000,drone0/magnetometer/magnetometer/magnetometer,6.593351659960886e-06,2.2777433152491253e-05,-4.225012655892957e-05
65.152000000,drone0/magnetometer/magnetometer/magnetometer,6.444673202874291e-06,2.275718797894053e-05,-4.228267470702452e-05
65.300000000,drone0/magnetometer/magnetometer/magnetometer,6.3155899548031566e-06,2.2689159392920875e-05,-4.233814457958088e-05
65.400000000,drone0/magnetometer/magnetometer/magnetometer,6.306395257678388e-06,2.261736605311322e-05,-4.2378653768835624e-05
65.552000000,drone0/magnetometer/magnetometer/magnetometer,6.426986552909342e-06,2.2689655607407253e-05,-4.2322251127386355e-05
65.700000000,drone0/magnetometer/magnetometer/magnetometer,6.368686758519202e-06,2.280048498928062e-05,-4.2269571417601995e-05
65.852000000,drone0/magnetometer/magnetometer/magnetometer,6.327795985610417e-06,2.2833876924270652e-05,-4.2256872385603654e-05
66.000000000,drone0/magnetometer/magnetometer/magnetometer,6.4302827601438925e-06,2.2803658478781767e-05,-4.225912914726531e-05
66.152000000,drone0/magnetometer/magnetometer/magnetometer,6.502166339950344e-06,2.264714069972642e-05,-4.233480644550132e-05
66.300000000,drone0/magnetometer/magnetometer/magnetometer,6.566876691126967e-06,2.2705228453486377e-05,-4.2293667778879844e-05
66.400000000,drone0/magnetometer/magnetometer/magnetometer,6.62036366336327e-06,2.263366965704136e-05,-4.2325059020992546e-05
66.552000000,drone0/magnetometer/magnetometer/magnetometer,6.393772150255192e-06,2.2571915862674408e-05,-4.2391219225155595e-05
66.700000000,drone0/magnetometer/magnetometer/magnetometer,6.429099636705995e-06,2.2654287113017548e-05,-4.2341308227626385e-05
66.852000000,drone0/magnetometer/magnetometer/magnetometer,6.5796073900279e-06,2.2582680800656997e-05,-4.2358815418976004e-05
67.000000000,drone0/magnetometer/magnetometer/magnetometer,6.4419765094022286e-06,2.245496774198793e-05,-4.2447849226524065e-05
67.152000000,drone0/magnetometer/magnetometer/magnetometer,6.109766059399059e-06,2.2639749564016255e-05,-4.2393217538882076e-05
67.300000000,drone0/magnetometer/magnetometer/magnetometer,6.42395282430873e-06,2.2889563457933e-05,-4.2212548131076655e-05
67.400000000,drone0/magnetometer/magnetometer/magnetometer,6.557446226620188e-06,2.288527679753098e-05,-4.2195765976427345e-05
67.552000000,drone0/magnetometer/magnetometer/magnetometer,6.549131669468264e-06,2.2762691499522685e-05,-4.226466585772881e-05
67.700000000,drone0/magnetometer/magnetometer/magnetometer,9.238076484976864e-06,2.2844702922270415e-05,-4.1740920255424696e-05
67.852000000,drone0/magnetometer/magnetometer/magnetometer,1.0459183356250016e-05,2.2799327706303936e-05,-4.1489316073392206e-05
68.000000000,drone0/magnetometer/magnetometer/magnetometer,1.0873168062080578e-05,2.2845991888348114e-05,-4.1360454157603286e-05
68.152000000,drone0/magnetometer/magnetometer/magnetometer,1.0989400811024228e-05,2.2904499936907796e-05,-4.129773904541115e-05
68.300000000,drone0/magnetometer/magnetometer/magnetometer,1.0999893868807776e-05,2.275905743073814e-05,-4.1377142388355664e-05
68.400000000,drone0/magnetometer/magnetometer/magnetometer,1.098896851553904e-05,2.2691727763791945e-05,-4.141771241887479e-05
68.552000000,drone0/magnetometer/magnetometer/magnetometer,1.0962529941909595e-05,2.2574469081421415e-05,-4.148989010790297e-05
68.700000000,drone0/magnetometer/magnetometer/magnetometer,1.093162586938697e-05,2.251522368442421e-05,-4.153063061842991e-05
68.852000000,drone0/magnetometer/magnetometer/magnetometer,1.0899325974125297e-05,2.2631197067112785e-05,-4.147434605763372e-05
69.000000000,drone0/magnetometer/magnetometer/magnetometer,6.0050461602973796e-06,2.279532308719128e-05,-4.23218535722097e-05
69.152000000,drone0/magnetometer/magnetometer/magnetometer,3.7150298455498664e-06,2.272526542122877e-05,-4.2598248823284054e-05
69.300000000,drone0/magnetometer/magnetometer/magnetometer,3.0707165906636193e-06,2.255964300008884e-05,-4.273238172674752e-05
69.400000000,drone0/magnetometer/magnetometer/magnetometer,3.061680168713119e-06,2.2627202264465426e-05,-4.269641839207494e-05
69.552000000,drone0/magnetometer/magnetometer/magnetometer,3.118711728811199e-06,2.270937672609691e-05,-4.264830032046811e-05
69.700000000,drone0/magnetometer/magnetometer/magnetometer,3.3116255276320472e-06,2.2744707779503796e-05,-4.2616585582259e-05
69.852000000,drone0/magnetometer/magnetometer/magnetometer,3.901638228040124e-06,2.2634266149331937e-05,-4.263304831115395e-05
70.000000000,drone0/magnetometer/magnetometer/magnetometer,4.4310963989992055e-06,2.260298954837876e-05,-4.260386675093391e-05
70.152000000,drone0/magnetometer/magnetometer/magnetometer,5.071599834202289e-06,2.2656912192116684e-05,-4.2509793991892324e-05
70.300000000,drone0/magnetometer/magnetometer/magnetometer,5.496941675665378e-06,2.270381149275582e-05,-4.243572628566456e-05
70.400000000,drone0/magnetometer/magnetometer/magnetometer,5.8042094257122065e-06,2.2661595039343464e-05,-4.242105798479156e-05
70.552000000,drone0/magnetometer/magnetometer/magnetometer,6.130764475957174e-06,2.2707524460069785e-05,-4.235334364618341e-05
70.700000000,drone0/magnetometer/magnetometer/magnetometer,6.216925240941257e-06,2.250072707991274e-05,-4.245433403204551e-05
70.852000000,drone0/magnetometer/magnetometer/magnetometer,6.232745628386604e-06,2.2526385993808287e-05,-4.2438268776826515e-05
71.000000000,drone0/magnetometer/magnetometer/magnetometer,6.3639269545813e-06,2.2775524657827127e-05,-4.228398627838938e-05
71.152000000,drone0/magnetometer/magnetometer/magnetometer,6.317911082889765e-06,2.2664781683110227e-05,-4.235116231045763e-05
71.300000000,drone0/magnetometer/magnetometer/magnetometer,6.315905911097454e-06,2.262787245768039e-05,-4.237160343985531e-05
71.400000000,drone0/magnetometer/magnetometer/magnetometer,6.570005606713338e-06,2.2692596297638236e-05,-4.230014105922141e-05
71.552000000,drone0/magnetometer/magnetometer/magnetometer,9.9687214686317e-06,2.2604812025010112e-05,-4.171344342415451e-05
71.700000000,drone0/magnetometer/magnetometer/magnetometer,1.1182109249329165e-05,2.269001112496074e-05,-4.136880321817685e-05
71.852000000,drone0/magnetometer/magnetometer/magnetometer,1.1641555162377403e-05,2.279039651324788e-05,-4.1189661845403937e-05
72.000000000,drone0/magnetometer/magnetometer/magnetometer,1.179144793541516e-05,2.2917487639814133e-05,-4.1076230367808526e-05
72.152000000,drone0/magnetometer/magnetometer/magnetometer,1.1852856816524234e-05,2.291749423115584e-05,-4.105913339392282e-05
72.300000000,drone0/magnetometer/magnetometer/magnetometer,1.1871183840987588e-05,2.2633272746609516e-05,-4.121484320694451e-05
72.400000000,drone0/magnetometer/magnetometer/magnetometer,1.18644655205332e-05,2.2503119978289034e-05,-4.128949034670085e-05
72.552000000,drone0/magnetometer/magnetometer/magnetometer,1.172137959134332e-05,2.2565814324830747e-05,-4.129402698750394e-05
72.700000000,drone0/magnetometer/magnetometer/magnetometer,1.1526420447954833e-05,2.2782350122263104e-05,-4.122547657851421e-05
72.852000000,drone0/magnetometer/magnetometer/magnetometer,1.1357083436892422e-05,2.2736187448574265e-05,-4.129683828997897e-05
73.000000000,drone0/magnetometer/magnetometer/magnetometer,1.1224992782192551e-05,2.270706456947222e-05,-4.134803221486485e-05
73.152000000,drone0/magnetometer/magnetometer/magnetometer,1.1121354447756448e-05,2.2732186126828575e-05,-4.136093432527172e-05
73.300000000,drone0/magnetometer/magnetometer/magnetometer,1.105120251443518e-05,2.2772523892645528e-05,-4.135638650839514e-05
73.400000000,drone0/magnetometer/magnetometer/magnetometer,1.1006110873621125e-05,2.2889399544839407e-05,-4.13020053516692e-05
73.552000000,drone0/magnetometer/magnetometer/magnetometer,1.096127272945513e-05,2.2808249577447765e-05,-4.135933471017858e-05
73.700000000,drone0/magnetometer/magnetometer/magnetometer,1.0919782823279476e-05,2.274024060556596e-05,-4.140815203700656e-05
73.852000000,drone0/magnetometer/magnetometer/magnetometer,1.0006784771930974e-05,2.274359971772141e-05,-4.1627514328146465e-05
74.000000000,drone0/magnetometer/magnetometer/magnetometer,5.082279469723053e-06,2.2776757507782622e-05,-4.244313872812961e-05
74.152000000,drone0/magnetometer/magnetometer/magnetometer,3.2479146608076037e-06,2.2721378491514726e-05,-4.2633514692604403e-05
74.300000000,drone0/magnetometer/magnetometer/magnetometer,2.616332182527953e-06,2.2720865809425283e-05,-4.267037883606183e-05
74.700000000,drone0/magnetometer/magnetometer/magnetometer,2.2865545478670405e-06,2.2688914354078556e-05,-4.270308885525285e-05
74.852000000,drone0/magnetometer/magnetometer/magnetometer,2.2861396050318057e-06,2.257171258266473e-05,-4.276652347083097e-05
75.000000000,drone0/magnetometer/magnetometer/magnetometer,2.2994451414473873e-06,2.2598698002027453e-05,-4.275139051774201e-05
75.152000000,drone0/magnetometer/magnetometer/magnetometer,2.3186504223291793e-06,2.252858963235088e-05,-4.278835664864955e-05
75.300000000,drone0/magnetometer/magnetometer/magnetometer,2.3707655504177422e-06,2.2516882899145113e-05,-4.279236495751193e-05
75.400000000,drone0/magnetometer/magnetometer/magnetometer,2.4394144291998206e-06,2.2584866981950244e-05,-4.2752626169420744e-05
75.552000000,drone0/magnetometer/magnetometer/magnetometer,2.882357262320054e-06,2.2720843247096477e-05,-4.2656133763570187e-05
75.700000000,drone0/magnetometer/magnetometer/magnetometer,3.7618276093962922e-06,2.2564499018294703e-05,-4.2681885135388785e-05
75.852000000,drone0/magnetometer/magnetometer/magnetometer,4.169887093732963e-06,2.2639588503155622e-05,-4.260761082162561e-05
76.000000000,drone0/magnetometer/magnetometer/magnetometer,4.450215698872748e-06,2.272414078588846e-05,-4.253616944660631e-05
76.152000000,drone0/magnetometer/magnetometer/magnetometer,5.0424260390470174e-06,2.2655427045343107e-05,-4.2513767557808136e-05
76.300000000,drone0/magnetometer/magnetometer/magnetometer,5.487719885826959e-06,2.256745033520573e-05,-4.251108150662396e-05
76.400000000,drone0/magnetometer/magnetometer/magnetometer,5.6371083270124616e-06,2.256223636452077e-05,-4.249591128430614e-05
76.552000000,drone0/magnetometer/magnetometer/magnetometer,6.004197190721859e-06,2.270790157286745e-05,-4.2369958318033436e-05
76.700000000,drone0/magnetometer/magnetometer/magnetometer,6.158849657546413e-06,2.268166916391069e-05,-4.236371394442916e-05
76.852000000,drone0/magnetometer/magnetometer/magnetometer,6.384045349950518e-06,2.2722757135992533e-05,-4.2310160657913574e-05
77.000000000,drone0/magnetometer/magnetometer/magnetometer,6.562144593346392e-06,2.2616643990914596e-05,-4.2342825697228746e-05
77.152000000,drone0/magnetometer/magnetometer/magnetometer,6.690754864034415e-06,2.2649362724978467e-05,-4.230612747119269e-05
77.300000000,drone0/magnetometer/magnetometer/magnetometer,6.442606838195145e-06,2.256901833180855e-05,-4.23859025755925e-05
77.400000000,drone0/magnetometer/magnetometer/magnetometer,7.116823246766989e-06,2.1236889085810953e-05,-4.2984424408788394e-05
77.552000000,drone0/magnetometer/magnetometer/magnetometer,9.317680506513111e-06,1.7322346714171172e-05,-4.4361378335399214e-05
77.700000000,drone0/magnetometer/magnetometer/magnetometer,1.3894159090764613e-05,1.5790479965061517e-05,-4.378852621360666e-05
77.852000000,drone0/magnetometer/magnetometer/magnetometer,1.5125320051624087e-05,1.6190518601264704e-05,-4.3237564890179744e-05
78.000000000,drone0/magnetometer/magnetometer/magnetometer,1.4970964039417882e-05,1.9213674584083154e-05,-4.2002700469756534e-05
78.152000000,drone0/magnetometer/magnetometer/magnetometer,1.4979250336591554e-05,2.0792979705863297e-05,-4.1222491704255064e-05
78.300000000,drone0/magnetometer/magnetometer/magnetometer,1.483605037888981e-05,2.1094578997611532e-05,-4.111607363305729e-05
78.400000000,drone0/magnetometer/magnetometer/magnetometer,1.3616079414168519e-05,2.195119039229832e-05,-4.106846618137494e-05
78.552000000,drone0/magnetometer/magnetometer/magnetometer,9.818265210333222e-06,2.551206810768886e-05,-3.999998311669506e-05
78.700000000,drone0/magnetometer/magnetometer/magnetometer,6.965623611671311e-06,2.7963978440282876e-05,-3.888103279163235e-05
78.852000000,drone0/magnetometer/magnetometer/magnetometer,4.498379998357307e-06,2.5715551293725416e-05,-4.0755166514070346e-05
79.000000000,drone0/magnetometer/magnetometer/magnetometer,2.678304253427545e-06,2.192478792262855e-05,-4.309074781537776e-05
79.152000000,drone0/magnetometer/magnetometer/magnetometer,2.8276768260412806e-06,2.084590945344748e-05,-4.362695891573236e-05
79.300000000,drone0/magnetometer/magnetometer/magnetometer,2.754550914235675e-06,2.17714162452805e-05,-4.3166187069753446e-05
79.400000000,drone0/magnetometer/magnetometer/magnetometer,2.6344884720104867e-06,2.218172775744942e-05,-4.295836801935089e-05
79.552000000,drone0/magnetometer/magnetometer/magnetometer,1.8985623001077608e-06,2.3882466006374618e-05,-4.204802799331636e-05
79.700000000,drone0/magnetometer/magnetometer/magnetometer,1.5876862206265563e-06,2.6347834840240314e-05,-4.052695979765567e-05
79.852000000,drone0/magnetometer/magnetometer/magnetometer,1.2875351903173103e-06,2.7177632095582484e-05,-3.997133183201279e-05
80.000000000,drone0/magnetometer/magnetometer/magnetometer,1.015857977130293e-06,2.7325024892321623e-05,-3.9873324195714114e-05
80.152000000,drone0/magnetometer/magnetometer/magnetometer,1.1287936537794743e-06,2.7372575085145254e-05,-3.983835462096579e-05
80.300000000,drone0/magnetometer/magnetometer/magnetometer,1.0252536486056482e-06,2.7388883456909933e-05,-3.982848612678124e-05
80.400000000,drone0/magnetometer/magnetometer/magnetometer,1.0178001338376802e-06,2.7398891080938574e-05,-3.982156766837372e-05
80.552000000,drone0/magnetometer/magnetometer/magnetometer,9.241929530579968e-07,2.735413448507119e-05,-3.985409886569628e-05
80.700000000,drone0/magnetometer/magnetometer/magnetometer,8.334930422116926e-07,2.7368557339371106e-05,-3.984491410659188e-05
80.852000000,drone0/magnetometer/magnetometer/magnetometer,8.51909691751e-07,2.7360176506849852e-05,-3.985061486659193e-05
81.000000000,drone0/magnetometer/magnetometer/magnetometer,7.067097385983146e-07,2.7336413889242856e-05,-3.986834223430004e-05
81.152000000,drone0/magnetometer/magnetometer/magnetometer,6.489071941297546e-07,2.7302955098231915e-05,-3.989200806126515e-05
81.300000000,drone0/magnetometer/magnetometer/magnetometer,7.117591066723787e-07,2.731997989230521e-05,-3.987980029359904e-05
81.400000000,drone0/magnetometer/magnetometer/magnetometer,9.297687689967393e-07,2.7341238852649584e-05,-3.9863059734814454e-05
81.552000000,drone0/magnetometer/magnetometer/magnetometer,1.0306102664282752e-06,2.7360784517801e-05,-3.9848103885888236e-05
81.700000000,drone0/magnetometer/magnetometer/magnetometer,1.0547218001988877e-06,2.7365387691715777e-05,-3.984453672355654e-05
82.200000000,drone0/magnetometer/magnetometer/magnetometer,1.8603189214764087e-06,2.349401499824278e-05,-4.2272203867478554e-05
82.352000000,drone0/magnetometer/magnetometer/magnetometer,2.341841595515724e-06,2.010384371220516e-05,-4.4005239542580355e-05
82.500000000,drone0/magnetometer/magnetometer/magnetometer,2.569108663741609e-06,1.9102903297874597e-05,-4.4449201810960644e-05
82.652000000,drone0/magnetometer/magnetometer/magnetometer,2.5327231219566465e-06,1.866572775346209e-05,-4.464074536214395e-05
82.800000000,drone0/magnetometer/magnetometer/magnetometer,2.624337053856306e-06,1.88643377926607e-05,-4.4550792464713424e-05
82.900000000,drone0/magnetometer/magnetometer/magnetometer,2.583433369601719e-06,1.8932518152677016e-05,-4.452312333806842e-05
83.052000000,drone0/magnetometer/magnetometer/magnetometer,2.5789442359482064e-06,1.8965380663874414e-05,-4.450900910570228e-05
83.200000000,drone0/magnetometer/magnetometer/magnetometer,2.68281447845589e-06,1.899020896454535e-05,-4.44931076348393e-05
83.352000000,drone0/magnetometer/magnetometer/magnetometer,2.7242158301510257e-06,1.9005357345465974e-05,-4.448439809142364e-05
83.500000000,drone0/magnetometer/magnetometer/magnetometer,2.4934352045340343e-06,1.9046159626117365e-05,-4.4477648714723074e-05
83.652000000,drone0/magnetometer/magnetometer/magnetometer,2.3891430087855437e-06,1.9373738259935432e-05,-4.433717671910775e-05
83.800000000,drone0/magnetometer/magnetometer/magnetometer,2.3689196108875475e-06,2.015208458760971e-05,-4.398149030142418e-05
83.900000000,drone0/magnetometer/magnetometer/magnetometer,2.2790090893057975e-06,2.0758586744014513e-05,-4.36957622085382e-05
84.052000000,drone0/magnetometer/magnetometer/magnetometer,2.095932228866515e-06,2.1397491740281153e-05,-4.3386684519968914e-05
84.200000000,drone0/magnetometer/magnetometer/magnetometer,1.8607554271444846e-06,2.2347039882302526e-05,-4.290284651622667e-05
84.352000000,drone0/magnetometer/magnetometer/magnetometer,1.9097719369551213e-06,2.2824661147767613e-05,-4.264352079592757e-05
84.500000000,drone0/magnetometer/magnetometer/magnetometer,1.7579147391720226e-06,2.3013991033010807e-05,-4.2544303385500375e-05
84.652000000,drone0/magnetometer/magnetometer/magnetometer,2.0460133334157864e-06,2.3156840369893187e-05,-4.2455324473488e-05
84.800000000,drone0/magnetometer/magnetometer/magnetometer,1.9332310153575296e-06,2.353901143994316e-05,-4.2244165975301934e-05
84.900000000,drone0/magnetometer/magnetometer/magnetometer,1.7711840274651865e-06,2.4094446429503272e-05,-4.1928504531503336e-05
85.052000000,drone0/magnetometer/magnetometer/magnetometer,1.8057751423659347e-06,2.3528186743366975e-05,-4.225454792084183e-05
85.200000000,drone0/magnetometer/magnetometer/magnetometer,1.8243193490882768e-06,2.3310032888478493e-05,-4.2377274652277366e-05
85.352000000,drone0/magnetometer/magnetometer/magnetometer,1.784949573749765e-06,2.305840227461728e-05,-4.2518902991619814e-05
85.500000000,drone0/magnetometer/magnetometer/magnetometer,1.2470672932369906e-06,2.5148068154634023e-05,-4.130523041582862e-05
85.652000000,drone0/magnetometer/magnetometer/magnetometer,1.0417611583459713e-06,2.6804414777996268e-05,-4.023178456737047e-05
85.800000000,drone0/magnetometer/magnetometer/magnetometer,9.196045130069877e-07,2.724418292245859e-05,-3.9930889508939154e-05
85.900000000,drone0/magnetometer/magnetometer/magnetometer,9.629164078945342e-07,2.7340582927991355e-05,-3.986312764345657e-05
86.052000000,drone0/magnetometer/magnetometer/magnetometer,1.0612736666917573e-06,2.7394805366603684e-05,-3.982381860549288e-05
86.200000000,drone0/magnetometer/magnetometer/magnetometer,1.01717326803186e-06,2.7405319498498536e-05,-3.981706449327962e-05
86.352000000,drone0/magnetometer/magnetometer/magnetometer,9.543097251803277e-07,2.7375956217070848e-05,-3.983846453882911e-05
86.500000000,drone0/magnetometer/magnetometer/magnetometer,1.0133202565984041e-06,2.739413769954147e-05,-3.982496349922065e-05
86.652000000,drone0/magnetometer/magnetometer/magnetometer,1.1474328746013225e-06,2.7387505175763492e-05,-3.982757763129676e-05
86.800000000,drone0/magnetometer/magnetometer/magnetometer,1.1286611850619524e-06,2.740525926568694e-05,-3.981543311975999e-05
86.900000000,drone0/magnetometer/magnetometer/magnetometer,1.0973646489464619e-06,2.739332901997594e-05,-3.982430679711758e-05
87.052000000,drone0/magnetometer/magnetometer/magnetometer,1.0825256519291907e-06,2.7356874077249772e-05,-3.9850084798173996e-05
87.200000000,drone0/magnetometer/magnetometer/magnetometer,8.644925014093944e-07,2.7335142905331728e-05,-3.986801178823077e-05
87.352000000,drone0/magnetometer/magnetometer/magnetometer,8.495682528341549e-07,2.7305126281464673e-05,-3.9889127071994234e-05
87.500000000,drone0/magnetometer/magnetometer/magnetometer,9.049861299809231e-07,2.7301539036195147e-05,-3.989107489140612e-05
87.652000000,drone0/magnetometer/magnetometer/magnetometer,1.0059865006847812e-06,2.7302448152959736e-05,-3.98892266317924e-05
87.800000000,drone0/magnetometer/magnetometer/magnetometer,1.0086249714445763e-06,2.7314399471691772e-05,-3.988084581348744e-05
87.900000000,drone0/magnetometer/magnetometer/magnetometer,1.056161613525047e-06,2.7303570041089977e-05,-3.988774464105954e-05
88.052000000,drone0/magnetometer/magnetometer/magnetometer,1.1328173620452592e-06,2.7287254609408895e-05,-3.989793984561454e-05
88.200000000,drone0/magnetometer/magnetometer/magnetometer,1.0438847881100014e-06,2.7269211441642308e-05,-3.9911886112865244e-05
88.352000000,drone0/magnetometer/magnetometer/magnetometer,1.155565211206358e-06,2.727340885651687e-05,-3.990721257328563e-05
88.500000000,drone0/magnetometer/magnetometer/magnetometer,1.995600347602563e-06,2.558614236823336e-05,-4.100875450518449e-05
88.652000000,drone0/magnetometer/magnetometer/magnetometer,2.422570956550185e-06,2.1027831006906734e-05,-4.355767488405592e-05
88.800000000,drone0/magnetometer/magnetometer/magnetometer,2.3877515983546343e-06,1.9477087863464402e-05,-4.429085166295106e-05
88.900000000,drone0/magnetometer/magnetometer/magnetometer,8.795871498624822e-07,1.9624907122936097e-05,-4.4263611708269006e-05
89.052000000,drone0/magnetometer/magnetometer/magnetometer,-6.478607353901148e-07,1.969147658721711e-05,-4.422066895801051e-05
89.200000000,drone0/magnetometer/magnetometer/magnetometer,-2.13429304962628e-06,2.0217414587229855e-05,-4.391334896429632e-05
89.352000000,drone0/magnetometer/magnetometer/magnetometer,-1.6392437955768689e-06,2.040943473879382e-05,-4.384929290885617e-05
89.500000000,drone0/magnetometer/magnetometer/magnetometer,-1.5153537737468703e-06,1.944577071438827e-05,-4.430105127647389e-05
89.652000000,drone0/magnetometer/magnetometer/magnetometer,-1.4816779436869584e-06,1.9128828462170767e-05,-4.4443631889207735e-05
89.800000000,drone0/magnetometer/magnetometer/magnetometer,-1.4069528528962323e-06,1.904664151815948e-05,-4.448302305365937e-05
89.900000000,drone0/magnetometer/magnetometer/magnetometer,-1.4590826551106877e-06,1.9018501679596245e-05,-4.449309487963123e-05
90.500000000,drone0/magnetometer/magnetometer/magnetometer,-2.944823994274797e-06,1.9750209261411946e-05,-4.407451154808352e-05
90.652000000,drone0/magnetometer/magnetometer/magnetometer,-3.5249919688335814e-06,2.0500198594759426e-05,-4.36729626416045e-05
90.800000000,drone0/magnetometer/magnetometer/magnetometer,-3.959586936362647e-06,2.1273530229303692e-05,-4.32502867457303e-05
90.900000000,drone0/magnetometer/magnetometer/magnetometer,-4.098255861675413e-06,2.1669214520331e-05,-4.3034330359305634e-05
91.052000000,drone0/magnetometer/magnetometer/magnetometer,-4.2702121437076205e-06,2.2215827767545755e-05,-4.272957381796339e-05
91.200000000,drone0/magnetometer/magnetometer/magnetometer,-6.202010988424063e-06,2.3075234057125097e-05,-4.199749695654616e-05
91.352000000,drone0/magnetometer/magnetometer/magnetometer,-9.897614918932172e-06,2.507079443820379e-05,-4.002658215448965e-05
91.500000000,drone0/magnetometer/magnetometer/magnetometer,-1.2247225545836199e-05,2.269051223537951e-05,-4.078645594280359e-05
91.652000000,drone0/magnetometer/magnetometer/magnetometer,-1.5012549028564116e-05,1.6920341336695695e-05,-4.264908639684724e-05
91.800000000,drone0/magnetometer/magnetometer/magnetometer,-1.8278985888947195e-05,1.2272680608028924e-05,-4.2964165410082215e-05
91.900000000,drone0/magnetometer/magnetometer/magnetometer,-1.9223819187837494e-05,9.293140166970764e-06,-4.3312406835895804e-05
92.052000000,drone0/magnetometer/magnetometer/magnetometer,-1.867098608574115e-05,9.793641713679715e-06,-4.344718380825562e-05
92.200000000,drone0/magnetometer/magnetometer/magnetometer,-1.85768975983097e-05,1.1632288325441557e-05,-4.30163400974024e-05
92.352000000,drone0/magnetometer/magnetometer/magnetometer,-1.8427826029827338e-05,1.3236337632295914e-05,-4.260143593617631e-05
92.500000000,drone0/magnetometer/magnetometer/magnetometer,-1.830956151274229e-05,1.5089807855239407e-05,-4.201520595972007e-05
92.652000000,drone0/magnetometer/magnetometer/magnetometer,-1.8492396718896173e-05,1.5764339039800273e-05,-4.167628368692689e-05
92.800000000,drone0/magnetometer/magnetometer/magnetometer,-1.8591513382703826e-05,1.5952178313023126e-05,-4.155704148265886e-05
92.900000000,drone0/magnetometer/magnetometer/magnetometer,-1.8635962362272036e-05,1.6003825653130943e-05,-4.151602770911758e-05
93.052000000,drone0/magnetometer/magnetometer/magnetometer,-1.8640344425506136e-05,1.5995670109152746e-05,-4.151722488152954e-05
93.200000000,drone0/magnetometer/magnetometer/magnetometer,-1.865550763060799e-05,1.600186490412291e-05,-4.150772965059502e-05
93.352000000,drone0/magnetometer/magnetometer/magnetometer,-1.86585544350202e-05,1.599919457530187e-05,-4.1507372124854085e-05
93.500000000,drone0/magnetometer/magnetometer/magnetometer,-1.874753006565355e-05,1.6013243846991726e-05,-4.146033583977038e-05
93.652000000,drone0/magnetometer/magnetometer/magnetometer,-1.8523080495034746e-05,1.5970258586607698e-05,-4.158148818063502e-05
93.800000000,drone0/magnetometer/magnetometer/magnetometer,-1.8549672835173317e-05,1.5968248526728823e-05,-4.1570024384450774e-05
93.900000000,drone0/magnetometer/magnetometer/magnetometer,-1.8741171372114015e-05,1.5969363769615222e-05,-4.148069969114922e-05
94.052000000,drone0/magnetometer/magnetometer/magnetometer,-1.9042047649918362e-05,1.6039476466479447e-05,-4.131094028315309e-05
94.200000000,drone0/magnetometer/magnetometer/magnetometer,-1.8911661943796718e-05,1.6047912459165382e-05,-4.136942007856633e-05
94.352000000,drone0/magnetometer/magnetometer/magnetometer,-1.8869199917147193e-05,1.6024206312843482e-05,-4.139889217797235e-05
94.500000000,drone0/magnetometer/magnetometer/magnetometer,-1.865139302636672e-05,1.59850936733746e-05,-4.151628285626225e-05
94.652000000,drone0/magnetometer/magnetometer/magnetometer,-1.8656096881177182e-05,1.59180720877551e-05,-4.1540562963490324e-05
94.800000000,drone0/magnetometer/magnetometer/magnetometer,-1.8601763301595782e-05,1.588992953975672e-05,-4.1576811481475335e-05
94.900000000,drone0/magnetometer/magnetometer/magnetometer,-1.8742965666242988e-05,1.5891269567195664e-05,-4.151068256310107e-05
95.052000000,drone0/magnetometer/magnetometer/magnetometer,-1.869145383770142e-05,1.5900224360029582e-05,-4.1531159647105146e-05
95.200000000,drone0/magnetometer/magnetometer/magnetometer,-1.8870783572567058e-05,1.5952271276651867e-05,-4.14266948638141e-05
95.352000000,drone0/magnetometer/magnetometer/magnetometer,-2.0033667202959534e-05,1.3482964433411595e-05,-4.1764753959170726e-05
95.500000000,drone0/magnetometer/magnetometer/magnetometer,-2.0641806748064753e-05,9.472909659664386e-06,-4.259254664785478e-05
95.652000000,drone0/magnetometer/magnetometer/magnetometer,-2.0952486140851264e-05,8.072654935067898e-06,-4.273711778236587e-05
95.800000000,drone0/magnetometer/magnetometer/magnetometer,-2.0988632510511387e-05,7.758334679299678e-06,-4.2779843698933205e-05
95.900000000,drone0/magnetometer/magnetometer/magnetometer,-2.091891094680535e-05,7.659641875257599e-06,-4.283366751802684e-05
96.052000000,drone0/magnetometer/magnetometer/magnetometer,-2.047957454485438e-05,8.84240613661946e-06,-4.2814076630588526e-05
96.200000000,drone0/magnetometer/magnetometer/magnetometer,-2.0922338765139056e-05,8.651606759698443e-06,-4.263371134196998e-05
96.352000000,drone0/magnetometer/magnetometer/magnetometer,-2.087608200017911e-05,7.97843963589602e-06,-4.2794152860428136e-05
96.500000000,drone0/magnetometer/magnetometer/magnetometer,-2.1065264504656505e-05,7.760736178032402e-06,-4.274055256883658e-05
96.652000000,drone0/magnetometer/magnetometer/magnetometer,-2.088918794249534e-05,7.716507368511268e-06,-4.283790629833713e-05
96.800000000,drone0/magnetometer/magnetometer/magnetometer,-2.0979241099668076e-05,7.71922839120658e-06,-4.2792011705361154e-05
96.900000000,drone0/magnetometer/magnetometer/magnetometer,-2.1440348240712737e-05,7.488154521076525e-06,-4.259920358735337e-05
97.052000000,drone0/magnetometer/magnetometer/magnetometer,-2.118670397672568e-05,7.099881123313228e-06,-4.2799398570375734e-05
97.200000000,drone0/magnetometer/magnetometer/magnetometer,-2.1178655614826818e-05,7.34527166667512e-06,-4.2759913374492164e-05
97.352000000,drone0/magnetometer/magnetometer/magnetometer,-2.087606212134105e-05,8.180883940914222e-06,-4.2754108720374105e-05
97.500000000,drone0/magnetometer/magnetometer/magnetometer,-2.063946179676659e-05,9.222729044177896e-06,-4.265089481459517e-05
97.652000000,drone0/magnetometer/magnetometer/magnetometer,-2.0195102856116628e-05,1.0080375059595933e-05,-4.26682268874239e-05
97.800000000,drone0/magnetometer/magnetometer/magnetometer,-1.9935933905020593e-05,1.0900559600814137e-05,-4.25845085743394e-05
97.900000000,drone0/magnetometer/magnetometer/magnetometer,-1.9912034254543855e-05,1.1301691003720254e-05,-4.2487537717722604e-05
98.052000000,drone0/magnetometer/magnetometer/magnetometer,-1.980620154823745e-05,1.1615266826161285e-05,-4.245097948698347e-05
98.200000000,drone0/magnetometer/magnetometer/magnetometer,-1.9901242513147152e-05,1.1770202037649913e-05,-4.23608369125674e-05
98.352000000,drone0/magnetometer/magnetometer/magnetometer,-1.999361010058053e-05,1.1896097454848373e-05,-4.2279483462300324e-05
98.500000000,drone0/magnetometer/magnetometer/magnetometer,-1.972439104969143e-05,1.2014851281489792e-05,-4.2375130794882554e-05
98.652000000,drone0/magnetometer/magnetometer/magnetometer,-1.9904205798716784e-05,1.2104217818933271e-05,-4.2261899879991867e-05
98.800000000,drone0/magnetometer/magnetometer/magnetometer,-1.9871128365870654e-05,1.2092260149141111e-05,-4.228149868898749e-05
98.900000000,drone0/magnetometer/magnetometer/magnetometer,-1.9928320739515672e-05,1.2029524255557004e-05,-4.2272231111759285e-05
99.700000000,drone0/magnetometer/magnetometer/magnetometer,-1.9749207243866782e-05,1.2082884422353698e-05,-4.234317970228364e-05
99.852000000,drone0/magnetometer/magnetometer/magnetometer,-1.9905888510351553e-05,1.203844639009696e-05,-4.228050944002727e-05
100.000000000,drone0/magnetometer/magnetometer/magnetometer,-1.982222241169976e-05,1.2006538790279719e-05,-4.2330429735931135e-05
100.152000000,drone0/magnetometer/magnetometer/magnetometer,-1.9816525421993425e-05,1.174490412434349e-05,-4.240906205019036e-05
100.300000000,drone0/magnetometer/magnetometer/magnetometer,-1.979045771326106e-05,1.181551393096252e-05,-4.240132419169233e-05
100.400000000,drone0/magnetometer/magnetometer/magnetometer,-1.966039592105275e-05,1.1838256864091536e-05,-4.245717173909531e-05
100.552000000,drone0/magnetometer/magnetometer/magnetometer,-1.9871564649121662e-05,1.1843783999829258e-05,-4.2353988332516345e-05
100.700000000,drone0/magnetometer/magnetometer/magnetometer,-1.9998011416956086e-05,1.1914572351004314e-05,-4.2271952133304324e-05
100.852000000,drone0/magnetometer/magnetometer/magnetometer,-1.9902960521556956e-05,1.1821929154731163e-05,-4.234509341783954e-05
101.000000000,drone0/magnetometer/magnetometer/magnetometer,-1.9840815010246987e-05,1.1819178782287836e-05,-4.237597241547238e-05
101.152000000,drone0/magnetometer/magnetometer/magnetometer,-1.9924234634195768e-05,1.185599741202492e-05,-4.2324907999126106e-05
101.300000000,drone0/magnetometer/magnetometer/magnetometer,-1.988212188703838e-05,1.1898118980246691e-05,-4.23331117728969e-05
101.400000000,drone0/magnetometer/magnetometer/magnetometer,-1.992246399345834e-05,1.1902946481978847e-05,-4.231213071867534e-05
101.552000000,drone0/magnetometer/magnetometer/magnetometer,-2.024258721616943e-05,1.1873505347309517e-05,-4.2163671043700095e-05
101.700000000,drone0/magnetometer/magnetometer/magnetometer,-1.9819899014885595e-05,1.1904486687924026e-05,-4.2361360886657977e-05
101.852000000,drone0/magnetometer/magnetometer/magnetometer,-1.985157212537548e-05,1.205194599737929e-05,-4.2302878976418305e-05
102.000000000,drone0/magnetometer/magnetometer/magnetometer,-1.9953803589062175e-05,1.201580388876938e-05,-4.226386264164821e-05
102.152000000,drone0/magnetometer/magnetometer/magnetometer,-1.9804238635864615e-05,1.1748616232267969e-05,-4.241392076299778e-05
102.300000000,drone0/magnetometer/magnetometer/magnetometer,-1.983925663158385e-05,1.1682164189278063e-05,-4.2416031460381706e-05
102.400000000,drone0/magnetometer/magnetometer/magnetometer,-1.9827594573210404e-05,1.1618959207447486e-05,-4.2439625540750246e-05
102.552000000,drone0/magnetometer/magnetometer/magnetometer,-1.9894864099028804e-05,1.160827785176475e-05,-4.241015443589161e-05
102.700000000,drone0/magnetometer/magnetometer/magnetometer,-1.9924922675910906e-05,1.1886079200171579e-05,-4.2315842188831454e-05
102.852000000,drone0/magnetometer/magnetometer/magnetometer,-1.9924234121675745e-05,1.1984825980929851e-05,-4.22873502557271e-05
103.000000000,drone0/magnetometer/magnetometer/magnetometer,-1.980940274304812e-05,1.1956053639699438e-05,-4.235140068288962e-05
103.152000000,drone0/magnetometer/magnetometer/magnetometer,-1.9853232068610793e-05,1.189948597947232e-05,-4.234670384459739e-05
103.300000000,drone0/magnetometer/magnetometer/magnetometer,-1.9886404857858727e-05,1.1911151721645372e-05,-4.232724319361935e-05
103.400000000,drone0/magnetometer/magnetometer/magnetometer,-1.9801385869931018e-05,1.1924068179574646e-05,-4.236459753177441e-05
103.552000000,drone0/magnetometer/magnetometer/magnetometer,-1.982980048128251e-05,1.1909725427006003e-05,-4.2355054661443466e-05
103.700000000,drone0/magnetometer/magnetometer/magnetometer,-2.0016393777229312e-05,1.1896554055819728e-05,-4.226822581623675e-05
103.852000000,drone0/magnetometer/magnetometer/magnetometer,-1.9988628755272042e-05,1.1842377407056859e-05,-4.229751556115682e-05
104.000000000,drone0/magnetometer/magnetometer/magnetometer,-1.988822973385509e-05,1.1698110768483431e-05,-4.23878051610179e-05
104.152000000,drone0/magnetometer/magnetometer/magnetometer,-1.997486011560925e-05,1.1885083988888998e-05,-4.2291831297609876e-05
104.300000000,drone0/magnetometer/magnetometer/magnetometer,-1.996824442649098e-05,1.1939708712890886e-05,-4.227913300045114e-05
104.400000000,drone0/magnetometer/magnetometer/magnetometer,-2.0196739909394866e-05,1.1945980842364877e-05,-4.2165168666095434e-05
104.552000000,drone0/magnetometer/magnetometer/magnetometer,-1.9955850980917184e-05,1.1874476997230368e-05,-4.2304172320646806e-05
104.700000000,drone0/magnetometer/magnetometer/magnetometer,-2.0037719349968327e-05,1.1839609339837207e-05,-4.227434534560728e-05
104.852000000,drone0/magnetometer/magnetometer/magnetometer,-1.97629790658496e-05,1.1774758592769431e-05,-4.242627759755313e-05
105.000000000,drone0/magnetometer/magnetometer/magnetometer,-1.9710137624618627e-05,1.1803691809828176e-05,-4.244332417555937e-05
105.152000000,drone0/magnetometer/magnetometer/magnetometer,-1.9840749405543375e-05,1.1883193524077227e-05,-4.235747389426521e-05
105.300000000,drone0/magnetometer/magnetometer/magnetometer,-1.973257871366717e-05,1.179993504931034e-05,-4.243364192449174e-05
105.400000000,drone0/magnetometer/magnetometer/magnetometer,-1.998828289036063e-05,1.180837888587411e-05,-4.230751982578696e-05
105.552000000,drone0/magnetometer/magnetometer/magnetometer,-2.002079379233137e-05,1.1846258098293619e-05,-4.228069134046784e-05
105.700000000,drone0/magnetometer/magnetometer/magnetometer,-1.9261140104599123e-05,1.3622467586176412e-05,-4.209194016297314e-05
105.852000000,drone0/magnetometer/magnetometer/magnetometer,-1.8840432139529875e-05,1.6043715515522047e-05,-4.140466522279188e-05
106.000000000,drone0/magnetometer/magnetometer/magnetometer,-1.8858237994157708e-05,1.6818361881331817e-05,-4.107915974729886e-05
107.100000000,drone0/magnetometer/magnetometer/magnetometer,-1.862469156961863e-05,1.6050794433433897e-05,-4.150261586698923e-05
107.200000000,drone0/magnetometer/magnetometer/magnetometer,-1.8647737768469715e-05,1.599871714071325e-05,-4.151258572537112e-05
107.352000000,drone0/magnetometer/magnetometer/magnetometer,-1.875841461369736e-05,1.6002482026994136e-05,-4.145951851480434e-05
107.500000000,drone0/magnetometer/magnetometer/magnetometer,-2.009773762662519e-05,1.2815267104581749e-05,-4.194957449051174e-05
107.652000000,drone0/magnetometer/magnetometer/magnetometer,-2.0697590523256107e-05,9.026576509191915e-06,-4.266561567845147e-05
107.800000000,drone0/magnetometer/magnetometer/magnetometer,-2.084887535723626e-05,7.874666361326047e-06,-4.282795830455788e-05
107.900000000,drone0/magnetometer/magnetometer/magnetometer,-2.1021876599381026e-05,7.678327439036573e-06,-4.2778168364673314e-05
108.052000000,drone0/magnetometer/magnetometer/magnetometer,-2.101969844211841e-05,7.586019195516625e-06,-4.279655620902069e-05
108.200000000,drone0/magnetometer/magnetometer/magnetometer,-2.1321581375053857e-05,7.4521348982334985e-06,-4.266719552308707e-05
108.352000000,drone0/magnetometer/magnetometer/magnetometer,-2.139801126066464e-05,6.904985641932998e-06,-4.272462481560346e-05
108.500000000,drone0/magnetometer/magnetometer/magnetometer,-2.1324003735747366e-05,6.746046817177614e-06,-4.2789476138386375e-05
108.652000000,drone0/magnetometer/magnetometer/magnetometer,-2.137851283934439e-05,7.111598637754559e-06,-4.2698965987144384e-05
108.800000000,drone0/magnetometer/magnetometer/magnetometer,-2.1157547791242398e-05,7.794385336144944e-06,-4.2687124946097746e-05
108.900000000,drone0/magnetometer/magnetometer/magnetometer,-2.088230737213298e-05,8.215423969124995e-06,-4.274403047101723e-05
109.052000000,drone0/magnetometer/magnetometer/magnetometer,-2.0418504473411402e-05,9.15082715775961e-06,-4.2776518271316676e-05
109.200000000,drone0/magnetometer/magnetometer/magnetometer,-2.0107162996403327e-05,1.0116851665141923e-05,-4.270208167468117e-05
109.352000000,drone0/magnetometer/magnetometer/magnetometer,-1.9855987405836615e-05,1.0777230482542947e-05,-4.2655553520025866e-05
109.500000000,drone0/magnetometer/magnetometer/magnetometer,-2.0118286659721377e-05,1.141444416926712e-05,-4.2355858581957114e-05
109.652000000,drone0/magnetometer/magnetometer/magnetometer,-1.9955201009913265e-05,1.1639346554124409e-05,-4.2372069980950905e-05
109.800000000,drone0/magnetometer/magnetometer/magnetometer,-1.9853284236397685e-05,1.1731168110826949e-05,-4.239525281357736e-05
109.900000000,drone0/magnetometer/magnetometer/magnetometer,-1.9945747808492948e-05,1.1718317933933943e-05,-4.2354125752599755e-05
110.052000000,drone0/magnetometer/magnetometer/magnetometer,-1.9877122475703495e-05,1.1819326989176956e-05,-4.235836705628619e-05
110.200000000,drone0/magnetometer/magnetometer/magnetometer,-2.0046149498854798e-05,1.1796590066659334e-05,-4.228266712099215e-05
110.352000000,drone0/magnetometer/magnetometer/magnetometer,-2.008803290263788e-05,1.1942435115785872e-05,-4.221974591268004e-05
110.500000000,drone0/magnetometer/magnetometer/magnetometer,-1.9802177452772604e-05,1.2608271822557832e-05,-4.215889417104974e-05
110.652000000,drone0/magnetometer/magnetometer/magnetometer,-1.9932766147048345e-05,1.2103890064285703e-05,-4.224810434418017e-05
110.800000000,drone0/magnetometer/magnetometer/magnetometer,-1.9847118262144233e-05,1.1716075830705513e-05,-4.2402551511930795e-05
110.900000000,drone0/magnetometer/magnetometer/magnetometer,-1.9933779989469596e-05,1.1594451605997447e-05,-4.239521157962103e-05
111.052000000,drone0/magnetometer/magnetometer/magnetometer,-2.0081136552862384e-05,1.1524097811491494e-05,-4.2343291288122215e-05
111.200000000,drone0/magnetometer/magnetometer/magnetometer,-2.0162074109568e-05,1.1500998456222274e-05,-4.231010326199608e-05
111.352000000,drone0/magnetometer/magnetometer/magnetometer,-2.0017919155249463e-05,1.1654980513075882e-05,-4.233708166943904e-05
111.500000000,drone0/magnetometer/magnetometer/magnetometer,-1.9995422168796806e-05,1.1802036005613116e-05,-4.230587060057423e-05
111.652000000,drone0/magnetometer/magnetometer/magnetometer,-1.993036777280361e-05,1.1809234335477445e-05,-4.23354562252271e-05
111.800000000,drone0/magnetometer/magnetometer/magnetometer,-1.9978917456019807e-05,1.1769628519129537e-05,-4.232325676417507e-05
111.900000000,drone0/magnetometer/magnetometer/magnetometer,-1.9974036405251293e-05,1.1797491877931373e-05,-4.231760451884038e-05
112.052000000,drone0/magnetometer/magnetometer/magnetometer,-1.981067319615731e-05,1.181982550155178e-05,-4.239033655723016e-05
112.200000000,drone0/magnetometer/magnetometer/magnetometer,-1.9841465257148453e-05,1.17559105643257e-05,-4.239386877677064e-05
112.352000000,drone0/magnetometer/magnetometer/magnetometer,-2.000196951760979e-05,1.1759283678552213e-05,-4.231499768416192e-05
112.500000000,drone0/magnetometer/magnetometer/magnetometer,-2.0123315473462952e-05,1.1797548080568405e-05,-4.224455628883954e-05
112.652000000,drone0/magnetometer/magnetometer/magnetometer,-1.991339919442794e-05,1.1795080866692794e-05,-4.234777753926801e-05
112.800000000,drone0/magnetometer/magnetometer/magnetometer,-1.9785905702068087e-05,1.3370614303634664e-05,-4.192360736840014e-05
112.900000000,drone0/magnetometer/magnetometer/magnetometer,-1.984483583433611e-05,1.2768820562853895e-05,-4.208821548235811e-05
113.052000000,drone0/magnetometer/magnetometer/magnetometer,-2.0080535854702733e-05,1.1794282454117935e-05,-4.2266495991790945e-05
114.100000000,drone0/magnetometer/magnetometer/magnetometer,-1.9964321687493277e-05,1.1816089331781632e-05,-4.231696472924333e-05
114.200000000,drone0/magnetometer/magnetometer/magnetometer,-1.996125693846297e-05,1.175780542633469e-05,-4.233525473990775e-05
114.352000000,drone0/magnetometer/magnetometer/magnetometer,-2.007451614023571e-05,1.1777311194408173e-05,-4.227434337594187e-05
114.500000000,drone0/magnetometer/magnetometer/magnetometer,-1.967099257456384e-05,1.271958943823864e-05,-4.218772749436072e-05
114.652000000,drone0/magnetometer/magnetometer/magnetometer,-2.0034611622004184e-05,1.2132680280619229e-05,-4.21898156650708e-05
114.800000000,drone0/magnetometer/magnetometer/magnetometer,-2.0141268787049275e-05,1.1679951353283233e-05,-4.226954637574885e-05
114.900000000,drone0/magnetometer/magnetometer/magnetometer,-2.0202743227356135e-05,1.164692415375175e-05,-4.2248711629259575e-05
115.052000000,drone0/magnetometer/magnetometer/magnetometer,-2.0102107798303163e-05,1.1673190951681421e-05,-4.229070656273891e-05
115.200000000,drone0/magnetometer/magnetometer/magnetometer,-2.0290681110370402e-05,1.1543278300781967e-05,-4.223469234253661e-05
115.352000000,drone0/magnetometer/magnetometer/magnetometer,-1.938357971444417e-05,1.2255915059792374e-05,-4.246599104703565e-05
115.500000000,drone0/magnetometer/magnetometer/magnetometer,-1.9048890030447903e-05,1.4820412744331667e-05,-4.17734721840035e-05
115.652000000,drone0/magnetometer/magnetometer/magnetometer,-1.899895211387708e-05,1.5806584342156562e-05,-4.142357286174274e-05
115.800000000,drone0/magnetometer/magnetometer/magnetometer,-1.8839448794198917e-05,1.601310642218216e-05,-4.1417305664605294e-05
115.900000000,drone0/magnetometer/magnetometer/magnetometer,-1.868691400497059e-05,1.6000899564784566e-05,-4.1493506590066836e-05
116.052000000,drone0/magnetometer/magnetometer/magnetometer,-1.8722760492842265e-05,1.596244989865854e-05,-4.149202709063778e-05
116.200000000,drone0/magnetometer/magnetometer/magnetometer,-1.8775691144981807e-05,1.5948668657165648e-05,-4.1472749345000335e-05
116.352000000,drone0/magnetometer/magnetometer/magnetometer,-1.876782382843781e-05,1.5924237082474294e-05,-4.1486078747893754e-05
116.500000000,drone0/magnetometer/magnetometer/magnetometer,-1.8746041216390384e-05,1.589403494915389e-05,-4.1508158611587314e-05
116.652000000,drone0/magnetometer/magnetometer/magnetometer,-1.8787956389308984e-05,1.5868823926739326e-05,-4.149848754445359e-05
116.800000000,drone0/magnetometer/magnetometer/magnetometer,-1.8687788504057507e-05,1.5856356286745934e-05,-4.1550102851532846e-05
116.900000000,drone0/magnetometer/magnetometer/magnetometer,-1.8771548841536882e-05,1.5823462279776996e-05,-4.1523962101032694e-05
117.052000000,drone0/magnetometer/magnetometer/magnetometer,-1.8775123953328276e-05,1.5841659473614128e-05,-4.151515705275199e-05
117.200000000,drone0/magnetometer/magnetometer/magnetometer,-1.8873025191576056e-05,1.5837816516499475e-05,-4.147076404337299e-05
117.352000000,drone0/magnetometer/magnetometer/magnetometer,-1.8864991273283032e-05,1.582507165247059e-05,-4.1479542927165676e-05
117.500000000,drone0/magnetometer/magnetometer/magnetometer,-1.8804336741750076e-05,1.580006694354351e-05,-4.1517788753359856e-05
117.652000000,drone0/magnetometer/magnetometer/magnetometer,-1.8709472468106942e-05,1.5735382949491102e-05,-4.158728516320108e-05
117.800000000,drone0/magnetometer/magnetometer/magnetometer,-1.883006296779041e-05,1.573781550055555e-05,-4.1530047676872294e-05
117.900000000,drone0/magnetometer/magnetometer/magnetometer,-1.8922951686181117e-05,1.578314953368947e-05,-4.146868212907137e-05
118.052000000,drone0/magnetometer/magnetometer/magnetometer,-1.8882675022119015e-05,1.5797124896382402e-05,-4.148218047021099e-05
118.200000000,drone0/magnetometer/magnetometer/magnetometer,-1.8867712294867885e-05,1.5764643044322103e-05,-4.1501916991463124e-05
118.352000000,drone0/magnetometer/magnetometer/magnetometer,-1.8811151239620057e-05,1.5736675427996566e-05,-4.1539348103167246e-05
118.500000000,drone0/magnetometer/magnetometer/magnetometer,-1.895140515135968e-05,1.5787711417532516e-05,-4.145346723451847e-05
118.652000000,drone0/magnetometer/magnetometer/magnetometer,-2.021017888184115e-05,1.3637409808764551e-05,-4.162505065082983e-05
118.800000000,drone0/magnetometer/magnetometer/magnetometer,-2.0794555194656793e-05,9.478778885314979e-06,-4.2514516629844306e-05
118.900000000,drone0/magnetometer/magnetometer/magnetometer,-2.0988536727787845e-05,8.246099441777057e-06,-4.26841814640766e-05
119.052000000,drone0/magnetometer/magnetometer/magnetometer,-2.0900214421283832e-05,7.596731689491709e-06,-4.2854830323589216e-05
119.200000000,drone0/magnetometer/magnetometer/magnetometer,-2.1090233219355042e-05,7.492474116335121e-06,-4.2778100370179374e-05
119.352000000,drone0/magnetometer/magnetometer/magnetometer,-2.1130080293536007e-05,7.48837756885394e-06,-4.275858703407956e-05
119.500000000,drone0/magnetometer/magnetometer/magnetometer,-2.119817549916485e-05,7.574265977759538e-06,-4.270793780900172e-05
119.652000000,drone0/magnetometer/magnetometer/magnetometer,-2.0994545196603435e-05,8.826842450745886e-06,-4.255954523642826e-05
119.800000000,drone0/magnetometer/magnetometer/magnetometer,-2.1248403187854604e-05,8.032869301608948e-06,-4.2594177334825426e-05
119.900000000,drone0/magnetometer/magnetometer/magnetometer,-2.1243118692169418e-05,7.78018956550734e-06,-4.2646032690163224e-05
120.700000000,drone0/magnetometer/magnetometer/magnetometer,-2.0992381104550338e-05,7.871717533963987e-06,-4.2756218181462604e-05
120.852000000,drone0/magnetometer/magnetometer/magnetometer,-2.078716640570474e-05,8.483878335109333e-06,-4.2736970180962435e-05
121.000000000,drone0/magnetometer/magnetometer/magnetometer,-2.0619784899559495e-05,9.304933571910097e-06,-4.2642095067808724e-05
121.152000000,drone0/magnetometer/magnetometer/magnetometer,-2.0517047302560398e-05,9.931953060161864e-06,-4.254583880784702e-05
121.300000000,drone0/magnetometer/magnetometer/magnetometer,-2.0441722796830956e-05,1.0529431444465573e-05,-4.243379052690942e-05
121.400000000,drone0/magnetometer/magnetometer/magnetometer,-2.02505803333933e-05,1.1015438794380261e-05,-4.2400290711681e-05
121.552000000,drone0/magnetometer/magnetometer/magnetometer,-2.0107873396201633e-05,1.1365545351226318e-05,-4.2374577620829895e-05
121.700000000,drone0/magnetometer/magnetometer/magnetometer,-2.010296363441256e-05,1.158627071974394e-05,-4.2315027391021164e-05
121.852000000,drone0/magnetometer/magnetometer/magnetometer,-1.9978942338366356e-05,1.1743939999337489e-05,-4.233062996537645e-05
122.000000000,drone0/magnetometer/magnetometer/magnetometer,-2.007183326304234e-05,1.1813828573341722e-05,-4.226511120119796e-05
122.152000000,drone0/magnetometer/magnetometer/magnetometer,-2.0509317952073442e-05,1.120623135889967e-05,-4.221981530469896e-05
122.300000000,drone0/magnetometer/magnetometer/magnetometer,-2.0311125572384067e-05,1.102762312896578e-05,-4.2367122930782296e-05
122.400000000,drone0/magnetometer/magnetometer/magnetometer,-2.046491841157365e-05,1.1017889506137934e-05,-4.2293356480976475e-05
122.552000000,drone0/magnetometer/magnetometer/magnetometer,-2.0542231416388738e-05,1.1002322681092703e-05,-4.225889358794547e-05
122.700000000,drone0/magnetometer/magnetometer/magnetometer,-2.053803530614759e-05,1.0854341240023563e-05,-4.230066566553038e-05
122.852000000,drone0/magnetometer/magnetometer/magnetometer,-2.0431082382532384e-05,1.0850505399044985e-05,-4.2355062063958604e-05
123.000000000,drone0/magnetometer/magnetometer/magnetometer,-2.099469271394208e-05,1.063156063205897e-05,-4.212790466603294e-05
123.152000000,drone0/magnetometer/magnetometer/magnetometer,-2.3023758526556903e-05,1.0496368900243038e-05,-4.105793685177441e-05
123.300000000,drone0/magnetometer/magnetometer/magnetometer,-2.2659723041891677e-05,9.283473543843228e-06,-4.156713945763089e-05
123.400000000,drone0/magnetometer/magnetometer/magnetometer,-2.2037490496406155e-05,8.257903725678509e-06,-4.213366032072832e-05
123.552000000,drone0/magnetometer/magnetometer/magnetometer,-2.259591012468365e-05,4.42602981572884e-06,-4.243861314081621e-05
123.700000000,drone0/magnetometer/magnetometer/magnetometer,-2.259525092052566e-05,1.5992993313430948e-06,-4.266204866360962e-05
123.852000000,drone0/magnetometer/magnetometer/magnetometer,-2.2717391466995145e-05,7.425072402888471e-07,-4.2625461910861054e-05
124.000000000,drone0/magnetometer/magnetometer/magnetometer,-2.291069720241946e-05,9.66167165482985e-07,-4.251266593149998e-05
124.152000000,drone0/magnetometer/magnetometer/magnetometer,-2.2779349511729424e-05,1.7600364570669987e-06,-4.255358981460711e-05
124.300000000,drone0/magnetometer/magnetometer/magnetometer,-2.2862253059501474e-05,2.3346641633912005e-06,-4.247556879328994e-05
124.400000000,drone0/magnetometer/magnetometer/magnetometer,-2.2895664840869685e-05,2.7011726954755995e-06,-4.243235933537139e-05
124.552000000,drone0/magnetometer/magnetometer/magnetometer,-2.2940158309420427e-05,2.966923757875752e-06,-4.238771109736775e-05
124.700000000,drone0/magnetometer/magnetometer/magnetometer,-2.2854547869855906e-05,3.134407282664794e-06,-4.242185204993809e-05
124.852000000,drone0/magnetometer/magnetometer/magnetometer,-2.2917619406081467e-05,3.234005041208338e-06,-4.2378536045554726e-05
125.000000000,drone0/magnetometer/magnetometer/magnetometer,-2.3010066805023493e-05,3.343927693980497e-06,-4.231752844333601e-05
125.152000000,drone0/magnetometer/magnetometer/magnetometer,-2.417140654485029e-05,3.3576846068197296e-06,-4.1645328689476555e-05
125.300000000,drone0/magnetometer/magnetometer/magnetometer,-2.3199158702655776e-05,3.2863169025317066e-06,-4.221620414229618e-05
125.400000000,drone0/magnetometer/magnetometer/magnetometer,-2.292153246778791e-05,3.365850404134662e-06,-4.2365009037428085e-05
125.552000000,drone0/magnetometer/magnetometer/magnetometer,-2.2753071315356575e-05,3.2416176519814696e-06,-4.246901276372496e-05
125.700000000,drone0/magnetometer/magnetometer/magnetometer,-2.303074527305607e-05,4.649562844473289e-06,-4.2171502981856015e-05
125.852000000,drone0/magnetometer/magnetometer/magnetometer,-2.329110367413248e-05,6.76480429567724e-06,-4.1717345062281456e-05
126.000000000,drone0/magnetometer/magnetometer/magnetometer,-2.32303981949066e-05,7.4009488542650156e-06,-4.163832482360331e-05
126.152000000,drone0/magnetometer/magnetometer/magnetometer,-2.3171159243597003e-05,7.557967813214535e-06,-4.164263652730755e-05
126.300000000,drone0/magnetometer/magnetometer/magnetometer,-2.337076611051049e-05,7.57079989483697e-06,-4.152529374924253e-05
126.400000000,drone0/magnetometer/magnetometer/magnetometer,-2.307190256171304e-05,6.432759997863148e-06,-4.189773584666239e-05
126.552000000,drone0/magnetometer/magnetometer/magnetometer,-2.282040123418572e-05,1.7433232697776719e-06,-4.253177560125078e-05
126.700000000,drone0/magnetometer/magnetometer/magnetometer,-2.2690406878860402e-05,-6.008785828422692e-08,-4.265278505776165e-05
126.852000000,drone0/magnetometer/magnetometer/magnetometer,-2.2728216440246497e-05,-1.1974086833589937e-07,-4.26323928175051e-05
127.000000000,drone0/magnetometer/magnetometer/magnetometer,-2.2905357307550004e-05,6.634607030844757e-07,-4.252376604811124e-05
127.152000000,drone0/magnetometer/magnetometer/magnetometer,-2.306960248625029e-05,1.46439075584134e-06,-4.240600922361328e-05
127.300000000,drone0/magnetometer/magnetometer/magnetometer,-2.5534095989851436e-05,1.7689923330594939e-06,-4.091437055631254e-05
127.400000000,drone0/magnetometer/magnetometer/magnetometer,-2.6225556465174765e-05,1.977049481616743e-06,-4.045149408587185e-05
127.552000000,drone0/magnetometer/magnetometer/magnetometer,-2.666560698939214e-05,2.466991401222527e-06,-4.012387795312131e-05
127.700000000,drone0/magnetometer/magnetometer/magnetometer,-2.6811057546113018e-05,2.593495759445473e-06,-4.001521029638767e-05
127.852000000,drone0/magnetometer/magnetometer/magnetometer,-2.2873282940059842e-05,2.8106096311843628e-06,-4.2436783581591856e-05
128.000000000,drone0/magnetometer/magnetometer/magnetometer,-2.0901647293182964e-05,3.2890523123756166e-06,-4.343380173954111e-05
128.152000000,drone0/magnetometer/magnetometer/magnetometer,-2.036158724943797e-05,3.4785939219229304e-06,-4.368126064980578e-05
128.252000000,drone0/magnetometer/magnetometer/magnetometer,-1.9449497950553532e-05,3.5372539639241574e-06,-4.410283571557095e-05
129.452000000,drone0/magnetometer/magnetometer/magnetometer,-1.8470821899457883e-05,3.894744556884252e-06,-4.450260152656522e-05
129.600000000,drone0/magnetometer/magnetometer/magnetometer,-1.846764409043862e-05,3.6132264951491516e-06,-4.452991419082289e-05
129.752000000,drone0/magnetometer/magnetometer/magnetometer,-1.8490375839039856e-05,3.762071732744037e-06,-4.450666689052599e-05
129.900000000,drone0/magnetometer/magnetometer/magnetometer,-1.851707599343594e-05,3.857691301474204e-06,-4.448625407581231e-05
130.052000000,drone0/magnetometer/magnetometer/magnetometer,-1.851093390280449e-05,3.821734056881553e-06,-4.44922816764244e-05
130.200000000,drone0/magnetometer/magnetometer/magnetometer,-1.852452546045724e-05,3.840645072091689e-06,-4.4484658320957395e-05
130.300000000,drone0/magnetometer/magnetometer/magnetometer,-1.852027435204686e-05,3.8594590515477e-06,-4.4484710987205453e-05
130.452000000,drone0/magnetometer/magnetometer/magnetometer,-1.853632030735235e-05,3.852404609840877e-06,-4.447847146063774e-05
130.600000000,drone0/magnetometer/magnetometer/magnetometer,-1.8550751299848082e-05,3.766185183615488e-06,-4.448031697812563e-05
130.752000000,drone0/magnetometer/magnetometer/magnetometer,-2.341245753590922e-05,3.4877085036557425e-06,-4.207705723402888e-05
130.900000000,drone0/magnetometer/magnetometer/magnetometer,-2.5633232934037937e-05,3.0403121894940608e-06,-4.076511549893033e-05
131.052000000,drone0/magnetometer/magnetometer/magnetometer,-2.652120666190867e-05,2.9410774100140676e-06,-4.0186028306401376e-05
131.200000000,drone0/magnetometer/magnetometer/magnetometer,-2.684950163657832e-05,2.861287499168548e-06,-3.996817461301209e-05
131.300000000,drone0/magnetometer/magnetometer/magnetometer,-2.6954898066606944e-05,2.8004107085113853e-06,-3.990016428825296e-05
131.452000000,drone0/magnetometer/magnetometer/magnetometer,-2.7013416786015643e-05,2.8764749634257533e-06,-3.985346153878542e-05
131.600000000,drone0/magnetometer/magnetometer/magnetometer,-2.7017654854128903e-05,2.866849341956058e-06,-3.985129100845147e-05
131.752000000,drone0/magnetometer/magnetometer/magnetometer,-2.700946107881337e-05,2.8440286504086605e-06,-3.985882209039362e-05
131.900000000,drone0/magnetometer/magnetometer/magnetometer,-2.699137637284683e-05,2.727621810594393e-06,-3.9880529337724774e-05
132.052000000,drone0/magnetometer/magnetometer/magnetometer,-2.6878286998416798e-05,2.7336322590675392e-06,-3.99583584743193e-05
132.200000000,drone0/magnetometer/magnetometer/magnetometer,-2.6639619056427763e-05,2.7781731330802786e-06,-4.011858773212563e-05
132.300000000,drone0/magnetometer/magnetometer/magnetometer,-2.6053633514086255e-05,2.857751555630291e-06,-4.0505422575740675e-05
132.452000000,drone0/magnetometer/magnetometer/magnetometer,-2.5357777909912543e-05,2.9447548103402954e-06,-4.09494303271212e-05
132.600000000,drone0/magnetometer/magnetometer/magnetometer,-2.4793545559519393e-05,3.0612982057777935e-06,-4.1293341544161394e-05
132.752000000,drone0/magnetometer/magnetometer/magnetometer,-2.401133344178181e-05,3.084200230731584e-06,-4.176376921845487e-05
132.900000000,drone0/magnetometer/magnetometer/magnetometer,-2.3689364140185906e-05,3.1252592592795095e-06,-4.194898059880214e-05
133.052000000,drone0/magnetometer/magnetometer/magnetometer,-2.3320956353118602e-05,3.1980568792609796e-06,-4.215464775125073e-05
133.200000000,drone0/magnetometer/magnetometer/magnetometer,-2.321271166619693e-05,3.297265062946909e-06,-4.220759729761112e-05
133.300000000,drone0/magnetometer/magnetometer/magnetometer,-2.31253242800235e-05,3.4118454863543195e-06,-4.224686483510197e-05
133.452000000,drone0/magnetometer/magnetometer/magnetometer,-2.310501400363461e-05,3.275161941360355e-06,-4.227023152574672e-05
133.600000000,drone0/magnetometer/magnetometer/magnetometer,-2.318039569882981e-05,3.3041466163549783e-06,-4.222526502335905e-05
133.752000000,drone0/magnetometer/magnetometer/magnetometer,-2.2166732218214962e-05,3.4081150674783667e-06,-4.277264041117e-05
133.900000000,drone0/magnetometer/magnetometer/magnetometer,-2.2962419755601207e-05,3.4234531659986986e-06,-4.233713358138764e-05
134.052000000,drone0/magnetometer/magnetometer/magnetometer,-2.2963504244945854e-05,3.2173760752269955e-06,-4.235437972921234e-05
134.200000000,drone0/magnetometer/magnetometer/magnetometer,-2.3195273883396818e-05,3.2046878393702805e-06,-4.222534550843298e-05
134.300000000,drone0/magnetometer/magnetometer/magnetometer,-2.327677047208649e-05,3.3489849213561256e-06,-4.216679684735096e-05
134.452000000,drone0/magnetometer/magnetometer/magnetometer,-2.340176422469893e-05,3.311842282822195e-06,-4.209883506212918e-05
134.600000000,drone0/magnetometer/magnetometer/magnetometer,-2.3330151918762006e-05,2.7516319237612483e-06,-4.218456428688116e-05
134.752000000,drone0/magnetometer/magnetometer/magnetometer,-2.3231636616982307e-05,2.5165773835286273e-06,-4.2257001772795315e-05
134.900000000,drone0/magnetometer/magnetometer/magnetometer,-2.327981690042758e-05,2.3704348169940777e-06,-4.2239359028421014e-05
135.052000000,drone0/magnetometer/magnetometer/magnetometer,-2.308792758033685e-05,2.1054464445939972e-06,-4.2363667764746744e-05
135.200000000,drone0/magnetometer/magnetometer/magnetometer,-2.3106045281282012e-05,2.128531510571303e-06,-4.235216817428115e-05
135.300000000,drone0/magnetometer/magnetometer/magnetometer,-2.317620693703794e-05,2.1519908222732887e-06,-4.231134595040548e-05
135.452000000,drone0/magnetometer/magnetometer/magnetometer,-2.2851581187131744e-05,2.1843591011900496e-06,-4.249067114477273e-05
135.600000000,drone0/magnetometer/magnetometer/magnetometer,-2.3347595273972928e-05,1.9811309935728095e-06,-4.222406304417463e-05
135.752000000,drone0/magnetometer/magnetometer/magnetometer,-2.325551043670125e-05,1.2826354445964891e-06,-4.230877354652037e-05
135.900000000,drone0/magnetometer/magnetometer/magnetometer,-2.307508969432715e-05,9.157028418513735e-07,-4.2422622103366015e-05
136.052000000,drone0/magnetometer/magnetometer/magnetometer,-2.3137596340805427e-05,8.702270229281262e-07,-4.23889018482378e-05
136.200000000,drone0/magnetometer/magnetometer/magnetometer,-2.3118389197428627e-05,1.003431023459221e-06,-4.23957003223099e-05
136.300000000,drone0/magnetometer/magnetometer/magnetometer,-2.310097570470503e-05,9.395995708337935e-07,-4.2407420849171385e-05
136.452000000,drone0/magnetometer/magnetometer/magnetometer,-2.3293388488126595e-05,8.810576364771958e-07,-4.2300751069346885e-05
136.600000000,drone0/magnetometer/magnetometer/magnetometer,-2.326492857266245e-05,8.33356333473071e-07,-4.2318192059268416e-05
136.752000000,drone0/magnetometer/magnetometer/magnetometer,-2.3356077333570118e-05,-1.885047168888769e-08,-4.2281300341024515e-05
136.900000000,drone0/magnetometer/magnetometer/magnetometer,-2.318419745770839e-05,-8.410814262022513e-07,-4.237632215053825e-05
137.900000000,drone0/magnetometer/magnetometer/magnetometer,-2.321613055764759e-05,-1.325617533314035e-06,-4.234953877895417e-05
138.052000000,drone0/magnetometer/magnetometer/magnetometer,-2.3349132981904242e-05,-1.3740967801505934e-06,-4.227308452675201e-05
138.200000000,drone0/magnetometer/magnetometer/magnetometer,-2.337961984488598e-05,-1.4071073013045958e-06,-4.225491073762973e-05
138.300000000,drone0/magnetometer/magnetometer/magnetometer,-2.3382419493897593e-05,-1.3481337041524885e-06,-4.225480507864133e-05
138.452000000,drone0/magnetometer/magnetometer/magnetometer,-2.321251083816067e-05,-1.2056492598375712e-06,-4.2354278340090344e-05
138.600000000,drone0/magnetometer/magnetometer/magnetometer,-2.3380731221166235e-05,-1.066634940588753e-06,-4.226172197057192e-05
138.752000000,drone0/magnetometer/magnetometer/magnetometer,-2.3482497309058015e-05,-1.034749331146703e-06,-4.220421965498478e-05
138.900000000,drone0/magnetometer/magnetometer/magnetometer,-2.3479288294016477e-05,-1.2956177842886337e-06,-4.220079123396769e-05
139.052000000,drone0/magnetometer/magnetometer/magnetometer,-2.3254562947889017e-05,-1.1946609037192524e-06,-4.2330778259587136e-05
139.200000000,drone0/magnetometer/magnetometer/magnetometer,-2.3357323602362778e-05,-1.0896706962887924e-06,-4.22746136973696e-05
139.300000000,drone0/magnetometer/magnetometer/magnetometer,-2.3147866924218424e-05,-1.1442658716379829e-06,-4.2391896681564985e-05
139.452000000,drone0/magnetometer/magnetometer/magnetometer,-2.302646912514913e-05,-1.1510351510100248e-06,-4.24597115539036e-05
139.600000000,drone0/magnetometer/magnetometer/magnetometer,-2.5282936917619906e-05,-1.3604145249088357e-06,-4.111446799500021e-05
139.752000000,drone0/magnetometer/magnetometer/magnetometer,-2.6463994715019437e-05,-2.041269695729839e-06,-4.0320729736238145e-05
139.900000000,drone0/magnetometer/magnetometer/magnetometer,-2.683105621329969e-05,-2.446649081066999e-06,-4.005139277951355e-05
140.052000000,drone0/magnetometer/magnetometer/magnetometer,-2.4321005915684253e-05,-2.2747825573857883e-06,-4.167322152775446e-05
140.200000000,drone0/magnetometer/magnetometer/magnetometer,-2.2183997321703728e-05,-9.58104690541346e-07,-4.2922066238689826e-05
140.300000000,drone0/magnetometer/magnetometer/magnetometer,-2.166199257857827e-05,-3.939892986231812e-07,-4.3200376516932256e-05
140.452000000,drone0/magnetometer/magnetometer/magnetometer,-2.1485378078154587e-05,-2.8158326014026816e-07,-4.329116114369991e-05
140.600000000,drone0/magnetometer/magnetometer/magnetometer,-1.981825342797197e-05,-7.954885504220362e-08,-4.410268026309848e-05
140.752000000,drone0/magnetometer/magnetometer/magnetometer,-1.9168695221132382e-05,8.588873283944101e-08,-4.439679696216143e-05
140.900000000,drone0/magnetometer/magnetometer/magnetometer,-1.8974074210655316e-05,8.40054992867084e-08,-4.4483058953868474e-05
141.052000000,drone0/magnetometer/magnetometer/magnetometer,-1.8873071724643593e-05,-2.2223355877298457e-08,-4.452825651268116e-05
141.200000000,drone0/magnetometer/magnetometer/magnetometer,-1.890356067634513e-05,7.69731671421342e-08,-4.451411711767773e-05
141.300000000,drone0/magnetometer/magnetometer/magnetometer,-1.8887335782964405e-05,1.0078130751742313e-07,-4.452100957852831e-05
141.452000000,drone0/magnetometer/magnetometer/magnetometer,-1.8899686022776197e-05,-1.2061894748985474e-08,-4.451652637687659e-05
141.600000000,drone0/magnetometer/magnetometer/magnetometer,-1.8875859247435245e-05,-3.507602811831212e-08,-4.452712081920426e-05
141.752000000,drone0/magnetometer/magnetometer/magnetometer,-1.889157232540413e-05,9.611168125253376e-09,-4.451992694699262e-05
141.900000000,drone0/magnetometer/magnetometer/magnetometer,-1.8920204507797475e-05,-7.053480419274319e-09,-4.450748838225044e-05
142.052000000,drone0/magnetometer/magnetometer/magnetometer,-2.0523944548533413e-05,-7.852562700522677e-08,-4.376854432002666e-05
142.200000000,drone0/magnetometer/magnetometer/magnetometer,-2.4828975267951226e-05,-1.4575137237336012e-06,-4.13950755740577e-05
142.300000000,drone0/magnetometer/magnetometer/magnetometer,-2.5887333332667486e-05,-2.035444946968167e-06,-4.070342458927826e-05
142.452000000,drone0/magnetometer/magnetometer/magnetometer,-2.6654264712413206e-05,-2.4778480366209336e-06,-4.01706633617e-05
142.600000000,drone0/magnetometer/magnetometer/magnetometer,-2.694290936823639e-05,-2.5534117495536357e-06,-3.9968403672007375e-05
142.752000000,drone0/magnetometer/magnetometer/magnetometer,-2.6994621160521032e-05,-2.6356495953069807e-06,-3.9927864863403135e-05
142.900000000,drone0/magnetometer/magnetometer/magnetometer,-2.6922768938429007e-05,-2.6236003788504944e-06,-3.9978311610577046e-05
143.052000000,drone0/magnetometer/magnetometer/magnetometer,-2.2281000795548136e-05,-1.655172835176006e-06,-4.285415282200017e-05
143.200000000,drone0/magnetometer/magnetometer/magnetometer,-2.025160905037133e-05,-5.286016388541474e-07,-4.389931701551584e-05
143.300000000,drone0/magnetometer/magnetometer/magnetometer,-1.960807576757693e-05,-2.51257101464287e-07,-4.420011493113925e-05
143.452000000,drone0/magnetometer/magnetometer/magnetometer,-1.9186771668592563e-05,-2.6783795504469696e-08,-4.438962804917765e-05
143.600000000,drone0/magnetometer/magnetometer/magnetometer,-1.8992264547242796e-05,-1.1840896931750173e-07,-4.447642959364514e-05
143.752000000,drone0/magnetometer/magnetometer/magnetometer,-1.8998621565051893e-05,-1.0274278901990436e-08,-4.447299957990607e-05
143.900000000,drone0/magnetometer/magnetometer/magnetometer,-1.898507516456906e-05,3.6309210299906896e-08,-4.4478621950694204e-05
144.052000000,drone0/magnetometer/magnetometer/magnetometer,-2.342432395648361e-05,-8.721369563375646e-07,-4.22399050686536e-05
144.200000000,drone0/magnetometer/magnetometer/magnetometer,-2.5616978619924114e-05,-2.2055811917017983e-06,-4.087110714247793e-05
144.300000000,drone0/magnetometer/magnetometer/magnetometer,-2.6359974752446307e-05,-2.470232293466778e-06,-4.03698721143049e-05
144.452000000,drone0/magnetometer/magnetometer/magnetometer,-2.679301236956594e-05,-2.682246920570689e-06,-4.006421449438595e-05
144.600000000,drone0/magnetometer/magnetometer/magnetometer,-2.6994152716806072e-05,-2.674920675714084e-06,-3.992587432571982e-05
144.752000000,drone0/magnetometer/magnetometer/magnetometer,-2.7026778373559317e-05,-2.9628114281326993e-06,-3.988504380464175e-05
144.900000000,drone0/magnetometer/magnetometer/magnetometer,-2.7522837866049736e-05,-3.832010236974274e-06,-3.9467245823213666e-05
145.052000000,drone0/magnetometer/magnetometer/magnetometer,-2.5308825098450337e-05,-6.32050822565899e-06,-4.066761952179258e-05
145.200000000,drone0/magnetometer/magnetometer/magnetometer,-2.1492940272787088e-05,-1.3009322056783403e-05,-4.137083435824127e-05
145.300000000,drone0/magnetometer/magnetometer/magnetometer,-1.878331481027695e-05,-1.6871600866272257e-05,-4.135619391809845e-05
145.452000000,drone0/magnetometer/magnetometer/magnetometer,-1.5226846333202694e-05,-2.059312644981554e-05,-4.120147896315575e-05
145.600000000,drone0/magnetometer/magnetometer/magnetometer,-1.3705268330824714e-05,-2.3645304556104577e-05,-4.0115833070152824e-05
145.752000000,drone0/magnetometer/magnetometer/magnetometer,-1.1811565352725092e-05,-2.355820951205533e-05,-4.07910148112635e-05
145.900000000,drone0/magnetometer/magnetometer/magnetometer,-1.1288645526207626e-05,-2.1586338595475117e-05,-4.2012227395775804e-05
146.052000000,drone0/magnetometer/magnetometer/magnetometer,-1.0955439429234388e-05,-2.0578887571222253e-05,-4.260248099907203e-05
146.200000000,drone0/magnetometer/magnetometer/magnetometer,-1.1093598739342011e-05,-2.0243466479291032e-05,-4.272409527002395e-05
147.400000000,drone0/magnetometer/magnetometer/magnetometer,-1.1653206765816505e-05,-2.0749566349954876e-05,-4.232497723283202e-05
147.552000000,drone0/magnetometer/magnetometer/magnetometer,-1.1580170368291563e-05,-2.080558072972486e-05,-4.2318729419515874e-05
147.700000000,drone0/magnetometer/magnetometer/magnetometer,-1.153716573908981e-05,-2.1015093919499488e-05,-4.222824280809614e-05
147.800000000,drone0/magnetometer/magnetometer/magnetometer,-1.1434119979097684e-05,-2.096067497627633e-05,-4.2284464510432936e-05
147.952000000,drone0/magnetometer/magnetometer/magnetometer,-1.1370794316251477e-05,-2.071587542034906e-05,-4.24218638531776e-05
148.100000000,drone0/magnetometer/magnetometer/magnetometer,-1.1388035203694343e-05,-2.077273233397975e-05,-4.2389412647176944e-05
148.252000000,drone0/magnetometer/magnetometer/magnetometer,-1.1493762621488037e-05,-2.0885449686139363e-05,-4.230441720318536e-05
148.400000000,drone0/magnetometer/magnetometer/magnetometer,-1.1642354079721016e-05,-2.0897124515693315e-05,-4.225602840317052e-05
148.552000000,drone0/magnetometer/magnetometer/magnetometer,-1.1434182041751769e-05,-2.110165308888296e-05,-4.2214810671123945e-05
148.700000000,drone0/magnetometer/magnetometer/magnetometer,-1.1474288568492099e-05,-2.1072837390508593e-05,-4.2217669685369475e-05
148.800000000,drone0/magnetometer/magnetometer/magnetometer,-1.1417279615611524e-05,-2.0876315535292998e-05,-4.233062519603137e-05
148.952000000,drone0/magnetometer/magnetometer/magnetometer,-1.1569030704601424e-05,-2.0848338745563193e-05,-4.2301045335091184e-05
149.100000000,drone0/magnetometer/magnetometer/magnetometer,-1.1355731134889814e-05,-2.0855744554224748e-05,-4.2358062087901115e-05
149.252000000,drone0/magnetometer/magnetometer/magnetometer,-1.145742683557039e-05,-2.082524656067752e-05,-4.234419189028181e-05
149.400000000,drone0/magnetometer/magnetometer/magnetometer,-1.1357268866881194e-05,-2.0839751511432916e-05,-4.236543808408007e-05
149.552000000,drone0/magnetometer/magnetometer/magnetometer,-1.1491081824272556e-05,-2.0851082523334036e-05,-4.232199817123728e-05
149.700000000,drone0/magnetometer/magnetometer/magnetometer,-1.1546231889295124e-05,-2.0859983202357317e-05,-4.2301887006086094e-05
149.800000000,drone0/magnetometer/magnetometer/magnetometer,-1.1575645523166513e-05,-2.0798015251170193e-05,-4.232371772108507e-05
149.952000000,drone0/magnetometer/magnetometer/magnetometer,-1.1528292728834364e-05,-2.0846039123031908e-05,-4.231384030614951e-05
150.100000000,drone0/magnetometer/magnetometer/magnetometer,-1.147646026830345e-05,-2.080872649896325e-05,-4.234683838100556e-05
150.252000000,drone0/magnetometer/magnetometer/magnetometer,-1.3347105931586524e-05,-2.0909062186536058e-05,-4.171929540264709e-05
150.400000000,drone0/magnetometer/magnetometer/magnetometer,-1.640522438233926e-05,-2.132342058269905e-05,-4.035430430748497e-05
150.552000000,drone0/magnetometer/magnetometer/magnetometer,-1.814297530568915e-05,-1.6891200668627844e-05,-4.164287622085085e-05
150.700000000,drone0/magnetometer/magnetometer/magnetometer,-2.0119431402088906e-05,-1.0733265899442537e-05,-4.270192208027075e-05
150.800000000,drone0/magnetometer/magnetometer/magnetometer,-2.131811867692845e-05,-7.4795806630548295e-06,-4.2776830155768284e-05
150.952000000,drone0/magnetometer/magnetometer/magnetometer,-2.286991228286753e-05,-3.247961764847905e-06,-4.245322485030052e-05
151.100000000,drone0/magnetometer/magnetometer/magnetometer,-2.258909052826901e-05,-1.647230496893913e-06,-4.268809556029919e-05
151.252000000,drone0/magnetometer/magnetometer/magnetometer,-2.2370103357204083e-05,-2.7618486038994094e-06,-4.275713175935345e-05
151.400000000,drone0/magnetometer/magnetometer/magnetometer,-2.2198065279734146e-05,-3.4231088968414484e-06,-4.2806186818099595e-05
151.552000000,drone0/magnetometer/magnetometer/magnetometer,-2.2292560074389667e-05,-3.6659038481181195e-06,-4.273715967739309e-05
151.700000000,drone0/magnetometer/magnetometer/magnetometer,-2.2821453483566878e-05,-3.675552131144638e-06,-4.244816795741704e-05
151.800000000,drone0/magnetometer/magnetometer/magnetometer,-2.2898411935195576e-05,-3.6448233825661087e-06,-4.2407948451582276e-05
151.952000000,drone0/magnetometer/magnetometer/magnetometer,-2.30773398247992e-05,-3.667833854874025e-06,-4.230623284910291e-05
152.100000000,drone0/magnetometer/magnetometer/magnetometer,-2.3194447418329726e-05,-3.629274583964022e-06,-4.224337344685743e-05
152.252000000,drone0/magnetometer/magnetometer/magnetometer,-2.1258403771852435e-05,-3.0554185796274614e-06,-4.331952658630257e-05
152.400000000,drone0/magnetometer/magnetometer/magnetometer,-1.9765510307373908e-05,-2.0543574043736294e-06,-4.4093408786475745e-05
152.552000000,drone0/magnetometer/magnetometer/magnetometer,-1.9226661089477586e-05,-1.7170926363402426e-06,-4.435062162711258e-05
152.700000000,drone0/magnetometer/magnetometer/magnetometer,-1.8949491716419997e-05,-1.6976112317312366e-06,-4.447424146031471e-05
152.800000000,drone0/magnetometer/magnetometer/magnetometer,-1.891652278012811e-05,-1.6753240800912098e-06,-4.4489423820986126e-05
152.952000000,drone0/magnetometer/magnetometer/magnetometer,-1.8977291194776064e-05,-1.4899464882160836e-06,-4.44679902665614e-05
153.100000000,drone0/magnetometer/magnetometer/magnetometer,-2.095711262390819e-05,-1.6031444261773327e-06,-4.3538095084483366e-05
153.252000000,drone0/magnetometer/magnetometer/magnetometer,-2.4741997626526486e-05,-3.8117146039909565e-06,-4.131583838454542e-05
153.400000000,drone0/magnetometer/magnetometer/magnetometer,-2.5998885852641808e-05,-4.577205793453082e-06,-4.044162512704283e-05
153.552000000,drone0/magnetometer/magnetometer/magnetometer,-2.6311828802924067e-05,-4.864552651575582e-06,-4.0201636759188634e-05
153.700000000,drone0/magnetometer/magnetometer/magnetometer,-2.615728321212643e-05,-4.899110001980751e-06,-4.030108170956268e-05
153.800000000,drone0/magnetometer/magnetometer/magnetometer,-2.5846459456134993e-05,-4.734695274232095e-06,-4.052482555788737e-05
153.952000000,drone0/magnetometer/magnetometer/magnetometer,-2.5235599201531056e-05,-4.363353612880833e-06,-4.09569197807538e-05
154.100000000,drone0/magnetometer/magnetometer/magnetometer,-2.4544414040290562e-05,-4.045337955624904e-06,-4.1416235339219207e-05
154.252000000,drone0/magnetometer/magnetometer/magnetometer,-2.3982990918617518e-05,-3.7631387314068456e-06,-4.1777289720770734e-05
154.400000000,drone0/magnetometer/magnetometer/magnetometer,-2.3657022884743743e-05,-3.5461192553090708e-06,-4.198528868028975e-05
154.552000000,drone0/magnetometer/magnetometer/magnetometer,-2.3433331458355982e-05,-3.5231200477452155e-06,-4.211584429728075e-05
154.700000000,drone0/magnetometer/magnetometer/magnetometer,-2.333614593159632e-05,-3.3764482664538965e-06,-4.2182266027526495e-05
154.800000000,drone0/magnetometer/magnetometer/magnetometer,-2.2909835622368843e-05,-3.6550084202098107e-06,-4.240079500669748e-05
154.952000000,drone0/magnetometer/magnetometer/magnetometer,-2.2941726219726932e-05,-4.230706415973527e-06,-4.2333439709409884e-05
155.100000000,drone0/magnetometer/magnetometer/magnetometer,-2.3231076256866956e-05,-3.569731765278703e-06,-4.22273275954788e-05
155.252000000,drone0/magnetometer/magnetometer/magnetometer,-2.303466644202605e-05,-3.1393920146256164e-06,-4.2368917831355885e-05
155.400000000,drone0/magnetometer/magnetometer/magnetometer,-2.316188245557486e-05,-3.0403476864450823e-06,-4.230405771744359e-05
155.552000000,drone0/magnetometer/magnetometer/magnetometer,-2.2984499229525167e-05,-3.499137852439107e-06,-4.237128248249752e-05
156.752000000,drone0/magnetometer/magnetometer/magnetometer,-2.2923223357355893e-05,-5.901305384874448e-06,-4.2154652701874824e-05
156.900000000,drone0/magnetometer/magnetometer/magnetometer,-2.3910968748117813e-05,-1.5501683330792922e-06,-4.194411956306858e-05
157.052000000,drone0/magnetometer/magnetometer/magnetometer,-2.4420761514753088e-05,1.2493350200311578e-07,-4.165707911989171e-05
157.200000000,drone0/magnetometer/magnetometer/magnetometer,-2.443137601215564e-05,5.843959635176015e-07,-4.164318251444544e-05
157.300000000,drone0/magnetometer/magnetometer/magnetometer,-2.4351584752247303e-05,6.708013967777917e-07,-4.168920003195738e-05
157.452000000,drone0/magnetometer/magnetometer/magnetometer,-2.4243741188224973e-05,5.814393044281995e-07,-4.175578198656447e-05
157.600000000,drone0/magnetometer/magnetometer/magnetometer,-2.3983140073796123e-05,-4.407493221349965e-08,-4.191902214099266e-05
157.752000000,drone0/magnetometer/magnetometer/magnetometer,-2.369469715410681e-05,-9.477311304679806e-07,-4.208350046553883e-05
157.900000000,drone0/magnetometer/magnetometer/magnetometer,-2.3675470583984214e-05,-1.755401059086041e-06,-4.207467476422069e-05
158.052000000,drone0/magnetometer/magnetometer/magnetometer,-2.3767953056823285e-05,-2.283496168610934e-06,-4.1999508818482325e-05
158.200000000,drone0/magnetometer/magnetometer/magnetometer,-2.350460007219815e-05,-2.564067983850153e-06,-4.213749775226361e-05
158.300000000,drone0/magnetometer/magnetometer/magnetometer,-2.3514590148336817e-05,-2.9112991514375484e-06,-4.211168353059132e-05
158.452000000,drone0/magnetometer/magnetometer/magnetometer,-2.081007898661782e-05,-2.5036026234292724e-06,-4.3574646181959774e-05
158.600000000,drone0/magnetometer/magnetometer/magnetometer,-1.967954249030185e-05,-1.773395735670998e-06,-4.414328704487202e-05
158.752000000,drone0/magnetometer/magnetometer/magnetometer,-1.918604146680744e-05,-1.5310756458479864e-06,-4.4374285930041416e-05
158.900000000,drone0/magnetometer/magnetometer/magnetometer,-1.89461701452247e-05,-1.575338958664126e-06,-4.447934824686208e-05
159.052000000,drone0/magnetometer/magnetometer/magnetometer,-1.8922898933970074e-05,-1.577484244372953e-06,-4.4489517162102836e-05
159.200000000,drone0/magnetometer/magnetometer/magnetometer,-1.886553544681809e-05,-1.5853355003720862e-06,-4.4514447437968994e-05
159.300000000,drone0/magnetometer/magnetometer/magnetometer,-1.8857408538631987e-05,-1.6561996029665764e-06,-4.4515918382030204e-05
159.452000000,drone0/magnetometer/magnetometer/magnetometer,-1.8912164670984467e-05,-1.6472894354232342e-06,-4.449218867260298e-05
159.600000000,drone0/magnetometer/magnetometer/magnetometer,-1.8905242189213985e-05,-1.5937294629609653e-06,-4.449680385135058e-05
159.752000000,drone0/magnetometer/magnetometer/magnetometer,-2.0380965657353232e-05,-1.8384320355707248e-06,-4.381154487939101e-05
159.900000000,drone0/magnetometer/magnetometer/magnetometer,-2.452602450359742e-05,-3.802455602774162e-06,-4.144871553428568e-05
160.052000000,drone0/magnetometer/magnetometer/magnetometer,-2.5050592289149e-05,-4.077282356478294e-06,-4.11007759447873e-05
160.200000000,drone0/magnetometer/magnetometer/magnetometer,-2.6082910115497375e-05,-4.731040657222826e-06,-4.0369401075625774e-05
160.300000000,drone0/magnetometer/magnetometer/magnetometer,-2.646085800644058e-05,-4.9460671138985745e-06,-4.0091719511915915e-05
160.452000000,drone0/magnetometer/magnetometer/magnetometer,-2.668272105718939e-05,-4.993537000810686e-06,-3.99349547099498e-05
160.600000000,drone0/magnetometer/magnetometer/magnetometer,-2.6763172109337488e-05,-4.9306391398371e-06,-3.988705169889738e-05
160.752000000,drone0/magnetometer/magnetometer/magnetometer,-2.6452867808364126e-05,-4.826738755814511e-06,-4.0110827302332164e-05
160.900000000,drone0/magnetometer/magnetometer/magnetometer,-2.602812460416917e-05,-4.766536194734926e-06,-4.040176201015561e-05
161.052000000,drone0/magnetometer/magnetometer/magnetometer,-2.5178717375856528e-05,-4.360992349197999e-06,-4.099309434330811e-05
161.200000000,drone0/magnetometer/magnetometer/magnetometer,-2.4571708728149484e-05,-3.874648651076521e-06,-4.141472426927037e-05
161.300000000,drone0/magnetometer/magnetometer/magnetometer,-2.2800677282991113e-05,-3.5868703273498877e-06,-4.246662054672359e-05
161.452000000,drone0/magnetometer/magnetometer/magnetometer,-2.0292237376248335e-05,-2.3503651624254803e-06,-4.383312183344239e-05
161.600000000,drone0/magnetometer/magnetometer/magnetometer,-1.9413093422839443e-05,-1.8678843272218315e-06,-4.4261653225381984e-05
161.752000000,drone0/magnetometer/magnetometer/magnetometer,-1.9017634773591405e-05,-2.049037768059962e-06,-4.4431820033096144e-05
161.900000000,drone0/magnetometer/magnetometer/magnetometer,-2.3439896350245266e-05,-3.445995999582505e-06,-4.211792707305133e-05
162.052000000,drone0/magnetometer/magnetometer/magnetometer,-2.4953000023309083e-05,-4.412713743079498e-06,-4.112946218748256e-05
162.200000000,drone0/magnetometer/magnetometer/magnetometer,-2.518168717311132e-05,-4.682410785869643e-06,-4.095800171716989e-05
162.300000000,drone0/magnetometer/magnetometer/magnetometer,-2.5042362781400046e-05,-4.646957925633339e-06,-4.1049429570820226e-05
162.452000000,drone0/magnetometer/magnetometer/magnetometer,-2.4725486644873285e-05,-4.4331715847650855e-06,-4.126832429427845e-05
162.600000000,drone0/magnetometer/magnetometer/magnetometer,-2.425153287667044e-05,-4.195215014187768e-06,-4.157935033618419e-05
162.752000000,drone0/magnetometer/magnetometer/magnetometer,-2.3722043742117436e-05,-3.899723356010214e-06,-4.191863771085622e-05
162.900000000,drone0/magnetometer/magnetometer/magnetometer,-2.062499885661202e-05,-2.795515993246024e-06,-4.3649560854335795e-05
163.052000000,drone0/magnetometer/magnetometer/magnetometer,-1.950555436171089e-05,-1.8702736643863778e-06,-4.421959303251693e-05
163.200000000,drone0/magnetometer/magnetometer/magnetometer,-1.910955405701967e-05,-1.8528320912370146e-06,-4.439833705605485e-05
163.300000000,drone0/magnetometer/magnetometer/magnetometer,-1.8961640503296604e-05,-1.7858336535117336e-06,-4.4466052442328404e-05
163.452000000,drone0/magnetometer/magnetometer/magnetometer,-1.887975577447586e-05,-1.8321367455963103e-06,-4.450046286329815e-05
163.600000000,drone0/magnetometer/magnetometer/magnetometer,-1.8940545185087872e-05,-1.7411114382226383e-06,-4.447679864974491e-05
163.752000000,drone0/magnetometer/magnetometer/magnetometer,-2.352180273791535e-05,-2.9781250083486354e-06,-4.2103344011342504e-05
163.900000000,drone0/magnetometer/magnetometer/magnetometer,-2.5500097903658033e-05,-4.525261463722288e-06,-4.0771826768862695e-05
164.052000000,drone0/magnetometer/magnetometer/magnetometer,-2.619773454516681e-05,-5.174945776213855e-06,-4.024152277966907e-05
164.200000000,drone0/magnetometer/magnetometer/magnetometer,-2.6254070584175027e-05,-5.388404965748936e-06,-4.0177254560537903e-05
164.300000000,drone0/magnetometer/magnetometer/magnetometer,-2.638959435464218e-05,-5.324337247684304e-06,-4.009413113983034e-05
164.452000000,drone0/magnetometer/magnetometer/magnetometer,-2.663950494277523e-05,-5.2317591084072915e-06,-3.993574275612876e-05
164.600000000,drone0/magnetometer/magnetometer/magnetometer,-2.6690891457421042e-05,-5.254616207309056e-06,-3.989767325520295e-05
164.752000000,drone0/magnetometer/magnetometer/magnetometer,-2.672651881165867e-05,-5.2305008438908524e-06,-3.987619187450948e-05
164.900000000,drone0/magnetometer/magnetometer/magnetometer,-2.6757466161154547e-05,-5.1633711985998445e-06,-3.986316872169623e-05
166.300000000,drone0/magnetometer/magnetometer/magnetometer,-2.048455215015558e-05,-7.442275109469748e-06,-4.3200773668491976e-05
166.452000000,drone0/magnetometer/magnetometer/magnetometer,-2.0570379149004644e-05,-7.648452075578783e-06,-4.3123917202273625e-05
166.600000000,drone0/magnetometer/magnetometer/magnetometer,-2.095389326869313e-05,-7.736740524082965e-06,-4.2917889376642796e-05
166.752000000,drone0/magnetometer/magnetometer/magnetometer,-2.0805660037462428e-05,-7.757503845841563e-06,-4.298853891701317e-05
166.900000000,drone0/magnetometer/magnetometer/magnetometer,-2.0858408214772002e-05,-7.716381562033604e-06,-4.296933615718491e-05
167.052000000,drone0/magnetometer/magnetometer/magnetometer,-2.1145651202499915e-05,-7.804262258419823e-06,-4.280902244715695e-05
167.200000000,drone0/magnetometer/magnetometer/magnetometer,-2.1147008866991237e-05,-7.806175402057172e-06,-4.280799436684104e-05
167.300000000,drone0/magnetometer/magnetometer/magnetometer,-2.1182163743837572e-05,-7.801994176003558e-06,-4.2790818512072704e-05
167.452000000,drone0/magnetometer/magnetometer/magnetometer,-2.1310901732203143e-05,-7.802016453505456e-06,-4.2724905747884165e-05
167.600000000,drone0/magnetometer/magnetometer/magnetometer,-2.1340939568652e-05,-7.832199790750312e-06,-4.270411790570955e-05
167.752000000,drone0/magnetometer/magnetometer/magnetometer,-2.155110524416115e-05,-7.719916064836514e-06,-4.2615054603984967e-05
167.900000000,drone0/magnetometer/magnetometer/magnetometer,-2.347128253167327e-05,-3.534202978996236e-06,-4.209325656802178e-05
168.052000000,drone0/magnetometer/magnetometer/magnetometer,-2.420701701678954e-05,-8.108137719397811e-07,-4.178456671248378e-05
168.200000000,drone0/magnetometer/magnetometer/magnetometer,-2.444944433823732e-05,-5.0637474704321294e-08,-4.1641305023155954e-05
168.300000000,drone0/magnetometer/magnetometer/magnetometer,-2.4482611896485026e-05,1.2726733383108495e-07,-4.161973316182021e-05
168.452000000,drone0/magnetometer/magnetometer/magnetometer,-2.4766938790686055e-05,1.1056766107932895e-07,-4.144671507899197e-05
168.600000000,drone0/magnetometer/magnetometer/magnetometer,-2.4775935285208963e-05,5.368160782203639e-08,-4.144174722607628e-05
168.752000000,drone0/magnetometer/magnetometer/magnetometer,-2.4091478025471973e-05,-3.850443330051898e-07,-4.1855987250557704e-05
168.900000000,drone0/magnetometer/magnetometer/magnetometer,-2.4291493627305926e-05,-7.357295225364254e-07,-4.1734976426848695e-05
169.052000000,drone0/magnetometer/magnetometer/magnetometer,-2.4491890685674856e-05,-3.6518029092755644e-07,-4.1616520850115414e-05
169.200000000,drone0/magnetometer/magnetometer/magnetometer,-2.4270172920400953e-05,-7.012805224433298e-07,-4.174805288175462e-05
169.300000000,drone0/magnetometer/magnetometer/magnetometer,-2.3929974521848747e-05,-1.1584972481587346e-06,-4.1942710942555456e-05
169.452000000,drone0/magnetometer/magnetometer/magnetometer,-2.458076068742192e-05,-1.2374440123715406e-06,-4.1552469853889815e-05
169.600000000,drone0/magnetometer/magnetometer/magnetometer,-2.5222939354078592e-05,-1.3499894522106974e-06,-4.115256090779628e-05
169.752000000,drone0/magnetometer/magnetometer/magnetometer,-2.302901393535538e-05,2.75790916557562e-06,-4.2353947458640284e-05
169.900000000,drone0/magnetometer/magnetometer/magnetometer,-2.0430793736747887e-05,9.274149175662203e-06,-4.274276519622837e-05
170.052000000,drone0/magnetometer/magnetometer/magnetometer,-1.7684801544722084e-05,1.4474632172059601e-05,-4.2511928656252734e-05
170.200000000,drone0/magnetometer/magnetometer/magnetometer,-1.4275588301285786e-05,1.8274965233848237e-05,-4.2337851942179676e-05
170.300000000,drone0/magnetometer/magnetometer/magnetometer,-1.1634204393479436e-05,2.019670772875932e-05,-4.2287972978042086e-05
170.452000000,drone0/magnetometer/magnetometer/magnetometer,-7.288698495916976e-06,2.2494694140808874e-05,-4.213072894534222e-05
170.600000000,drone0/magnetometer/magnetometer/magnetometer,-2.520287074518225e-06,2.3498896560188464e-05,-4.2184763753370465e-05
170.752000000,drone0/magnetometer/magnetometer/magnetometer,7.015803591505259e-07,2.428992569891979e-05,-4.1832678295167675e-05
170.900000000,drone0/magnetometer/magnetometer/magnetometer,2.3643095908730146e-06,2.6146744581359327e-05,-4.063080262945443e-05
171.052000000,drone0/magnetometer/magnetometer/magnetometer,4.3792501010410064e-06,2.4367311616835924e-05,-4.160356202876358e-05
171.200000000,drone0/magnetometer/magnetometer/magnetometer,4.852978677932497e-06,2.267160340672713e-05,-4.2525014278757474e-05
171.300000000,drone0/magnetometer/magnetometer/magnetometer,4.942126591257168e-06,2.2210419518971295e-05,-4.2763723005678395e-05
171.452000000,drone0/magnetometer/magnetometer/magnetometer,5.672616591793958e-06,2.0011330856308532e-05,-4.377887387567633e-05
171.600000000,drone0/magnetometer/magnetometer/magnetometer,8.413007171766831e-06,1.6343503398260257e-05,-4.491142352189336e-05
171.752000000,drone0/magnetometer/magnetometer/magnetometer,1.393258185536188e-05,1.6583606532077564e-05,-4.347432918762024e-05
171.900000000,drone0/magnetometer/magnetometer/magnetometer,1.5297821995497252e-05,1.844998906086458e-05,-4.2238011188089325e-05
172.052000000,drone0/magnetometer/magnetometer/magnetometer,1.7233201309955738e-05,1.993293362892352e-05,-4.0794052494042604e-05
172.200000000,drone0/magnetometer/magnetometer/magnetometer,1.801874396857424e-05,1.8058138057560435e-05,-4.1352139860626945e-05
172.300000000,drone0/magnetometer/magnetometer/magnetometer,1.8277071585467085e-05,1.7039655565613365e-05,-4.168310676949967e-05
172.452000000,drone0/magnetometer/magnetometer/magnetometer,1.8244304434666607e-05,1.619008839350446e-05,-4.204345226837245e-05
172.600000000,drone0/magnetometer/magnetometer/magnetometer,1.7939475752156612e-05,1.6113040761609277e-05,-4.220223821367649e-05
172.752000000,drone0/magnetometer/magnetometer/magnetometer,1.7858341835690004e-05,1.6147976101164194e-05,-4.2222255287435204e-05
172.900000000,drone0/magnetometer/magnetometer/magnetometer,1.780596653887197e-05,1.5894932783194517e-05,-4.234245635764731e-05
173.052000000,drone0/magnetometer/magnetometer/magnetometer,1.747434970027055e-05,1.5809091038932134e-05,-4.2510573597934807e-05
173.200000000,drone0/magnetometer/magnetometer/magnetometer,1.770836511904764e-05,1.5996314192530534e-05,-4.2343342638293414e-05
173.300000000,drone0/magnetometer/magnetometer/magnetometer,1.771798934207039e-05,1.6024723568828376e-05,-4.232835315626231e-05
173.452000000,drone0/magnetometer/magnetometer/magnetometer,1.8283850757983116e-05,1.418600860424904e-05,-4.2765242519756164e-05
173.600000000,drone0/magnetometer/magnetometer/magnetometer,1.986189493619853e-05,1.0042178586217088e-05,-4.328472278078267e-05
173.752000000,drone0/magnetometer/magnetometer/magnetometer,2.2627387866619443e-05,8.064550266461079e-06,-4.236988142093513e-05
173.900000000,drone0/magnetometer/magnetometer/magnetometer,2.4398420979261453e-05,4.648233173942026e-06,-4.194001678265121e-05
174.052000000,drone0/magnetometer/magnetometer/magnetometer,2.5003666951461264e-05,-2.425125257890077e-07,-4.188421243022833e-05
175.052000000,drone0/magnetometer/magnetometer/magnetometer,1.5412485473586388e-05,-1.98384951301506e-05,-4.185371191496637e-05
175.200000000,drone0/magnetometer/magnetometer/magnetometer,1.1951005568312854e-05,-2.3969515243406856e-05,-4.079365142909153e-05
175.300000000,drone0/magnetometer/magnetometer/magnetometer,9.820484101924813e-06,-2.641699503767167e-05,-3.9825723721322074e-05
175.452000000,drone0/magnetometer/magnetometer/magnetometer,6.934767750644874e-06,-2.5611754724481e-05,-4.091141678042204e-05
175.600000000,drone0/magnetometer/magnetometer/magnetometer,2.7988843718861796e-06,-2.4046065426504363e-05,-4.228065531717845e-05
175.752000000,drone0/magnetometer/magnetometer/magnetometer,-1.799140170705966e-06,-2.29645102654846e-05,-4.287621781736056e-05
175.900000000,drone0/magnetometer/magnetometer/magnetometer,-6.981350067018536e-06,-2.183774376906819e-05,-4.286779616227061e-05
176.052000000,drone0/magnetometer/magnetometer/magnetometer,-1.1729721509478857e-05,-1.968816915075608e-05,-4.280289919966233e-05
176.200000000,drone0/magnetometer/magnetometer/magnetometer,-1.5951443684882644e-05,-1.6521635945146983e-05,-4.270531173804732e-05
176.300000000,drone0/magnetometer/magnetometer/magnetometer,-1.8336233786754846e-05,-1.3998062032442897e-05,-4.2603093135659204e-05
176.452000000,drone0/magnetometer/magnetometer/magnetometer,-2.1291227023078464e-05,-9.492087933396282e-06,-4.240190201086003e-05
176.600000000,drone0/magnetometer/magnetometer/magnetometer,-2.3092693767164755e-05,-4.872980013092888e-06,-4.2184047601251474e-05
176.752000000,drone0/magnetometer/magnetometer/magnetometer,-2.4169965937948343e-05,-4.072175023098243e-07,-4.18094151846622e-05
176.900000000,drone0/magnetometer/magnetometer/magnetometer,-2.3472971853406526e-05,3.887260835878963e-07,-4.2209770191878084e-05
177.052000000,drone0/magnetometer/magnetometer/magnetometer,-2.287160376408078e-05,-8.227534477585391e-07,-4.2550910961239464e-05
177.200000000,drone0/magnetometer/magnetometer/magnetometer,-2.2742119985265006e-05,-1.4321020224107565e-06,-4.261061801962352e-05
177.300000000,drone0/magnetometer/magnetometer/magnetometer,-2.295190298799727e-05,-1.4747989351511152e-06,-4.2493597923113685e-05
177.452000000,drone0/magnetometer/magnetometer/magnetometer,-2.3017943240102375e-05,-1.4007398066523841e-06,-4.245880236735786e-05
177.600000000,drone0/magnetometer/magnetometer/magnetometer,-2.313826277452873e-05,-1.30028582550405e-06,-4.239394328100976e-05
177.752000000,drone0/magnetometer/magnetometer/magnetometer,-2.308142602060838e-05,-9.118936379955897e-07,-4.2433048640495005e-05
177.900000000,drone0/magnetometer/magnetometer/magnetometer,-2.312151598377448e-05,-6.131398851704251e-07,-4.241373483400303e-05
178.052000000,drone0/magnetometer/magnetometer/magnetometer,-2.3499646640814828e-05,-4.0329483322728087e-07,-4.220042035310076e-05
178.200000000,drone0/magnetometer/magnetometer/magnetometer,-2.3248596309259568e-05,-4.6529855688031326e-07,-4.2343000910472365e-05
178.300000000,drone0/magnetometer/magnetometer/magnetometer,-2.3479594465491793e-05,-6.209097750340358e-07,-4.221089741646107e-05
178.452000000,drone0/magnetometer/magnetometer/magnetometer,-2.339948563160743e-05,-5.923869156985381e-07,-4.2256809265107546e-05
178.600000000,drone0/magnetometer/magnetometer/magnetometer,-2.3319249221629016e-05,-4.307442674883452e-07,-4.2303133186959845e-05
178.752000000,drone0/magnetometer/magnetometer/magnetometer,-2.3083358676144496e-05,-3.9561383155816555e-07,-4.24360588190282e-05
178.900000000,drone0/magnetometer/magnetometer/magnetometer,-2.3283079468549936e-05,-1.797479117064514e-07,-4.232352822708005e-05
179.052000000,drone0/magnetometer/magnetometer/magnetometer,-2.3488492370786815e-05,4.58021380682125e-07,-4.219966160563783e-05
179.200000000,drone0/magnetometer/magnetometer/magnetometer,-2.3457763582333992e-05,7.016662552205572e-07,-4.221200010430664e-05
179.300000000,drone0/magnetometer/magnetometer/magnetometer,-2.3063942160171145e-05,7.770749296977578e-07,-4.2432696590899346e-05
179.452000000,drone0/magnetometer/magnetometer/magnetometer,-2.328630685179491e-05,8.334666958657185e-07,-4.230609499831884e-05
179.600000000,drone0/magnetometer/magnetometer/magnetometer,-2.5665312369216934e-05,5.910494333889502e-07,-4.0873577278040386e-05
179.752000000,drone0/magnetometer/magnetometer/magnetometer,-2.6584738064758224e-05,2.1167163027068817e-07,-4.0272688004233124e-05
179.900000000,drone0/magnetometer/magnetometer/magnetometer,-2.4040093523834243e-05,5.808442825620227e-07,-4.187662995432856e-05
180.452000000,drone0/magnetometer/magnetometer/magnetometer,-2.0062246718067e-05,1.4322549556580002e-06,-4.395422627186642e-05
180.600000000,drone0/magnetometer/magnetometer/magnetometer,-1.930631472361431e-05,1.8607354929011082e-06,-4.428300879566917e-05
180.752000000,drone0/magnetometer/magnetometer/magnetometer,-1.8991493681323697e-05,2.057198836540399e-06,-4.441319516104183e-05
180.900000000,drone0/magnetometer/magnetometer/magnetometer,-1.885242380688835e-05,2.022348393700659e-06,-4.4476209005681013e-05
181.052000000,drone0/magnetometer/magnetometer/magnetometer,-1.8814755363634617e-05,2.0091827852630176e-06,-4.449337798958019e-05
181.200000000,drone0/magnetometer/magnetometer/magnetometer,-1.8749133242402747e-05,1.799534687147554e-06,-4.453253224432977e-05
181.300000000,drone0/magnetometer/magnetometer/magnetometer,-1.8771240552197692e-05,1.7283957433482933e-06,-4.4526264398612684e-05
181.452000000,drone0/magnetometer/magnetometer/magnetometer,-2.3240301441692474e-05,1.2160454652397378e-06,-4.231985552170337e-05
181.600000000,drone0/magnetometer/magnetometer/magnetometer,-2.5570614476225088e-05,2.6320343416880535e-07,-4.094050417172915e-05
181.752000000,drone0/magnetometer/magnetometer/magnetometer,-2.6411227114026856e-05,3.0124685932960134e-08,-4.03916772422384e-05
181.900000000,drone0/magnetometer/magnetometer/magnetometer,-2.4408992716548685e-05,3.2894608837622e-07,-4.166146720340206e-05
182.052000000,drone0/magnetometer/magnetometer/magnetometer,-2.5694525857893164e-05,4.686207920712757e-07,-4.0857294845127424e-05
182.200000000,drone0/magnetometer/magnetometer/magnetometer,-2.5855923228217887e-05,3.387651091796539e-07,-4.0754949935029485e-05
182.300000000,drone0/magnetometer/magnetometer/magnetometer,-2.564167960772609e-05,2.8984636792621594e-07,-4.089444937246635e-05
182.452000000,drone0/magnetometer/magnetometer/magnetometer,-2.5103553047581767e-05,3.809796550071779e-07,-4.123442827395777e-05
182.600000000,drone0/magnetometer/magnetometer/magnetometer,-2.4517889003504688e-05,4.6951518822836204e-07,-4.159326266647715e-05
182.752000000,drone0/magnetometer/magnetometer/magnetometer,-2.4043929646750893e-05,6.912797939621361e-07,-4.187182532524338e-05
182.900000000,drone0/magnetometer/magnetometer/magnetometer,-2.3483919098992408e-05,7.153024216901525e-07,-4.219670868528935e-05
183.052000000,drone0/magnetometer/magnetometer/magnetometer,-2.332347827260332e-05,7.614022374999035e-07,-4.228695117978469e-05
183.200000000,drone0/magnetometer/magnetometer/magnetometer,-2.342044201590919e-05,7.330904770347184e-07,-4.223252643174045e-05
183.300000000,drone0/magnetometer/magnetometer/magnetometer,-2.344367313316123e-05,7.824308201789622e-07,-4.221800126622246e-05
183.452000000,drone0/magnetometer/magnetometer/magnetometer,-2.355200017660262e-05,7.847353941861288e-07,-4.21558999810044e-05
183.600000000,drone0/magnetometer/magnetometer/magnetometer,-2.344658334099547e-05,9.694519975166795e-07,-4.221100050335989e-05
183.752000000,drone0/magnetometer/magnetometer/magnetometer,-2.320309372356372e-05,9.118501378953264e-07,-4.2350865050801234e-05
183.900000000,drone0/magnetometer/magnetometer/magnetometer,-2.332132625136588e-05,8.056994069126397e-07,-4.228700691640182e-05
184.052000000,drone0/magnetometer/magnetometer/magnetometer,-2.3440832559865178e-05,7.249151628871718e-07,-4.2221096906229834e-05
184.200000000,drone0/magnetometer/magnetometer/magnetometer,-2.2964995443029186e-05,1.6396421281619857e-07,-4.249935475226066e-05
184.300000000,drone0/magnetometer/magnetometer/magnetometer,-2.2624148542001523e-05,-1.5681096886160363e-06,-4.2671393629422784e-05
184.452000000,drone0/magnetometer/magnetometer/magnetometer,-2.297915802170236e-05,-1.1739031653248581e-06,-4.248561103905701e-05
184.600000000,drone0/magnetometer/magnetometer/magnetometer,-2.322398273410949e-05,8.810509362527378e-07,-4.233997952390703e-05
184.752000000,drone0/magnetometer/magnetometer/magnetometer,-2.329227877024883e-05,1.8549750714803299e-06,-4.2262201247764956e-05
184.900000000,drone0/magnetometer/magnetometer/magnetometer,-2.330113030763517e-05,2.0890296965177095e-06,-4.2244389288486616e-05
185.052000000,drone0/magnetometer/magnetometer/magnetometer,-2.319119013062078e-05,1.7457262918479963e-06,-4.232485129942932e-05
185.200000000,drone0/magnetometer/magnetometer/magnetometer,-2.0528907340443706e-05,1.9672774302295195e-06,-4.370656674960365e-05
185.300000000,drone0/magnetometer/magnetometer/magnetometer,-1.9593241737105973e-05,1.9291418167815695e-06,-4.414928618232006e-05
185.452000000,drone0/magnetometer/magnetometer/magnetometer,-1.9073213422210943e-05,1.8827851334501927e-06,-4.438608199648932e-05
185.600000000,drone0/magnetometer/magnetometer/magnetometer,-1.8878081121933906e-05,1.8940475978366773e-06,-4.447158761031295e-05
185.752000000,drone0/magnetometer/magnetometer/magnetometer,-1.8785549562347592e-05,1.7394712110725622e-06,-4.451951559000949e-05
185.900000000,drone0/magnetometer/magnetometer/magnetometer,-1.8753373733525645e-05,1.568669572723221e-06,-4.4541151749718103e-05
186.052000000,drone0/magnetometer/magnetometer/magnetometer,-1.8827644133685085e-05,1.7904755803607526e-06,-4.449873663688989e-05
186.200000000,drone0/magnetometer/magnetometer/magnetometer,-2.0947467467671432e-05,1.6455838070535145e-06,-4.3517223501277615e-05
186.300000000,drone0/magnetometer/magnetometer/magnetometer,-2.3990409345610165e-05,8.843627348271272e-07,-4.189822238698084e-05
186.452000000,drone0/magnetometer/magnetometer/magnetometer,-2.6058660450522915e-05,2.137601620146503e-07,-4.062402711369296e-05
186.600000000,drone0/magnetometer/magnetometer/magnetometer,-2.675916821831629e-05,2.9866036285616e-08,-4.0155980074938806e-05
186.752000000,drone0/magnetometer/magnetometer/magnetometer,-2.7000245472810653e-05,-1.725134453882677e-07,-3.999132914927704e-05
186.900000000,drone0/magnetometer/magnetometer/magnetometer,-2.6819485730994968e-05,-4.926789028094766e-08,-4.0115285938763774e-05
187.052000000,drone0/magnetometer/magnetometer/magnetometer,-2.6232311518275123e-05,4.216512142882792e-08,-4.051105932636569e-05
187.200000000,drone0/magnetometer/magnetometer/magnetometer,-2.5559024362969697e-05,3.4637167820511305e-08,-4.095057275874746e-05
187.300000000,drone0/magnetometer/magnetometer/magnetometer,-2.5119189744227367e-05,1.5793029931717068e-07,-4.12278607002131e-05
187.452000000,drone0/magnetometer/magnetometer/magnetometer,-2.4554236393803247e-05,4.2467476345503443e-07,-4.1572060162807036e-05
187.600000000,drone0/magnetometer/magnetometer/magnetometer,-2.3681061531153405e-05,-8.875878783757724e-07,-4.209225095309253e-05
187.752000000,drone0/magnetometer/magnetometer/magnetometer,-2.2987020298821257e-05,-2.808841930456847e-06,-4.241637305208029e-05
187.900000000,drone0/magnetometer/magnetometer/magnetometer,-2.2766325781085426e-05,-3.3566568770554596e-06,-4.2502781471717524e-05
188.052000000,drone0/magnetometer/magnetometer/magnetometer,-2.3214371953263198e-05,-1.1033133670389699e-06,-4.2355260887847855e-05
188.200000000,drone0/magnetometer/magnetometer/magnetometer,-2.3673042909746725e-05,1.925092127150223e-06,-4.204037966678326e-05
188.300000000,drone0/magnetometer/magnetometer/magnetometer,-2.344440379582977e-05,2.514807998547629e-06,-4.213610654551016e-05
188.452000000,drone0/magnetometer/magnetometer/magnetometer,-2.363221791499363e-05,1.8167777312690578e-06,-4.206967219209047e-05
188.600000000,drone0/magnetometer/magnetometer/magnetometer,-2.3486979793321294e-05,2.3435539935261038e-06,-4.212298266523693e-05
188.752000000,drone0/magnetometer/magnetometer/magnetometer,-2.079813696778141e-05,2.9179976042155593e-06,-4.351440077944626e-05
188.900000000,drone0/magnetometer/magnetometer/magnetometer,-1.962278115264287e-05,2.771403213729146e-06,-4.4084385247585637e-05
189.052000000,drone0/magnetometer/magnetometer/magnetometer,-1.9160379275936615e-05,2.4635584452064973e-06,-4.43144008287359e-05
189.200000000,drone0/magnetometer/magnetometer/magnetometer,-1.8984485892377914e-05,2.1549735189284336e-06,-4.4410909437502244e-05
189.300000000,drone0/magnetometer/magnetometer/magnetometer,-1.896314753549677e-05,2.1425394838881666e-06,-4.442101941229021e-05
189.452000000,drone0/magnetometer/magnetometer/magnetometer,-1.886914815516785e-05,1.9051285451361918e-06,-4.4474946140007745e-05
189.600000000,drone0/magnetometer/magnetometer/magnetometer,-1.8819619900276853e-05,1.6549973182010446e-06,-4.450850594100163e-05
189.752000000,drone0/magnetometer/magnetometer/magnetometer,-1.882243186446064e-05,1.5417523142629218e-06,-4.45121939084064e-05
189.900000000,drone0/magnetometer/magnetometer/magnetometer,-1.8813158124345446e-05,1.595828644945834e-06,-4.4513932277997265e-05
190.052000000,drone0/magnetometer/magnetometer/magnetometer,-1.883029101526323e-05,1.5097158665679274e-06,-4.4510098446976495e-05
190.200000000,drone0/magnetometer/magnetometer/magnetometer,-1.8826045420449305e-05,1.5655071090514585e-06,-4.450960820334647e-05
190.300000000,drone0/magnetometer/magnetometer/magnetometer,-1.882994898311712e-05,1.5103052159302016e-06,-4.451022350119937e-05
190.452000000,drone0/magnetometer/magnetometer/magnetometer,-1.8863028073054398e-05,1.6408619732915753e-06,-4.44901515198525e-05
190.600000000,drone0/magnetometer/magnetometer/magnetometer,-1.8858838678464826e-05,1.5409114098776571e-06,-4.449630957077447e-05
190.752000000,drone0/magnetometer/magnetometer/magnetometer,-1.890892775969457e-05,1.6565471568985394e-06,-4.4469323229987356e-05
190.900000000,drone0/magnetometer/magnetometer/magnetometer,-2.3248598971736886e-05,1.141650144856698e-06,-4.2317823392320324e-05
191.052000000,drone0/magnetometer/magnetometer/magnetometer,-2.5643708436340043e-05,-9.762902235907723e-10,-4.0896472017730874e-05
191.200000000,drone0/magnetometer/magnetometer/magnetometer,-2.6607702979303442e-05,-3.0329135403129406e-07,-4.0260656831431615e-05
191.300000000,drone0/magnetometer/magnetometer/magnetometer,-2.7580620640403203e-05,1.3442932984208315e-07,-3.9580604468850927e-05
191.452000000,drone0/magnetometer/magnetometer/magnetometer,-2.814605993203385e-05,9.738612460606399e-07,-3.9151361241186864e-05
191.600000000,drone0/magnetometer/magnetometer/magnetometer,-2.5567041751060367e-05,6.780631724851334e-06,-4.0321658029718634e-05
191.752000000,drone0/magnetometer/magnetometer/magnetometer,-2.2492202367944224e-05,1.455151022615123e-05,-4.007067423276865e-05
191.900000000,drone0/magnetometer/magnetometer/magnetometer,-2.152239483843873e-05,1.999134011805301e-05,-3.8166321934663816e-05
192.052000000,drone0/magnetometer/magnetometer/magnetometer,-1.9803168156574514e-05,2.283323132933612e-05,-3.748881715285502e-05
192.200000000,drone0/magnetometer/magnetometer/magnetometer,-1.905152212263785e-05,2.095672163117556e-05,-3.898291194675298e-05
192.300000000,drone0/magnetometer/magnetometer/magnetometer,-1.7816513307079076e-05,2.0086252315623907e-05,-4.0041813493784154e-05
192.452000000,drone0/magnetometer/magnetometer/magnetometer,-1.6425849146604712e-05,1.9266394876399935e-05,-4.105776381170153e-05
192.600000000,drone0/magnetometer/magnetometer/magnetometer,-1.5621381418714943e-05,1.8835845367751978e-05,-4.1584986425004864e-05
192.752000000,drone0/magnetometer/magnetometer/magnetometer,-1.5129416140985912e-05,1.8457083478447468e-05,-4.194652115876299e-05
192.900000000,drone0/magnetometer/magnetometer/magnetometer,-1.476430369572147e-05,1.8249086596687003e-05,-4.217451263361398e-05
193.052000000,drone0/magnetometer/magnetometer/magnetometer,-1.471048148479695e-05,1.822620166344386e-05,-4.220421750634615e-05
193.200000000,drone0/magnetometer/magnetometer/magnetometer,-1.4363049415948392e-05,1.8129869807504853e-05,-4.23709950907447e-05
193.300000000,drone0/magnetometer/magnetometer/magnetometer,-1.4269459251747917e-05,1.8100786265960864e-05,-4.2416651709189586e-05
193.452000000,drone0/magnetometer/magnetometer/magnetometer,-1.4167610624852414e-05,1.805614293501801e-05,-4.2471688860762134e-05
193.600000000,drone0/magnetometer/magnetometer/magnetometer,-1.4286164209754029e-05,1.8117664068977778e-05,-4.240340454633043e-05
193.752000000,drone0/magnetometer/magnetometer/magnetometer,-1.4207046133979498e-05,1.8178148097575637e-05,-4.240454814796658e-05
193.900000000,drone0/magnetometer/magnetometer/magnetometer,-1.446973551818917e-05,1.8226545829242544e-05,-4.2290597395557756e-05
194.052000000,drone0/magnetometer/magnetometer/magnetometer,-1.4449057811180749e-05,1.8266870434329938e-05,-4.228011773491413e-05
194.200000000,drone0/magnetometer/magnetometer/magnetometer,-1.3044805211967045e-05,1.8235362097732695e-05,-4.2767357767007994e-05
194.300000000,drone0/magnetometer/magnetometer/magnetometer,-1.1313890247536545e-05,1.9084107530799778e-05,-4.2903855670455924e-05
194.452000000,drone0/magnetometer/magnetometer/magnetometer,-7.252769188628839e-06,2.2027867802790007e-05,-4.238871860830104e-05
194.600000000,drone0/magnetometer/magnetometer/magnetometer,-2.775569022971059e-06,2.3841373352247414e-05,-4.196888123431384e-05
194.752000000,drone0/magnetometer/magnetometer/magnetometer,2.5439734106877264e-06,2.393985570875142e-05,-4.198772629686597e-05
194.900000000,drone0/magnetometer/magnetometer/magnetometer,7.549750232576168e-06,2.2743744985468164e-05,-4.2118113580570614e-05
195.052000000,drone0/magnetometer/magnetometer/magnetometer,1.220904199009961e-05,2.0507550485353484e-05,-4.224424972226137e-05
195.200000000,drone0/magnetometer/magnetometer/magnetometer,1.62835821576056e-05,1.7470562646538945e-05,-4.2305029137865124e-05
195.300000000,drone0/magnetometer/magnetometer/magnetometer,1.875546930152881e-05,1.5141126313046875e-05,-4.2224185888057626e-05
195.452000000,drone0/magnetometer/magnetometer/magnetometer,1.9817836458574416e-05,1.3763239845855652e-05,-4.223312964389004e-05
195.600000000,drone0/magnetometer/magnetometer/magnetometer,2.1008183668605955e-05,1.3215535577773785e-05,-4.1845690263869185e-05
195.752000000,drone0/magnetometer/magnetometer/magnetometer,2.1838611167569502e-05,1.0816943083262362e-05,-4.213839580558717e-05
195.900000000,drone0/magnetometer/magnetometer/magnetometer,2.1981478156191516e-05,8.232791362807507e-06,-4.2670161711652346e-05
196.052000000,drone0/magnetometer/magnetometer/magnetometer,2.2284747620703618e-05,2.9358365297728457e-06,-4.3249622752696266e-05
197.300000000,drone0/magnetometer/magnetometer/magnetometer,2.4212258888044995e-05,3.607207134806616e-06,-4.2157267264857696e-05
197.452000000,drone0/magnetometer/magnetometer/magnetometer,2.4100940233195696e-05,3.4258993414721422e-06,-4.2236815487622105e-05
197.600000000,drone0/magnetometer/magnetometer/magnetometer,2.415657327510168e-05,3.2685274161773772e-06,-4.221919270024286e-05
197.752000000,drone0/magnetometer/magnetometer/magnetometer,2.296975308825937e-05,3.09201664031852e-06,-4.2882532214088454e-05
197.900000000,drone0/magnetometer/magnetometer/magnetometer,2.1107958296772213e-05,2.229048956905784e-06,-4.387444507650079e-05
198.052000000,drone0/magnetometer/magnetometer/magnetometer,2.0603645971901372e-05,1.6359023903540867e-06,-4.414023868758573e-05
198.200000000,drone0/magnetometer/magnetometer/magnetometer,2.3638517712013423e-05,2.5000863020761153e-06,-4.256606692499555e-05
198.300000000,drone0/magnetometer/magnetometer/magnetometer,2.4625232118811387e-05,3.362718316806484e-06,-4.194265430901515e-05
198.452000000,drone0/magnetometer/magnetometer/magnetometer,2.5128382513490396e-05,3.93215620472416e-06,-4.1591980895993914e-05
198.600000000,drone0/magnetometer/magnetometer/magnetometer,2.508923935041063e-05,3.8168107075411435e-06,-4.162704704725544e-05
198.752000000,drone0/magnetometer/magnetometer/magnetometer,2.483161114418113e-05,3.5743543492453252e-06,-4.180292466648304e-05
198.900000000,drone0/magnetometer/magnetometer/magnetometer,2.4734059023815147e-05,3.5310547002344383e-06,-4.186407296552775e-05
199.052000000,drone0/magnetometer/magnetometer/magnetometer,2.208141535893469e-05,2.9980338154066612e-06,-4.334754357490791e-05
199.200000000,drone0/magnetometer/magnetometer/magnetometer,2.08459539502726e-05,2.1646457685232944e-06,-4.4001282663176625e-05
199.300000000,drone0/magnetometer/magnetometer/magnetometer,2.054092595756683e-05,1.803784094762766e-06,-4.416117688707563e-05
199.452000000,drone0/magnetometer/magnetometer/magnetometer,2.037237261279115e-05,1.4985551346232477e-06,-4.425161013502934e-05
199.600000000,drone0/magnetometer/magnetometer/magnetometer,2.3063487853461387e-05,1.9156257125658176e-06,-4.291093863776515e-05
199.752000000,drone0/magnetometer/magnetometer/magnetometer,2.5819976559190014e-05,3.6751915224204442e-06,-4.1196937662683104e-05
199.900000000,drone0/magnetometer/magnetometer/magnetometer,2.6494580989504035e-05,4.467089461323363e-06,-4.0684902457826186e-05
200.052000000,drone0/magnetometer/magnetometer/magnetometer,2.627041781042824e-05,4.65742372857124e-06,-4.080554806581977e-05
200.200000000,drone0/magnetometer/magnetometer/magnetometer,2.6782143012986116e-05,2.871940071367251e-06,-4.0656197038209064e-05
200.300000000,drone0/magnetometer/magnetometer/magnetometer,2.688474096181251e-05,1.3066927686774893e-06,-4.068265012825487e-05
200.452000000,drone0/magnetometer/magnetometer/magnetometer,2.6532511001305915e-05,2.0631026219512645e-07,-4.094006484527988e-05
200.600000000,drone0/magnetometer/magnetometer/magnetometer,2.612893207593856e-05,-2.3467588439668957e-07,-4.119939582673875e-05
200.752000000,drone0/magnetometer/magnetometer/magnetometer,2.5936717245023123e-05,-3.5152757677293675e-07,-4.1319445765995976e-05
200.900000000,drone0/magnetometer/magnetometer/magnetometer,2.5729665051322583e-05,-4.772287524160237e-07,-4.144699471047492e-05
201.052000000,drone0/magnetometer/magnetometer/magnetometer,2.571532701913965e-05,-4.853503181131625e-07,-4.1455762172462305e-05
201.200000000,drone0/magnetometer/magnetometer/magnetometer,2.5652823126811924e-05,-5.285644580320886e-07,-4.1493844570225514e-05
201.300000000,drone0/magnetometer/magnetometer/magnetometer,2.4147051362999026e-05,1.1918649557388364e-06,-4.235076187909012e-05
201.452000000,drone0/magnetometer/magnetometer/magnetometer,2.316505488953087e-05,5.479376825562807e-06,-4.251899895843617e-05
201.600000000,drone0/magnetometer/magnetometer/magnetometer,2.290852197803019e-05,6.932407956728144e-06,-4.2431328413031606e-05
201.752000000,drone0/magnetometer/magnetometer/magnetometer,2.2689055106563737e-05,6.859310539199121e-06,-4.255997362043873e-05
201.900000000,drone0/magnetometer/magnetometer/magnetometer,2.278236966686319e-05,6.496436798950089e-06,-4.25709230267044e-05
202.052000000,drone0/magnetometer/magnetometer/magnetometer,2.3072272638917463e-05,6.068898059227994e-06,-4.2483624116027e-05
202.200000000,drone0/magnetometer/magnetometer/magnetometer,2.3203897926470328e-05,5.516668322604037e-06,-4.2492950642790784e-05
202.300000000,drone0/magnetometer/magnetometer/magnetometer,2.3105318339786453e-05,5.430301355070724e-06,-4.255776751142507e-05
202.452000000,drone0/magnetometer/magnetometer/magnetometer,2.321833925951721e-05,4.903994201232797e-06,-4.256544723759691e-05
202.600000000,drone0/magnetometer/magnetometer/magnetometer,2.3639911814772773e-05,3.8660884690883325e-06,-4.2451878050484694e-05
202.752000000,drone0/magnetometer/magnetometer/magnetometer,2.3568121486360765e-05,3.631914798751939e-06,-4.251385044831121e-05
202.900000000,drone0/magnetometer/magnetometer/magnetometer,2.38800469611957e-05,3.731574013653747e-06,-4.2332171453350534e-05
203.052000000,drone0/magnetometer/magnetometer/magnetometer,2.389007067492674e-05,3.792661729095438e-06,-4.232065004850483e-05
203.200000000,drone0/magnetometer/magnetometer/magnetometer,2.4164252159381545e-05,3.734472448671963e-06,-4.217232912053748e-05
203.300000000,drone0/magnetometer/magnetometer/magnetometer,2.4039119423173907e-05,3.6847332496257556e-06,-4.2247675866949406e-05
203.452000000,drone0/magnetometer/magnetometer/magnetometer,2.5040394494601286e-05,1.6726862077718665e-06,-4.1814773453375006e-05
203.600000000,drone0/magnetometer/magnetometer/magnetometer,2.5316851307493584e-05,-9.479972193449349e-08,-4.169728968847784e-05
203.752000000,drone0/magnetometer/magnetometer/magnetometer,2.5498809827400857e-05,-5.684045420017294e-07,-4.1587389667918944e-05
203.900000000,drone0/magnetometer/magnetometer/magnetometer,2.573213163177096e-05,-6.085857379660152e-07,-4.144476828291627e-05
204.052000000,drone0/magnetometer/magnetometer/magnetometer,2.557360832383277e-05,-6.361364753028775e-07,-4.1541485647888204e-05
204.200000000,drone0/magnetometer/magnetometer/magnetometer,2.5544219905536124e-05,-6.863122052830508e-07,-4.155894634802383e-05
204.300000000,drone0/magnetometer/magnetometer/magnetometer,2.5511873702354185e-05,-6.18290439957508e-07,-4.157913622172451e-05
204.452000000,drone0/magnetometer/magnetometer/magnetometer,2.36055839254444e-05,3.4227172397570334e-06,-4.251240969381167e-05
205.900000000,drone0/magnetometer/magnetometer/magnetometer,2.3855825013010644e-05,3.5193905765117e-06,-4.2365569147796057e-05
206.052000000,drone0/magnetometer/magnetometer/magnetometer,2.395016237750919e-05,3.3630443735442646e-06,-4.232698349222254e-05
206.200000000,drone0/magnetometer/magnetometer/magnetometer,2.3986506383793127e-05,3.2452035740868843e-06,-4.231682703614657e-05
206.300000000,drone0/magnetometer/magnetometer/magnetometer,2.384157656132504e-05,3.1482892248600835e-06,-4.240571860408312e-05
206.452000000,drone0/magnetometer/magnetometer/magnetometer,2.390202993689216e-05,3.181318173111177e-06,-4.2369367232884354e-05
206.600000000,drone0/magnetometer/magnetometer/magnetometer,2.4243967163549397e-05,3.2007069232390665e-06,-4.217544752371431e-05
206.752000000,drone0/magnetometer/magnetometer/magnetometer,2.4255219194316507e-05,3.187719992668432e-06,-4.2170147582956474e-05
206.900000000,drone0/magnetometer/magnetometer/magnetometer,2.404541704192587e-05,3.216189456390805e-06,-4.228625410694431e-05
207.052000000,drone0/magnetometer/magnetometer/magnetometer,2.4020187870800636e-05,3.4294870715041986e-06,-4.228189821383244e-05
207.200000000,drone0/magnetometer/magnetometer/magnetometer,2.3901853933408533e-05,3.468627017187554e-06,-4.2344553104663856e-05
207.300000000,drone0/magnetometer/magnetometer/magnetometer,2.388837389133158e-05,3.430396842776764e-06,-4.2355491614650075e-05
207.452000000,drone0/magnetometer/magnetometer/magnetometer,2.386932254781297e-05,3.3630090113788863e-06,-4.237205150021185e-05
207.600000000,drone0/magnetometer/magnetometer/magnetometer,2.4008552660488907e-05,3.1912542898040904e-06,-4.2309025983165324e-05
207.752000000,drone0/magnetometer/magnetometer/magnetometer,2.407110432979526e-05,3.1820867963609325e-06,-4.227468012714994e-05
207.900000000,drone0/magnetometer/magnetometer/magnetometer,2.409900092972368e-05,3.207763534630956e-06,-4.225682963130905e-05
208.052000000,drone0/magnetometer/magnetometer/magnetometer,2.431824033533077e-05,3.0367543370954087e-06,-4.214667208893627e-05
208.200000000,drone0/magnetometer/magnetometer/magnetometer,2.5182159526541557e-05,9.444861366959994e-07,-4.175916492323893e-05
208.300000000,drone0/magnetometer/magnetometer/magnetometer,2.5351636806586143e-05,4.21936752432258e-09,-4.167573194084457e-05
208.452000000,drone0/magnetometer/magnetometer/magnetometer,2.534672239419052e-05,-5.645863381955218e-07,-4.167923469907818e-05
208.600000000,drone0/magnetometer/magnetometer/magnetometer,2.446189016042373e-05,1.6440623156394208e-07,-4.219641693048957e-05
208.752000000,drone0/magnetometer/magnetometer/magnetometer,2.3532440161766184e-05,3.895107209413425e-06,-4.2507887761789406e-05
208.900000000,drone0/magnetometer/magnetometer/magnetometer,2.3305712555121147e-05,5.614822210874651e-06,-4.2424212754501115e-05
209.052000000,drone0/magnetometer/magnetometer/magnetometer,2.327088335840984e-05,5.811523122462906e-06,-4.241489351384631e-05
209.200000000,drone0/magnetometer/magnetometer/magnetometer,2.3383737870407735e-05,5.184811870169589e-06,-4.2440254484483955e-05
209.300000000,drone0/magnetometer/magnetometer/magnetometer,2.445354509015317e-05,3.889852946593993e-06,-4.199188829389e-05
209.452000000,drone0/magnetometer/magnetometer/magnetometer,2.509381678684721e-05,7.45218508788836e-07,-4.181729307692313e-05
209.600000000,drone0/magnetometer/magnetometer/magnetometer,2.5448013221703735e-05,-4.49524330640651e-07,-4.1618686894483696e-05
209.752000000,drone0/magnetometer/magnetometer/magnetometer,2.5402399328054346e-05,-7.671543541749029e-07,-4.1644013172930564e-05
209.900000000,drone0/magnetometer/magnetometer/magnetometer,2.547911722994324e-05,-8.318415101493683e-07,-4.159689615259417e-05
210.052000000,drone0/magnetometer/magnetometer/magnetometer,2.5482992187403113e-05,-7.629156233349338e-07,-4.159534624236681e-05
210.200000000,drone0/magnetometer/magnetometer/magnetometer,2.4340663590514783e-05,3.0523969992712295e-07,-4.226374575950409e-05
210.300000000,drone0/magnetometer/magnetometer/magnetometer,2.3703165243361396e-05,3.550851910787767e-06,-4.244720144472313e-05
210.452000000,drone0/magnetometer/magnetometer/magnetometer,2.2851109550222425e-05,6.237225132636396e-06,-4.2575606208547876e-05
210.600000000,drone0/magnetometer/magnetometer/magnetometer,2.2731047462732305e-05,6.737583595519958e-06,-4.255838776046598e-05
210.752000000,drone0/magnetometer/magnetometer/magnetometer,2.2841067686832163e-05,6.287757435205126e-06,-4.257304951814014e-05
210.900000000,drone0/magnetometer/magnetometer/magnetometer,2.3245854202617225e-05,5.707983008316711e-06,-4.244338190692458e-05
211.052000000,drone0/magnetometer/magnetometer/magnetometer,2.318623734563096e-05,5.122408004113227e-06,-4.25551391701346e-05
211.200000000,drone0/magnetometer/magnetometer/magnetometer,2.3539367802550172e-05,4.3911885036765505e-06,-4.245158268365358e-05
211.300000000,drone0/magnetometer/magnetometer/magnetometer,2.3849650290230875e-05,3.94581520943722e-06,-4.232788337813804e-05
211.452000000,drone0/magnetometer/magnetometer/magnetometer,2.375315913445665e-05,3.4221702952414543e-06,-4.243123633169263e-05
211.600000000,drone0/magnetometer/magnetometer/magnetometer,2.3868584053688445e-05,3.266706595178101e-06,-4.2380785439214716e-05
211.752000000,drone0/magnetometer/magnetometer/magnetometer,2.4007569131014464e-05,3.2491460480470532e-06,-4.2304695869721926e-05
211.900000000,drone0/magnetometer/magnetometer/magnetometer,2.3797516631313277e-05,3.234636160019352e-06,-4.2422945026664245e-05
212.052000000,drone0/magnetometer/magnetometer/magnetometer,2.4612665976534964e-05,2.1241471001070373e-06,-4.2040984861554144e-05
212.200000000,drone0/magnetometer/magnetometer/magnetometer,2.408281961615799e-05,2.2698577411039534e-06,-4.233427784751216e-05
212.300000000,drone0/magnetometer/magnetometer/magnetometer,2.3839692079978087e-05,2.8242391131951465e-06,-4.24322137428996e-05
212.452000000,drone0/magnetometer/magnetometer/magnetometer,2.376006327133661e-05,3.454198809794521e-06,-4.242456124253892e-05
212.600000000,drone0/magnetometer/magnetometer/magnetometer,2.3805917056564333e-05,3.7077806407372405e-06,-4.237566045825916e-05
212.752000000,drone0/magnetometer/magnetometer/magnetometer,2.5321721821042066e-05,1.7807337839513514e-06,-4.164161389073432e-05
212.900000000,drone0/magnetometer/magnetometer/magnetometer,2.58209449048083e-05,-6.649797304031564e-07,-4.138966642568553e-05
213.052000000,drone0/magnetometer/magnetometer/magnetometer,2.5925087247879945e-05,-1.5653899312039747e-06,-4.1307760842317706e-05
214.300000000,drone0/magnetometer/magnetometer/magnetometer,2.571568261718581e-05,-9.249814009205702e-07,-4.1451427404713374e-05
214.452000000,drone0/magnetometer/magnetometer/magnetometer,2.555424133945191e-05,-9.425562372774162e-07,-4.1549781044559863e-05
214.600000000,drone0/magnetometer/magnetometer/magnetometer,2.562611656537767e-05,-8.858897496641813e-07,-4.1506801168234265e-05
214.752000000,drone0/magnetometer/magnetometer/magnetometer,2.572879811837005e-05,-8.450135737067042e-07,-4.144447634104558e-05
214.900000000,drone0/magnetometer/magnetometer/magnetometer,2.5680015729850637e-05,-8.103525404143183e-07,-4.147481456162074e-05
215.052000000,drone0/magnetometer/magnetometer/magnetometer,2.5759349086535867e-05,-7.932021376087757e-07,-4.142633271769717e-05
215.200000000,drone0/magnetometer/magnetometer/magnetometer,2.559912193796866e-05,-8.159365793449284e-07,-4.152417163315784e-05
215.300000000,drone0/magnetometer/magnetometer/magnetometer,2.558847601105103e-05,-8.468910496969599e-07,-4.153027563878e-05
215.452000000,drone0/magnetometer/magnetometer/magnetometer,2.553091370684306e-05,-8.276966212902822e-07,-4.1565532686498704e-05
215.600000000,drone0/magnetometer/magnetometer/magnetometer,2.565788384154187e-05,-7.68012057486206e-07,-4.1488840771367024e-05
215.752000000,drone0/magnetometer/magnetometer/magnetometer,2.5620963276346836e-05,-7.689143722336533e-07,-4.151138795214094e-05
215.900000000,drone0/magnetometer/magnetometer/magnetometer,2.5617396902865756e-05,-7.759407577334768e-07,-4.151348728832305e-05
216.052000000,drone0/magnetometer/magnetometer/magnetometer,2.5565186014659818e-05,-7.840655706376453e-07,-4.1545211773331906e-05
216.200000000,drone0/magnetometer/magnetometer/magnetometer,2.587886182111874e-05,-7.030315913272795e-07,-4.1353536345186744e-05
216.300000000,drone0/magnetometer/magnetometer/magnetometer,2.575563640277421e-05,-6.649988456985557e-07,-4.1429891513250456e-05
216.452000000,drone0/magnetometer/magnetometer/magnetometer,2.5711004605823686e-05,-6.721506551390693e-07,-4.145723856187954e-05
216.600000000,drone0/magnetometer/magnetometer/magnetometer,2.565218232942978e-05,-7.072294325844065e-07,-4.149294366620491e-05
216.752000000,drone0/magnetometer/magnetometer/magnetometer,2.557737350494604e-05,-7.402536064045578e-07,-4.153826330717412e-05
216.900000000,drone0/magnetometer/magnetometer/magnetometer,2.5386102316108298e-05,-7.91606745387034e-07,-4.1653565712351146e-05
217.052000000,drone0/magnetometer/magnetometer/magnetometer,2.5449439590415823e-05,-7.979310981793237e-07,-4.1615262057601334e-05
217.200000000,drone0/magnetometer/magnetometer/magnetometer,2.380913339868447e-05,1.9347277077371437e-06,-4.250610835133227e-05
217.300000000,drone0/magnetometer/magnetometer/magnetometer,2.256870040587627e-05,-1.1493942486160482e-06,-4.321989999475295e-05
217.452000000,drone0/magnetometer/magnetometer/magnetometer,2.024594967062495e-06,1.9786515306880076e-05,-4.41645238154313e-05
217.600000000,drone0/magnetometer/magnetometer/magnetometer,-1.951337594177759e-05,1.4096030931302098e-06,-4.4209331181859934e-05
217.752000000,drone0/magnetometer/magnetometer/magnetometer,-5.767679854215969e-06,-2.30755516601531e-05,-4.241692821431663e-05
217.900000000,drone0/magnetometer/magnetometer/magnetometer,1.639327108977977e-05,-1.9104987184797715e-05,-4.1827734938083106e-05
218.052000000,drone0/magnetometer/magnetometer/magnetometer,2.0746982736037984e-05,9.79250569195886e-07,-4.409854907069881e-05
218.200000000,drone0/magnetometer/magnetometer/magnetometer,9.14431692127993e-06,1.3994922962785252e-05,-4.558602028958527e-05
218.300000000,drone0/magnetometer/magnetometer/magnetometer,-7.035568862266721e-07,1.4900005370361863e-05,-4.610155337713238e-05
218.452000000,drone0/magnetometer/magnetometer/magnetometer,-1.1736445155105568e-05,6.864903502204471e-06,-4.645172042571476e-05
218.600000000,drone0/magnetometer/magnetometer/magnetometer,-1.6477846395036986e-05,-5.956111618703388e-06,-4.514929501412941e-05
218.752000000,drone0/magnetometer/magnetometer/magnetometer,-1.752644602491625e-05,-1.936497255959137e-05,-4.084230153577397e-05
218.900000000,drone0/magnetometer/magnetometer/magnetometer,-1.7720373953280647e-05,-3.0402799440519386e-05,-3.337709554365342e-05
219.052000000,drone0/magnetometer/magnetometer/magnetometer,-1.9427400614433827e-05,-3.673580411259599e-05,-2.4948938499445667e-05
219.200000000,drone0/magnetometer/magnetometer/magnetometer,-1.823050206454625e-05,-3.5665322802866046e-05,-2.7331576563647814e-05
219.300000000,drone0/magnetometer/magnetometer/magnetometer,-1.7273811025594897e-05,-3.177450255017917e-05,-3.232650657894795e-05
219.452000000,drone0/magnetometer/magnetometer/magnetometer,-1.483984133806749e-05,-1.96916485164975e-05,-4.178132770582388e-05
219.600000000,drone0/magnetometer/magnetometer/magnetometer,-1.4214907807930551e-05,-1.9654317730385434e-05,-4.202424249901831e-05
219.752000000,drone0/magnetometer/magnetometer/magnetometer,-1.3677576594162086e-05,-1.9600136900533043e-05,-4.223466743369364e-05
219.900000000,drone0/magnetometer/magnetometer/magnetometer,-1.3380774449345745e-05,-1.9556112764367817e-05,-4.2353925552830415e-05
220.052000000,drone0/magnetometer/magnetometer/magnetometer,-1.3384631066493359e-05,-1.9586242886888145e-05,-4.233885160750421e-05
220.200000000,drone0/magnetometer/magnetometer/magnetometer,-1.3342349858150265e-05,-1.9612635100132865e-05,-4.2340671999529174e-05
220.300000000,drone0/magnetometer/magnetometer/magnetometer,-1.334041288388799e-05,-1.9595600853604377e-05,-4.2349125608932066e-05
220.452000000,drone0/magnetometer/magnetometer/magnetometer,-1.3346924804790687e-05,-1.9445925390175334e-05,-4.241531005245252e-05
220.600000000,drone0/magnetometer/magnetometer/magnetometer,-1.3439392811523747e-05,-1.9482827440055988e-05,-4.236802668688673e-05
220.752000000,drone0/magnetometer/magnetometer/magnetometer,-1.339667033353793e-05,-1.930037888618972e-05,-4.2464788975518576e-05
220.900000000,drone0/magnetometer/magnetometer/magnetometer,-1.3489257035859877e-05,-1.9166802663402577e-05,-4.2494137658437556e-05
221.052000000,drone0/magnetometer/magnetometer/magnetometer,-1.3569686043855502e-05,-1.940037384656795e-05,-4.236218900038743e-05
221.200000000,drone0/magnetometer/magnetometer/magnetometer,-1.362403311963513e-05,-1.9402412348046365e-05,-4.2343062581627276e-05
221.300000000,drone0/magnetometer/magnetometer/magnetometer,-1.3623580327693925e-05,-1.9424270566891946e-05,-4.233328204326902e-05
221.452000000,drone0/magnetometer/magnetometer/magnetometer,-1.3685695913897743e-05,-1.938022704016054e-05,-4.2332388702054465e-05
221.600000000,drone0/magnetometer/magnetometer/magnetometer,-1.3811127807273493e-05,-1.9349564404653694e-05,-4.230379859618841e-05
221.752000000,drone0/magnetometer/magnetometer/magnetometer,-1.3721262290329694e-05,-1.9533803996914154e-05,-4.225034563808681e-05
221.900000000,drone0/magnetometer/magnetometer/magnetometer,-1.3690360200885257e-05,-1.9409284669695504e-05,-4.231762020134587e-05
222.052000000,drone0/magnetometer/magnetometer/magnetometer,-1.3622292002539616e-05,-1.9195611756117428e-05,-4.2436940072937746e-05
222.200000000,drone0/magnetometer/magnetometer/magnetometer,-1.3699887529943114e-05,-1.9404461010855402e-05,-4.2316596737870366e-05
222.300000000,drone0/magnetometer/magnetometer/magnetometer,-1.359226826953696e-05,-1.937704155247476e-05,-4.236521890794997e-05
222.452000000,drone0/magnetometer/magnetometer/magnetometer,-1.3775470894088875e-05,-1.9353127236985155e-05,-4.231430458012751e-05
222.600000000,drone0/magnetometer/magnetometer/magnetometer,-1.3791776753305482e-05,-1.9435317271525478e-05,-4.227141277612387e-05
222.752000000,drone0/magnetometer/magnetometer/magnetometer,-1.3845719673834446e-05,-1.944355858701574e-05,-4.224926499231401e-05
222.900000000,drone0/magnetometer/magnetometer/magnetometer,-1.3833359212715145e-05,-1.9524635008543295e-05,-4.221641681858266e-05
223.052000000,drone0/magnetometer/magnetometer/magnetometer,-1.243264479083955e-05,-1.9106816691388853e-05,-4.285609200561045e-05
223.200000000,drone0/magnetometer/magnetometer/magnetometer,-8.656215392961857e-06,-2.1240366145669377e-05,-4.283902925308312e-05
223.300000000,drone0/magnetometer/magnetometer/magnetometer,-5.449883391131432e-06,-2.303381180938382e-05,-4.2485379591027994e-05
223.452000000,drone0/magnetometer/magnetometer/magnetometer,-4.46935146808677e-07,-2.459434455051546e-05,-4.2020083787403496e-05
223.600000000,drone0/magnetometer/magnetometer/magnetometer,4.660442326022466e-06,-2.4394154949990027e-05,-4.193681109122455e-05
223.752000000,drone0/magnetometer/magnetometer/magnetometer,8.66976499560681e-06,-2.3681629648433557e-05,-4.174658578118844e-05
223.900000000,drone0/magnetometer/magnetometer/magnetometer,1.0726679012174133e-05,-2.3291665033560598e-05,-4.1506261966915126e-05
224.052000000,drone0/magnetometer/magnetometer/magnetometer,1.1389168024909879e-05,-2.1862569449931028e-05,-4.210406101014096e-05
224.200000000,drone0/magnetometer/magnetometer/magnetometer,1.1780130211542763e-05,-2.1274923806594908e-05,-4.2298544823063855e-05
224.300000000,drone0/magnetometer/magnetometer/magnetometer,1.1784901785989841e-05,-2.1116677570106853e-05,-4.2375884221522885e-05
224.452000000,drone0/magnetometer/magnetometer/magnetometer,1.1997710523383704e-05,-2.099519219385536e-05,-4.237804051601404e-05
224.600000000,drone0/magnetometer/magnetometer/magnetometer,9.995132055588854e-06,-2.2017587433465335e-05,-4.236375056452306e-05
224.752000000,drone0/magnetometer/magnetometer/magnetometer,9.365036605237927e-06,-2.3512118277114727e-05,-4.169851827148844e-05
224.900000000,drone0/magnetometer/magnetometer/magnetometer,9.023451883898701e-06,-2.399570209807264e-05,-4.149609209323812e-05
225.052000000,drone0/magnetometer/magnetometer/magnetometer,8.921734798963878e-06,-2.404938051505396e-05,-4.148617074681272e-05
225.200000000,drone0/magnetometer/magnetometer/magnetometer,8.968581648776245e-06,-2.405858241740253e-05,-4.1471229464066404e-05
225.300000000,drone0/magnetometer/magnetometer/magnetometer,8.899973989527297e-06,-2.3983154337222473e-05,-4.152872680426408e-05
226.352000000,drone0/magnetometer/magnetometer/magnetometer,9.228121715820703e-06,-2.4076341348776727e-05,-4.14065745976175e-05
226.500000000,drone0/magnetometer/magnetometer/magnetometer,9.07248192711305e-06,-2.3934789734968926e-05,-4.152086115732827e-05
226.652000000,drone0/magnetometer/magnetometer/magnetometer,9.066857688689642e-06,-2.392814976918468e-05,-4.152583865800982e-05
226.752000000,drone0/magnetometer/magnetometer/magnetometer,9.116072324764296e-06,-2.3797473003040913e-05,-4.1590164964450106e-05
226.900000000,drone0/magnetometer/magnetometer/magnetometer,9.214447295172938e-06,-2.38702893931328e-05,-4.152792763471057e-05
227.052000000,drone0/magnetometer/magnetometer/magnetometer,9.24458141807621e-06,-2.3958217661492427e-05,-4.147114552905935e-05
227.200000000,drone0/magnetometer/magnetometer/magnetometer,9.302198184499614e-06,-2.3974854334372924e-05,-4.1449267992671724e-05
227.300000000,drone0/magnetometer/magnetometer/magnetometer,9.223136870141915e-06,-2.3930314693620466e-05,-4.1491720849852445e-05
227.452000000,drone0/magnetometer/magnetometer/magnetometer,9.272897034862615e-06,-2.3873400255714033e-05,-4.1513716731176796e-05
227.600000000,drone0/magnetometer/magnetometer/magnetometer,9.122107098718364e-06,-2.3808799477447236e-05,-4.158245610724785e-05
227.752000000,drone0/magnetometer/magnetometer/magnetometer,9.220170345887944e-06,-2.3713548565474422e-05,-4.161589940707977e-05
227.900000000,drone0/magnetometer/magnetometer/magnetometer,9.048727524463987e-06,-2.368618023512311e-05,-4.166729168677479e-05
228.052000000,drone0/magnetometer/magnetometer/magnetometer,1.2702449026829087e-05,-2.173343222599166e-05,-4.1805860965989695e-05
228.200000000,drone0/magnetometer/magnetometer/magnetometer,1.4390923795304595e-05,-1.9029182856304605e-05,-4.2574617215288864e-05
228.300000000,drone0/magnetometer/magnetometer/magnetometer,1.4908029827651817e-05,-1.825126948402228e-05,-4.2738174524415376e-05
228.452000000,drone0/magnetometer/magnetometer/magnetometer,1.5188992696761308e-05,-1.7810762469639262e-05,-4.282551449020798e-05
228.600000000,drone0/magnetometer/magnetometer/magnetometer,1.5261972453090016e-05,-1.776169234306058e-05,-4.282036068795311e-05
228.752000000,drone0/magnetometer/magnetometer/magnetometer,1.549410964516782e-05,-1.7731663728439235e-05,-4.275124412235202e-05
228.900000000,drone0/magnetometer/magnetometer/magnetometer,1.556140309674711e-05,-1.7617974261586893e-05,-4.2773873404895627e-05
229.052000000,drone0/magnetometer/magnetometer/magnetometer,1.604506594486191e-05,-1.6847245657654903e-05,-4.290613475186058e-05
229.200000000,drone0/magnetometer/magnetometer/magnetometer,1.6424973077478072e-05,-1.691120220604766e-05,-4.274039418624654e-05
229.300000000,drone0/magnetometer/magnetometer/magnetometer,1.6413312714241516e-05,-1.684402328188675e-05,-4.277098586051748e-05
229.452000000,drone0/magnetometer/magnetometer/magnetometer,1.6513259242080974e-05,-1.6817587985664056e-05,-4.274362771771761e-05
229.600000000,drone0/magnetometer/magnetometer/magnetometer,1.6692450865868178e-05,-1.6867491478646595e-05,-4.265600078757946e-05
229.752000000,drone0/magnetometer/magnetometer/magnetometer,1.661144230064331e-05,-1.6995429222401557e-05,-4.2636741717075674e-05
229.900000000,drone0/magnetometer/magnetometer/magnetometer,1.6285712235176965e-05,-1.7218788844026833e-05,-4.267103772452065e-05
230.052000000,drone0/magnetometer/magnetometer/magnetometer,1.5600758461483102e-05,-1.7820876777557162e-05,-4.267660486354222e-05
230.200000000,drone0/magnetometer/magnetometer/magnetometer,1.5099494219165007e-05,-1.8540788315619714e-05,-4.2548820276360745e-05
230.300000000,drone0/magnetometer/magnetometer/magnetometer,1.4692913581706184e-05,-1.894857637116942e-05,-4.2509681557253556e-05
230.452000000,drone0/magnetometer/magnetometer/magnetometer,1.4451717936544025e-05,-1.9407744903376597e-05,-4.238482012805088e-05
230.600000000,drone0/magnetometer/magnetometer/magnetometer,1.583808786680638e-05,-1.8111144326322716e-05,-4.2469784348622824e-05
230.752000000,drone0/magnetometer/magnetometer/magnetometer,1.609982418311857e-05,-1.694699162673832e-05,-4.2847217660374145e-05
230.900000000,drone0/magnetometer/magnetometer/magnetometer,1.633868141250251e-05,-1.662878004954069e-05,-4.2882024354492944e-05
231.052000000,drone0/magnetometer/magnetometer/magnetometer,1.6509378421455325e-05,-1.664926052816945e-05,-4.281016683922235e-05
231.200000000,drone0/magnetometer/magnetometer/magnetometer,1.664432252377912e-05,-1.6757782813822806e-05,-4.271709864498795e-05
231.300000000,drone0/magnetometer/magnetometer/magnetometer,1.6577239252203638e-05,-1.6770469731923043e-05,-4.273769600127284e-05
231.452000000,drone0/magnetometer/magnetometer/magnetometer,1.3267690384005227e-05,-1.9622253902830482e-05,-4.266262590951919e-05
231.600000000,drone0/magnetometer/magnetometer/magnetometer,1.1965530345354477e-05,-2.2282043871940407e-05,-4.172955471449684e-05
231.752000000,drone0/magnetometer/magnetometer/magnetometer,1.1548047203707426e-05,-2.286740465325418e-05,-4.152816514356003e-05
231.900000000,drone0/magnetometer/magnetometer/magnetometer,1.151796015614981e-05,-2.2814169023890382e-05,-4.1565312406574154e-05
232.052000000,drone0/magnetometer/magnetometer/magnetometer,1.1340404676808761e-05,-2.284053651368595e-05,-4.159804556167465e-05
232.200000000,drone0/magnetometer/magnetometer/magnetometer,1.1012791580997692e-05,-2.299237809885987e-05,-4.159982040723534e-05
232.300000000,drone0/magnetometer/magnetometer/magnetometer,1.102902604400649e-05,-2.2990063112554627e-05,-4.1596946204820726e-05
232.452000000,drone0/magnetometer/magnetometer/magnetometer,1.098614562416398e-05,-2.3069713997266274e-05,-4.156404705125877e-05
232.600000000,drone0/magnetometer/magnetometer/magnetometer,1.1062816173581643e-05,-2.3071510487321245e-05,-4.1543449302326584e-05
232.752000000,drone0/magnetometer/magnetometer/magnetometer,1.1249658155527475e-05,-2.31537290945452e-05,-4.144949402618515e-05
232.900000000,drone0/magnetometer/magnetometer/magnetometer,1.3590593518373316e-05,-2.2007632398331304e-05,-4.139017090968625e-05
233.052000000,drone0/magnetometer/magnetometer/magnetometer,1.526879405583424e-05,-1.859500570068819e-05,-4.246636089882418e-05
233.200000000,drone0/magnetometer/magnetometer/magnetometer,1.5605477263563167e-05,-1.7647398146568044e-05,-4.274618544035916e-05
233.300000000,drone0/magnetometer/magnetometer/magnetometer,1.5760856723429037e-05,-1.76700907363501e-05,-4.268118233994952e-05
233.452000000,drone0/magnetometer/magnetometer/magnetometer,1.5490386670186622e-05,-1.795314656291347e-05,-4.266100181032916e-05
233.600000000,drone0/magnetometer/magnetometer/magnetometer,1.6871450579315824e-05,-1.962789480995252e-05,-4.139950274666986e-05
233.752000000,drone0/magnetometer/magnetometer/magnetometer,1.7373739376389047e-05,-2.1483614652959373e-05,-4.0266251197123436e-05
233.900000000,drone0/magnetometer/magnetometer/magnetometer,1.7406430313767616e-05,-2.2132555256968745e-05,-3.9901667347332075e-05
234.052000000,drone0/magnetometer/magnetometer/magnetometer,1.7419532107330898e-05,-2.235869452368563e-05,-3.9770579155145175e-05
234.200000000,drone0/magnetometer/magnetometer/magnetometer,1.72650906520725e-05,-2.2581586791779662e-05,-3.971140115956488e-05
234.300000000,drone0/magnetometer/magnetometer/magnetometer,1.7215907261451096e-05,-2.266743917167153e-05,-3.968370626102869e-05
234.452000000,drone0/magnetometer/magnetometer/magnetometer,1.7221797660587938e-05,-2.261884185483745e-05,-3.97087530016486e-05
234.600000000,drone0/magnetometer/magnetometer/magnetometer,1.7015938784814855e-05,-2.2781144206238836e-05,-3.970349564794115e-05
234.752000000,drone0/magnetometer/magnetometer/magnetometer,1.706668768978934e-05,-2.2818763730096225e-05,-3.966065863834384e-05
234.900000000,drone0/magnetometer/magnetometer/magnetometer,1.700917300983509e-05,-2.2736096061916604e-05,-3.9731991537524046e-05
235.052000000,drone0/magnetometer/magnetometer/magnetometer,1.7162835402109807e-05,-2.2688985837838508e-05,-3.969399491457137e-05
235.200000000,drone0/magnetometer/magnetometer/magnetometer,1.7010170091846767e-05,-2.276274586701727e-05,-3.9716403829322965e-05
235.300000000,drone0/magnetometer/magnetometer/magnetometer,1.701802838575974e-05,-2.2735597283744546e-05,-3.972856018081337e-05
235.452000000,drone0/magnetometer/magnetometer/magnetometer,1.7028195347967508e-05,-2.2663543830079466e-05,-3.976519336799891e-05
235.600000000,drone0/magnetometer/magnetometer/magnetometer,1.6989584704859406e-05,-2.271747303140383e-05,-3.9750785113672416e-05
235.752000000,drone0/magnetometer/magnetometer/magnetometer,1.6950311357342376e-05,-2.2805837336209907e-05,-3.971690296307195e-05
235.900000000,drone0/magnetometer/magnetometer/magnetometer,1.63645242072287e-05,-2.254417874992144e-05,-4.010401399559258e-05
236.052000000,drone0/magnetometer/magnetometer/magnetometer,1.2715195310191308e-05,-1.9765846272278475e-05,-4.276006430810851e-05
236.200000000,drone0/magnetometer/magnetometer/magnetometer,1.1326299258770169e-05,-1.7873338465760274e-05,-4.394611719022979e-05
236.300000000,drone0/magnetometer/magnetometer/magnetometer,1.0468813380921663e-05,-1.730986390391238e-05,-4.4371880002647506e-05
236.452000000,drone0/magnetometer/magnetometer/magnetometer,1.0130514724954082e-05,-1.646523950799826e-05,-4.4763208781239196e-05
236.600000000,drone0/magnetometer/magnetometer/magnetometer,9.923246387886003e-06,-1.61784587690009e-05,-4.491074324486616e-05
236.752000000,drone0/magnetometer/magnetometer/magnetometer,9.730629157801026e-06,-1.619560346349542e-05,-4.494500504038844e-05
236.900000000,drone0/magnetometer/magnetometer/magnetometer,9.763386619656248e-06,-1.6358348465725244e-05,-4.4879960854582844e-05
237.052000000,drone0/magnetometer/magnetometer/magnetometer,9.791066268733598e-06,-1.634549618570954e-05,-4.4878809644570415e-05
237.200000000,drone0/magnetometer/magnetometer/magnetometer,9.674916533408267e-06,-1.6393232868359633e-05,-4.488573454015022e-05
237.300000000,drone0/magnetometer/magnetometer/magnetometer,9.815969881148347e-06,-1.6356114921567567e-05,-4.486977760438955e-05
237.452000000,drone0/magnetometer/magnetometer/magnetometer,9.764031938832845e-06,-1.655568993568634e-05,-4.4808303218610006e-05
237.600000000,drone0/magnetometer/magnetometer/magnetometer,1.0636104567165534e-05,-1.7263409110802283e-05,-4.435151630054071e-05
237.752000000,drone0/magnetometer/magnetometer/magnetometer,1.174264846296734e-05,-1.8384678386166976e-05,-4.363073936570433e-05
237.900000000,drone0/magnetometer/magnetometer/magnetometer,1.2446444276373273e-05,-1.911886865124133e-05,-4.312662038533093e-05
238.052000000,drone0/magnetometer/magnetometer/magnetometer,1.4025387521413673e-05,-1.9742432099663947e-05,-4.237105953752739e-05
238.200000000,drone0/magnetometer/magnetometer/magnetometer,1.5519171846568197e-05,-2.1526257164210693e-05,-4.097855343288486e-05
238.300000000,drone0/magnetometer/magnetometer/magnetometer,1.582365592618047e-05,-2.2163770602057477e-05,-4.052474982764694e-05
239.500000000,drone0/magnetometer/magnetometer/magnetometer,1.6804342585619866e-05,-2.274074106019475e-05,-3.9814635198454675e-05
239.652000000,drone0/magnetometer/magnetometer/magnetometer,1.6658053385609293e-05,-2.282346147314298e-05,-3.9827781643356604e-05
239.752000000,drone0/magnetometer/magnetometer/magnetometer,1.663921222412268e-05,-2.2947125759019188e-05,-3.976481005381183e-05
239.900000000,drone0/magnetometer/magnetometer/magnetometer,1.6600195352124516e-05,-2.3005401046117133e-05,-3.9747298679800155e-05
240.500000000,drone0/magnetometer/magnetometer/magnetometer,1.670884359178545e-05,-2.2917545671827108e-05,-3.9753178483138436e-05
240.652000000,drone0/magnetometer/magnetometer/magnetometer,1.66076006490144e-05,-2.2948028669404698e-05,-3.977722767557941e-05
240.752000000,drone0/magnetometer/magnetometer/magnetometer,1.6656286955088554e-05,-2.291892034218776e-05,-3.9773980023745194e-05
240.900000000,drone0/magnetometer/magnetometer/magnetometer,1.6699253858159714e-05,-2.2857545707258622e-05,-3.979144332017515e-05
241.052000000,drone0/magnetometer/magnetometer/magnetometer,1.667173362637069e-05,-2.2867147134854193e-05,-3.9797258241320315e-05
241.200000000,drone0/magnetometer/magnetometer/magnetometer,1.663092426833596e-05,-2.2898306398163538e-05,-3.979616654981996e-05
241.300000000,drone0/magnetometer/magnetometer/magnetometer,1.6616805632256468e-05,-2.293090527661947e-05,-3.978327997719548e-05
241.452000000,drone0/magnetometer/magnetometer/magnetometer,1.6666324762876703e-05,-2.291469509464803e-05,-3.977228313102517e-05
241.600000000,drone0/magnetometer/magnetometer/magnetometer,1.6529738053190277e-05,-2.298919045622795e-05,-3.978534824986649e-05
241.752000000,drone0/magnetometer/magnetometer/magnetometer,1.6551147901788427e-05,-2.2969485834493343e-05,-3.978794897827764e-05
241.900000000,drone0/magnetometer/magnetometer/magnetometer,1.6503951520743095e-05,-2.294765461162932e-05,-3.981964840903885e-05
242.052000000,drone0/magnetometer/magnetometer/magnetometer,1.653349082925064e-05,-2.29666385729552e-05,-3.979676776967821e-05
242.200000000,drone0/magnetometer/magnetometer/magnetometer,1.6517204358001924e-05,-2.296097670385241e-05,-3.9806633817980696e-05
242.300000000,drone0/magnetometer/magnetometer/magnetometer,1.6668916008236256e-05,-2.2882730077022047e-05,-3.978950987724217e-05
242.452000000,drone0/magnetometer/magnetometer/magnetometer,1.6543486482665828e-05,-2.287440071101491e-05,-3.9845477993165145e-05
242.600000000,drone0/magnetometer/magnetometer/magnetometer,1.6576835891573276e-05,-2.2840088693893533e-05,-3.9851474542431726e-05
242.752000000,drone0/magnetometer/magnetometer/magnetometer,1.622634765980241e-05,-2.276429625095531e-05,-4.00353131823984e-05
242.900000000,drone0/magnetometer/magnetometer/magnetometer,1.2510479903021318e-05,-1.9760354908796373e-05,-4.282106062586012e-05
243.052000000,drone0/magnetometer/magnetometer/magnetometer,1.1009012814918439e-05,-1.769190498472342e-05,-4.409621279125256e-05
243.200000000,drone0/magnetometer/magnetometer/magnetometer,1.0581284879268493e-05,-1.7220483182353324e-05,-4.438061406733744e-05
243.300000000,drone0/magnetometer/magnetometer/magnetometer,1.0376148171438457e-05,-1.707046648665639e-05,-4.448433090004124e-05
243.452000000,drone0/magnetometer/magnetometer/magnetometer,1.0167458472057972e-05,-1.7149786912562138e-05,-4.450044160972029e-05
243.600000000,drone0/magnetometer/magnetometer/magnetometer,9.660664170805202e-06,-1.7683303811313756e-05,-4.440209484744244e-05
243.752000000,drone0/magnetometer/magnetometer/magnetometer,6.586647824950007e-06,-2.0277993494602655e-05,-4.3833071001843014e-05
243.900000000,drone0/magnetometer/magnetometer/magnetometer,4.032390294972335e-06,-2.2347111665363772e-05,-4.3112369353352966e-05
244.052000000,drone0/magnetometer/magnetometer/magnetometer,1.3010209479112022e-06,-2.0930448664508586e-05,-4.39495236101742e-05
244.200000000,drone0/magnetometer/magnetometer/magnetometer,-2.453990858693151e-06,-1.9733954094001675e-05,-4.440503242685777e-05
244.300000000,drone0/magnetometer/magnetometer/magnetometer,-5.106202857471536e-06,-1.887692147066501e-05,-4.451768097046211e-05
244.452000000,drone0/magnetometer/magnetometer/magnetometer,-9.020879633388024e-06,-1.7059905270833614e-05,-4.457504330260439e-05
244.600000000,drone0/magnetometer/magnetometer/magnetometer,-1.2525554164135681e-05,-1.4488128564432272e-05,-4.4581944081405316e-05
244.752000000,drone0/magnetometer/magnetometer/magnetometer,-1.5741005969216563e-05,-1.1361660648353997e-05,-4.4410369645459224e-05
244.900000000,drone0/magnetometer/magnetometer/magnetometer,-1.7053088945392383e-05,-8.58941961851507e-06,-4.451510709576206e-05
245.052000000,drone0/magnetometer/magnetometer/magnetometer,-1.7464198181563053e-05,-7.1965379520484326e-06,-4.458871330200175e-05
245.200000000,drone0/magnetometer/magnetometer/magnetometer,-1.7237342840275894e-05,-7.763389047193304e-06,-4.4588405462273505e-05
245.300000000,drone0/magnetometer/magnetometer/magnetometer,-1.728526123700366e-05,-8.032060102515287e-06,-4.4523163033387186e-05
245.452000000,drone0/magnetometer/magnetometer/magnetometer,-1.7795145267402547e-05,-8.19541540967276e-06,-4.428586059183219e-05
245.600000000,drone0/magnetometer/magnetometer/magnetometer,-1.8726373313252747e-05,-7.982066204881938e-06,-4.3925136917844653e-05
245.752000000,drone0/magnetometer/magnetometer/magnetometer,-1.9577150461214623e-05,-8.244001331177392e-06,-4.349315043264386e-05
245.900000000,drone0/magnetometer/magnetometer/magnetometer,-2.0102709662926502e-05,-8.514757916006282e-06,-4.319421142866332e-05
246.052000000,drone0/magnetometer/magnetometer/magnetometer,-2.0776093540117366e-05,-8.483122912671384e-06,-4.2870463119999064e-05
246.200000000,drone0/magnetometer/magnetometer/magnetometer,-2.1100531449297928e-05,-8.661228198809845e-06,-4.2672149585366304e-05
246.300000000,drone0/magnetometer/magnetometer/magnetometer,-2.115674332765032e-05,-8.766188140683131e-06,-4.262263873643774e-05
246.452000000,drone0/magnetometer/magnetometer/magnetometer,-2.1510276488091806e-05,-8.924904302136843e-06,-4.2407805382656205e-05
246.600000000,drone0/magnetometer/magnetometer/magnetometer,-2.154514244897688e-05,-8.943577131568487e-06,-4.238574636872816e-05
246.752000000,drone0/magnetometer/magnetometer/magnetometer,-2.1364016846265557e-05,-8.993575656347304e-06,-4.246982815331144e-05
246.900000000,drone0/magnetometer/magnetometer/magnetometer,-2.1250004072283904e-05,-9.080684039925503e-06,-4.251072573648289e-05
247.052000000,drone0/magnetometer/magnetometer/magnetometer,-2.1393910163787853e-05,-9.009382353308054e-06,-4.2451065598493445e-05
247.200000000,drone0/magnetometer/magnetometer/magnetometer,-2.1860399863000113e-05,-8.876877876222988e-06,-4.223284260191226e-05
247.300000000,drone0/magnetometer/magnetometer/magnetometer,-2.215037912100805e-05,-8.908315671325602e-06,-4.207053023338873e-05
247.452000000,drone0/magnetometer/magnetometer/magnetometer,-2.1796418147893965e-05,-8.850115209287578e-06,-4.2272334011547686e-05
247.600000000,drone0/magnetometer/magnetometer/magnetometer,-2.1851959106867753e-05,-9.043157824399282e-06,-4.2203052897559985e-05
247.752000000,drone0/magnetometer/magnetometer/magnetometer,-2.1836785691303632e-05,-9.138680303434957e-06,-4.219113509464765e-05
247.900000000,drone0/magnetometer/magnetometer/magnetometer,-2.1926228230092048e-05,-9.053567743845222e-06,-4.2161196576635956e-05
248.052000000,drone0/magnetometer/magnetometer/magnetometer,-2.1789948467844832e-05,-9.032058692357407e-06,-4.223836624417101e-05
248.200000000,drone0/magnetometer/magnetometer/magnetometer,-2.1670116258294527e-05,-8.995406321197552e-06,-4.2309399554008414e-05
248.300000000,drone0/magnetometer/magnetometer/magnetometer,-2.1668519253496696e-05,-8.961390977874453e-06,-4.231725534895104e-05
248.452000000,drone0/magnetometer/magnetometer/magnetometer,-2.1489021414321326e-05,-9.022829754740819e-06,-4.239876961553283e-05
248.600000000,drone0/magnetometer/magnetometer/magnetometer,-2.1478404152557547e-05,-9.120906176273878e-06,-4.238391015525505e-05
248.752000000,drone0/magnetometer/magnetometer/magnetometer,-2.1511312576177677e-05,-8.943097161341858e-06,-4.240354032781591e-05
248.900000000,drone0/magnetometer/magnetometer/magnetometer,-2.1634075804087643e-05,-8.93441169355194e-06,-4.2340941951663355e-05
249.052000000,drone0/magnetometer/magnetometer/magnetometer,-2.1648065108485857e-05,-8.905035752545933e-06,-4.233958942781472e-05
249.200000000,drone0/magnetometer/magnetometer/magnetometer,-2.168004887410541e-05,-8.901745950299348e-06,-4.232340308048598e-05
249.300000000,drone0/magnetometer/magnetometer/magnetometer,-2.1755631265290547e-05,-8.87870997403881e-06,-4.2288144893649066e-05
249.452000000,drone0/magnetometer/magnetometer/magnetometer,-2.1872542454920877e-05,-9.001182728064868e-06,-4.220079407369096e-05
249.600000000,drone0/magnetometer/magnetometer/magnetometer,-2.304800607045383e-05,-9.365012544279691e-06,-4.1473622907619095e-05
249.752000000,drone0/magnetometer/magnetometer/magnetometer,-2.4298387912261588e-05,-1.0786914842138416e-05,-4.038838137680272e-05
249.900000000,drone0/magnetometer/magnetometer/magnetometer,-2.474113113446718e-05,-1.1377211733024203e-05,-3.995120756410385e-05
250.052000000,drone0/magnetometer/magnetometer/magnetometer,-2.4883337265984734e-05,-1.1376520044792505e-05,-3.986054232343066e-05
250.200000000,drone0/magnetometer/magnetometer/magnetometer,-2.4830426167906267e-05,-1.1507884672369971e-05,-3.9857495668753656e-05
250.300000000,drone0/magnetometer/magnetometer/magnetometer,-2.4871780176070702e-05,-1.1475090351857509e-05,-3.9840263171518545e-05
250.452000000,drone0/magnetometer/magnetometer/magnetometer,-2.4800300871294048e-05,-1.151799558421517e-05,-3.987390350841176e-05
250.600000000,drone0/magnetometer/magnetometer/magnetometer,-2.4741796885287225e-05,-1.1568957287012873e-05,-3.98967851376571e-05
250.752000000,drone0/magnetometer/magnetometer/magnetometer,-2.4816435637205486e-05,-1.1487205278524419e-05,-3.987229285793702e-05
250.900000000,drone0/magnetometer/magnetometer/magnetometer,-2.48779299340275e-05,-1.1358550792664352e-05,-3.986903015067147e-05
251.052000000,drone0/magnetometer/magnetometer/magnetometer,-2.0826835954894754e-05,-8.963207291676375e-06,-4.275010380972826e-05
251.200000000,drone0/magnetometer/magnetometer/magnetometer,-1.9064810757230587e-05,-6.963052759970783e-06,-4.3941900720765116e-05
251.300000000,drone0/magnetometer/magnetometer/magnetometer,-1.853345265509591e-05,-6.4977179533750804e-06,-4.424407561942509e-05
251.452000000,drone0/magnetometer/magnetometer/magnetometer,-1.813479965772722e-05,-6.370835260690603e-06,-4.443209161160533e-05
251.600000000,drone0/magnetometer/magnetometer/magnetometer,-1.8183320840155433e-05,-6.25551695877717e-06,-4.4427256700564464e-05
251.752000000,drone0/magnetometer/magnetometer/magnetometer,-1.7969490674882954e-05,-6.37569757762867e-06,-4.45008196017877e-05
251.900000000,drone0/magnetometer/magnetometer/magnetometer,-1.793729137287814e-05,-6.412198812874544e-06,-4.4509235025183665e-05
253.500000000,drone0/magnetometer/magnetometer/magnetometer,-2.14634756220928e-05,-1.419403033761601e-05,-4.10016317250615e-05
253.652000000,drone0/magnetometer/magnetometer/magnetometer,-2.093355528744979e-05,-1.3975488978205167e-05,-4.135641396025545e-05
253.752000000,drone0/magnetometer/magnetometer/magnetometer,-2.0320068597767913e-05,-1.367096957068072e-05,-4.1770075486673195e-05
253.900000000,drone0/magnetometer/magnetometer/magnetometer,-1.9762316010648667e-05,-1.320424495868373e-05,-4.219176703185178e-05
254.052000000,drone0/magnetometer/magnetometer/magnetometer,-1.9602723660348533e-05,-1.299330906670129e-05,-4.233275339324887e-05
254.200000000,drone0/magnetometer/magnetometer/magnetometer,-1.9414158447492025e-05,-1.2880535450465297e-05,-4.245615322812094e-05
254.300000000,drone0/magnetometer/magnetometer/magnetometer,-1.9446016726914104e-05,-1.2802612873048403e-05,-4.2464255044553163e-05
254.452000000,drone0/magnetometer/magnetometer/magnetometer,-1.919110662073831e-05,-1.2617881344289423e-05,-4.2637959293393675e-05
254.600000000,drone0/magnetometer/magnetometer/magnetometer,-1.9070527630119116e-05,-1.2475039120989322e-05,-4.2734996090429724e-05
254.752000000,drone0/magnetometer/magnetometer/magnetometer,-1.910914524279972e-05,-1.2496768150728545e-05,-4.2710938961762817e-05
254.900000000,drone0/magnetometer/magnetometer/magnetometer,-1.9185009869209975e-05,-1.2538253464510108e-05,-4.2663850428614324e-05
255.052000000,drone0/magnetometer/magnetometer/magnetometer,-1.9134919258919524e-05,-1.2522565514962871e-05,-4.2691598238904177e-05
255.200000000,drone0/magnetometer/magnetometer/magnetometer,-2.1910291924955484e-05,-1.0862683205561226e-05,-4.175098669284199e-05
255.300000000,drone0/magnetometer/magnetometer/magnetometer,-2.2723753473610215e-05,-8.176766952287038e-06,-4.189952666629783e-05
255.452000000,drone0/magnetometer/magnetometer/magnetometer,-2.3377924552830694e-05,-5.995166767406449e-06,-4.1884310630558575e-05
255.600000000,drone0/magnetometer/magnetometer/magnetometer,-2.3812413062191065e-05,-5.374101392489179e-06,-4.1712447701607696e-05
255.752000000,drone0/magnetometer/magnetometer/magnetometer,-2.437142538669827e-05,-5.055399199918634e-06,-4.1417234099958345e-05
255.900000000,drone0/magnetometer/magnetometer/magnetometer,-2.4639380015278084e-05,-4.793547239238679e-06,-4.128344861881563e-05
256.052000000,drone0/magnetometer/magnetometer/magnetometer,-2.477798871047898e-05,-4.682432616776879e-06,-4.12101355826243e-05
256.200000000,drone0/magnetometer/magnetometer/magnetometer,-2.4826620498694922e-05,-4.7456886145729785e-06,-4.1173252492572396e-05
256.300000000,drone0/magnetometer/magnetometer/magnetometer,-2.4578032292489552e-05,-4.7053467430396195e-06,-4.133053220298247e-05
256.452000000,drone0/magnetometer/magnetometer/magnetometer,-2.4424633618161477e-05,-4.7829789462841044e-06,-4.141551123018384e-05
256.552000000,drone0/magnetometer/magnetometer/magnetometer,-2.4372393432448173e-05,-5.0657980867501975e-06,-4.141544915436021e-05
256.700000000,drone0/magnetometer/magnetometer/magnetometer,-2.3772656948094898e-05,-5.7652598099376535e-06,-4.168614287748257e-05
256.800000000,drone0/magnetometer/magnetometer/magnetometer,-2.3277288005323045e-05,-6.221339376078622e-06,-4.1910449146414346e-05
256.952000000,drone0/magnetometer/magnetometer/magnetometer,-2.2931442741061072e-05,-7.005551617143231e-06,-4.19878262974748e-05
257.052000000,drone0/magnetometer/magnetometer/magnetometer,-2.2598788259263715e-05,-7.533918024337024e-06,-4.2085163943437555e-05
257.200000000,drone0/magnetometer/magnetometer/magnetometer,-2.2105722838518983e-05,-7.994502313726924e-06,-4.227220063474862e-05
257.300000000,drone0/magnetometer/magnetometer/magnetometer,-2.203798118795424e-05,-8.207081866347451e-06,-4.226918906072527e-05
257.452000000,drone0/magnetometer/magnetometer/magnetometer,-2.191869309453985e-05,-8.750092150080372e-06,-4.222742289854826e-05
257.552000000,drone0/magnetometer/magnetometer/magnetometer,-2.1805432978540952e-05,-8.956260127021293e-06,-4.224582125584878e-05
257.700000000,drone0/magnetometer/magnetometer/magnetometer,-2.1738504266843808e-05,-8.97443758390238e-06,-4.2277583083997835e-05
257.800000000,drone0/magnetometer/magnetometer/magnetometer,-2.097046666302968e-05,-9.1983501117256e-06,-4.262901061513818e-05
257.952000000,drone0/magnetometer/magnetometer/magnetometer,-2.0077646105522356e-05,-1.088017958624899e-05,-4.268585646138022e-05
258.052000000,drone0/magnetometer/magnetometer/magnetometer,-1.9884110571761675e-05,-1.1503392476133022e-05,-4.2619346724811676e-05
258.200000000,drone0/magnetometer/magnetometer/magnetometer,-1.9739586856715054e-05,-1.1809946217663508e-05,-4.260651609270923e-05
258.300000000,drone0/magnetometer/magnetometer/magnetometer,-1.960315915394714e-05,-1.1821622627958859e-05,-4.266831041873163e-05
258.452000000,drone0/magnetometer/magnetometer/magnetometer,-1.9668626744883723e-05,-1.1875068933881348e-05,-4.262263847833378e-05
258.552000000,drone0/magnetometer/magnetometer/magnetometer,-1.9626419030464896e-05,-1.1966742710084377e-05,-4.261758028559619e-05
258.700000000,drone0/magnetometer/magnetometer/magnetometer,-1.9323217295227003e-05,-1.1975147285974093e-05,-4.2758074019685115e-05
258.800000000,drone0/magnetometer/magnetometer/magnetometer,-1.9276089872663578e-05,-1.192926279527754e-05,-4.279260211352047e-05
258.952000000,drone0/magnetometer/magnetometer/magnetometer,-2.0859783143216246e-05,-1.1249093386643725e-05,-4.2202795670137924e-05
259.052000000,drone0/magnetometer/magnetometer/magnetometer,-2.1632503787743465e-05,-8.946104112840164e-06,-4.2339370581571935e-05
259.200000000,drone0/magnetometer/magnetometer/magnetometer,-2.079010829581904e-05,-9.664194265592681e-06,-4.261974617667339e-05
259.300000000,drone0/magnetometer/magnetometer/magnetometer,-2.0205531996509105e-05,-1.0411818434169261e-05,-4.273773174880006e-05
259.452000000,drone0/magnetometer/magnetometer/magnetometer,-1.9557188200962565e-05,-1.1624544994831417e-05,-4.274308748145329e-05
259.552000000,drone0/magnetometer/magnetometer/magnetometer,-1.9201151907800562e-05,-1.203643757753563e-05,-4.279796311116847e-05
259.700000000,drone0/magnetometer/magnetometer/magnetometer,-2.17790316126908e-05,-1.061291903390101e-05,-4.188430354795794e-05
259.800000000,drone0/magnetometer/magnetometer/magnetometer,-2.270560011692421e-05,-7.967978005278046e-06,-4.194855245680382e-05
259.952000000,drone0/magnetometer/magnetometer/magnetometer,-2.3580189496150204e-05,-6.059247890542391e-06,-4.1758729650657096e-05
260.052000000,drone0/magnetometer/magnetometer/magnetometer,-2.3771315012707475e-05,-5.624014549827988e-06,-4.170527696910632e-05
260.200000000,drone0/magnetometer/magnetometer/magnetometer,-2.3533173437255592e-05,-5.613510355089901e-06,-4.1845248338725665e-05
261.352000000,drone0/magnetometer/magnetometer/magnetometer,-2.1960727177455393e-05,-8.615233166992666e-06,-4.2231846421414555e-05
261.452000000,drone0/magnetometer/magnetometer/magnetometer,-2.163525064004809e-05,-8.737009767395939e-06,-4.2380309505558976e-05
261.552000000,drone0/magnetometer/magnetometer/magnetometer,-2.0798289820898058e-05,-9.3836171389777e-06,-4.267664324112448e-05
261.700000000,drone0/magnetometer/magnetometer/magnetometer,-1.984925144291726e-05,-1.1627562272213978e-05,-4.2603100302965605e-05
261.800000000,drone0/magnetometer/magnetometer/magnetometer,-1.964086447689233e-05,-1.2372533936959863e-05,-4.249685666809421e-05
261.952000000,drone0/magnetometer/magnetometer/magnetometer,-1.922145157076264e-05,-1.2567962854929454e-05,-4.2638320050649015e-05
262.052000000,drone0/magnetometer/magnetometer/magnetometer,-1.9005724066017818e-05,-1.2458479454528242e-05,-4.2769545040612744e-05
262.200000000,drone0/magnetometer/magnetometer/magnetometer,-1.8953178058800976e-05,-1.2342007398526664e-05,-4.28267398025855e-05
262.300000000,drone0/magnetometer/magnetometer/magnetometer,-1.9121002958862056e-05,-1.239294885332379e-05,-4.273514574997602e-05
262.452000000,drone0/magnetometer/magnetometer/magnetometer,-1.9154344739042763e-05,-1.2451048158988487e-05,-4.270313552856521e-05
262.552000000,drone0/magnetometer/magnetometer/magnetometer,-1.91869853911253e-05,-1.242452088677202e-05,-4.2695585656448044e-05
262.700000000,drone0/magnetometer/magnetometer/magnetometer,-1.9209398299850355e-05,-1.240559082018366e-05,-4.269058046707578e-05
262.800000000,drone0/magnetometer/magnetometer/magnetometer,-1.9224673222111577e-05,-1.23740262754326e-05,-4.269247106035923e-05
262.952000000,drone0/magnetometer/magnetometer/magnetometer,-1.9065219422851973e-05,-1.2206695866015964e-05,-4.281342136262283e-05
263.052000000,drone0/magnetometer/magnetometer/magnetometer,-1.9003350754513044e-05,-1.2158148936571715e-05,-4.285536497001244e-05
263.200000000,drone0/magnetometer/magnetometer/magnetometer,-1.9080566990924585e-05,-1.219337062116664e-05,-4.281008459730304e-05
263.300000000,drone0/magnetometer/magnetometer/magnetometer,-1.9175822687704556e-05,-1.2223349248871232e-05,-4.275770624254939e-05
263.452000000,drone0/magnetometer/magnetometer/magnetometer,-1.9237038930013004e-05,-1.2243714065568332e-05,-4.2723577899923964e-05
263.552000000,drone0/magnetometer/magnetometer/magnetometer,-1.920162204425013e-05,-1.2198126813491683e-05,-4.2752815804632825e-05
263.700000000,drone0/magnetometer/magnetometer/magnetometer,-1.9246640433134864e-05,-1.2166524551291484e-05,-4.274074390292393e-05
263.800000000,drone0/magnetometer/magnetometer/magnetometer,-1.9248920974494583e-05,-1.2219896501070214e-05,-4.27247419570732e-05
263.952000000,drone0/magnetometer/magnetometer/magnetometer,-1.933410235082552e-05,-1.223613889299751e-05,-4.2680441238422005e-05
264.052000000,drone0/magnetometer/magnetometer/magnetometer,-1.9210479806063117e-05,-1.2229393027853112e-05,-4.273994062602096e-05
264.200000000,drone0/magnetometer/magnetometer/magnetometer,-2.0761719244023907e-05,-1.1507734423129018e-05,-4.218435192422783e-05
264.300000000,drone0/magnetometer/magnetometer/magnetometer,-2.0571896875506205e-05,-9.608265813152607e-06,-4.2741053218034e-05
264.452000000,drone0/magnetometer/magnetometer/magnetometer,-2.2969606355839392e-05,-6.961099874812062e-06,-4.19734722947433e-05
264.552000000,drone0/magnetometer/magnetometer/magnetometer,-2.3449731634249795e-05,-5.760997560050884e-06,-4.187434380981494e-05
264.700000000,drone0/magnetometer/magnetometer/magnetometer,-2.3796529884581475e-05,-5.138059098473319e-06,-4.174989745686853e-05
264.800000000,drone0/magnetometer/magnetometer/magnetometer,-2.3972191587171685e-05,-4.9908090510338555e-06,-4.166336548217902e-05
264.952000000,drone0/magnetometer/magnetometer/magnetometer,-2.4048235924178818e-05,-5.000236894275254e-06,-4.1617227813272036e-05
265.052000000,drone0/magnetometer/magnetometer/magnetometer,-2.4128179967711276e-05,-5.010038262535427e-06,-4.1568527486113815e-05
265.200000000,drone0/magnetometer/magnetometer/magnetometer,-2.4323054411740996e-05,-5.189676746831515e-06,-4.1430761854161546e-05
265.300000000,drone0/magnetometer/magnetometer/magnetometer,-2.4281177905841724e-05,-5.193452544125151e-06,-4.145555067110948e-05
265.452000000,drone0/magnetometer/magnetometer/magnetometer,-2.4329506051554333e-05,-5.215339734257197e-06,-4.1423820483795556e-05
265.552000000,drone0/magnetometer/magnetometer/magnetometer,-2.4348831536181083e-05,-5.257504367245322e-06,-4.140710473094172e-05
265.700000000,drone0/magnetometer/magnetometer/magnetometer,-2.4085266022217005e-05,-5.092338309493083e-06,-4.1584663967097266e-05
265.800000000,drone0/magnetometer/magnetometer/magnetometer,-2.4137791598667363e-05,-5.083783712359286e-06,-4.155433886394256e-05
265.952000000,drone0/magnetometer/magnetometer/magnetometer,-2.4104192957322946e-05,-5.488959113645362e-06,-4.152557387439926e-05
266.052000000,drone0/magnetometer/magnetometer/magnetometer,-2.375094955446154e-05,-5.808916157339622e-06,-4.169309370964221e-05
266.200000000,drone0/magnetometer/magnetometer/magnetometer,-2.335705703088051e-05,-6.301723592634335e-06,-4.1853284182302176e-05
266.300000000,drone0/magnetometer/magnetometer/magnetometer,-2.303155792303898e-05,-6.809182404746663e-06,-4.196249218946328e-05
266.452000000,drone0/magnetometer/magnetometer/magnetometer,-2.2597711957220023e-05,-7.548393507268461e-06,-4.2083255837202914e-05
266.552000000,drone0/magnetometer/magnetometer/magnetometer,-2.2269744823571027e-05,-7.754350942022798e-06,-4.222679582756535e-05
266.700000000,drone0/magnetometer/magnetometer/magnetometer,-2.2173704800605023e-05,-8.111797457994919e-06,-4.221388441265181e-05
266.800000000,drone0/magnetometer/magnetometer/magnetometer,-2.218426357425981e-05,-8.362096612752269e-06,-4.216083936428185e-05
266.952000000,drone0/magnetometer/magnetometer/magnetometer,-2.1949754114549817e-05,-8.406906121994278e-06,-4.227840892759027e-05
267.052000000,drone0/magnetometer/magnetometer/magnetometer,-2.2073676707433697e-05,-8.509142796919508e-06,-4.219206237132612e-05
267.200000000,drone0/magnetometer/magnetometer/magnetometer,-2.1862627949393088e-05,-8.705625472749208e-06,-4.2266254442390665e-05
267.300000000,drone0/magnetometer/magnetometer/magnetometer,-2.1810860596464683e-05,-8.771708996691592e-06,-4.2280530846311057e-05
267.452000000,drone0/magnetometer/magnetometer/magnetometer,-2.1750912642144613e-05,-8.645195011995606e-06,-4.233758740229593e-05
267.552000000,drone0/magnetometer/magnetometer/magnetometer,-2.1823573819464093e-05,-8.591553912744397e-06,-4.230966528502316e-05
267.700000000,drone0/magnetometer/magnetometer/magnetometer,-2.1699336120593804e-05,-8.587287235239972e-06,-4.2376260069337616e-05
267.800000000,drone0/magnetometer/magnetometer/magnetometer,-2.1663880129835395e-05,-8.545988050272267e-06,-4.2403033319762714e-05
267.952000000,drone0/magnetometer/magnetometer/magnetometer,-2.1672851598486314e-05,-8.681684953184043e-06,-4.2371556342175235e-05
268.052000000,drone0/magnetometer/magnetometer/magnetometer,-2.1718447744306862e-05,-8.740465761961e-06,-4.233576697020918e-05
269.300000000,drone0/magnetometer/magnetometer/magnetometer,-2.180530333767353e-05,-8.750166924302417e-06,-4.228781553495815e-05
269.452000000,drone0/magnetometer/magnetometer/magnetometer,-2.1555873983007686e-05,-8.658358501462265e-06,-4.243759769153622e-05
269.552000000,drone0/magnetometer/magnetometer/magnetometer,-2.1462754155327782e-05,-8.583375111357414e-06,-4.250094560163207e-05
269.700000000,drone0/magnetometer/magnetometer/magnetometer,-2.177674395399489e-05,-8.328064831231355e-06,-4.2385523249153914e-05
269.800000000,drone0/magnetometer/magnetometer/magnetometer,-2.1861410866480605e-05,-8.352584423592037e-06,-4.233593683321805e-05
269.952000000,drone0/magnetometer/magnetometer/magnetometer,-2.1846859438951884e-05,-8.629545192509825e-06,-4.228978444413221e-05
270.052000000,drone0/magnetometer/magnetometer/magnetometer,-2.2021086180375e-05,-8.698670996910006e-06,-4.218285935084794e-05
270.200000000,drone0/magnetometer/magnetometer/magnetometer,-2.1919826101136e-05,-8.788692982682274e-06,-4.221903375740227e-05
270.300000000,drone0/magnetometer/magnetometer/magnetometer,-2.171191989125691e-05,-8.743794679270077e-06,-4.233854798468811e-05
270.452000000,drone0/magnetometer/magnetometer/magnetometer,-2.17713783992735e-05,-8.61473018186642e-06,-4.233277913376332e-05
270.552000000,drone0/magnetometer/magnetometer/magnetometer,-2.18795030296942e-05,-8.487310929080614e-06,-4.230032463491458e-05
270.700000000,drone0/magnetometer/magnetometer/magnetometer,-2.1821038172747752e-05,-8.396467550618853e-06,-4.2348970583651564e-05
270.800000000,drone0/magnetometer/magnetometer/magnetometer,-2.2013140316863208e-05,-8.374179785428691e-06,-4.225076229535895e-05
270.952000000,drone0/magnetometer/magnetometer/magnetometer,-2.1943936023209272e-05,-8.543369869373648e-06,-4.225498874708917e-05
271.052000000,drone0/magnetometer/magnetometer/magnetometer,-2.1704571263148755e-05,-8.53048460609276e-06,-4.2384625760885925e-05
271.200000000,drone0/magnetometer/magnetometer/magnetometer,-2.189834999253647e-05,-8.338507993213225e-06,-4.23189640488229e-05
271.300000000,drone0/magnetometer/magnetometer/magnetometer,-2.1841716356121967e-05,-8.423315459975511e-06,-4.233282253637524e-05
271.452000000,drone0/magnetometer/magnetometer/magnetometer,-2.1790333601987123e-05,-8.561537898994133e-06,-4.2333203809227005e-05
271.552000000,drone0/magnetometer/magnetometer/magnetometer,-2.1862452032626992e-05,-8.634362722826444e-06,-4.228053157054896e-05
271.700000000,drone0/magnetometer/magnetometer/magnetometer,-2.175520100326558e-05,-8.694441400122796e-06,-4.2325530202347005e-05
