stamp,frame_id,fluid_pressure_pa,variance
7.980000000,drone0/air_pressure/air_pressure/air_pressure,101320.7671081979,0.0
8.084000000,drone0/air_pressure/air_pressure/air_pressure,101321.57517354534,0.0
8.188000000,drone0/air_pressure/air_pressure/air_pressure,101323.6565780957,0.0
8.292000000,drone0/air_pressure/air_pressure/air_pressure,101324.43361568582,0.0
8.396000000,drone0/air_pressure/air_pressure/air_pressure,101324.43236791143,0.0
8.504000000,drone0/air_pressure/air_pressure/air_pressure,101324.43107214576,0.0
8.608000000,drone0/air_pressure/air_pressure/air_pressure,101324.42982437139,0.0
8.752000000,drone0/air_pressure/air_pressure/air_pressure,101324.42809668402,0.0
8.900000000,drone0/air_pressure/air_pressure/air_pressure,101324.42632100511,0.0
9.052000000,drone0/air_pressure/air_pressure/air_pressure,101324.4244973351,0.0
9.200000000,drone0/air_pressure/air_pressure/air_pressure,101324.42272165629,0.0
9.300000000,drone0/air_pressure/air_pressure/air_pressure,101324.42152187334,0.0
9.452000000,drone0/air_pressure/air_pressure/air_pressure,101324.41969820343,0.0
9.600000000,drone0/air_pressure/air_pressure/air_pressure,101324.41792252472,0.0
9.752000000,drone0/air_pressure/air_pressure/air_pressure,101324.41609885477,0.0
9.900000000,drone0/air_pressure/air_pressure/air_pressure,101324.41432317613,0.0
10.052000000,drone0/air_pressure/air_pressure/air_pressure,101324.41249950626,0.0
10.200000000,drone0/air_pressure/air_pressure/air_pressure,101324.41072382769,0.0
10.300000000,drone0/air_pressure/air_pressure/air_pressure,101324.40952404491,0.0
10.452000000,drone0/air_pressure/air_pressure/air_pressure,101324.40770037513,0.0
10.600000000,drone0/air_pressure/air_pressure/air_pressure,101324.40592469656,0.0
10.752000000,drone0/air_pressure/air_pressure/air_pressure,101324.40410102686,0.0
10.900000000,drone0/air_pressure/air_pressure/air_pressure,101324.40232534836,0.0
11.052000000,drone0/air_pressure/air_pressure/air_pressure,101324.40050167861,0.0
11.200000000,drone0/air_pressure/air_pressure/air_pressure,101324.39872600019,0.0
11.300000000,drone0/air_pressure/air_pressure/air_pressure,101324.39752621746,0.0
11.452000000,drone0/air_pressure/air_pressure/air_pressure,101324.39570254793,0.0
11.600000000,drone0/air_pressure/air_pressure/air_pressure,101324.3939268695,0.0
11.752000000,drone0/air_pressure/air_pressure/air_pressure,101324.39210319993,0.0
11.900000000,drone0/air_pressure/air_pressure/air_pressure,101324.39032752169,0.0
12.052000000,drone0/air_pressure/air_pressure/air_pressure,101324.38850385208,0.0
12.200000000,drone0/air_pressure/air_pressure/air_pressure,101324.38672817391,0.0
12.300000000,drone0/air_pressure/air_pressure/air_pressure,101324.38552839123,0.0
12.452000000,drone0/air_pressure/air_pressure/air_pressure,101324.38370472184,0.0
12.600000000,drone0/air_pressure/air_pressure/air_pressure,101324.38192904365,0.0
12.752000000,drone0/air_pressure/air_pressure/air_pressure,101324.38010537424,0.0
12.900000000,drone0/air_pressure/air_pressure/air_pressure,101324.3783296961,0.0
13.052000000,drone0/air_pressure/air_pressure/air_pressure,101324.37650602676,0.0
13.200000000,drone0/air_pressure/air_pressure/air_pressure,101324.37473034872,0.0
13.300000000,drone0/air_pressure/air_pressure/air_pressure,101324.37353056621,0.0
13.452000000,drone0/air_pressure/air_pressure/air_pressure,101324.37170689697,0.0
13.600000000,drone0/air_pressure/air_pressure/air_pressure,101324.36993121891,0.0
13.752000000,drone0/air_pressure/air_pressure/air_pressure,101324.36810754974,0.0
13.900000000,drone0/air_pressure/air_pressure/air_pressure,101324.36633187176,0.0
14.052000000,drone0/air_pressure/air_pressure/air_pressure,101324.36450820255,0.0
14.200000000,drone0/air_pressure/air_pressure/air_pressure,101324.36273252463,0.0
14.300000000,drone0/air_pressure/air_pressure/air_pressure,101324.36153274229,0.0
14.452000000,drone0/air_pressure/air_pressure/air_pressure,101324.3597090732,0.0
14.600000000,drone0/air_pressure/air_pressure/air_pressure,101324.35793339527,0.0
14.752000000,drone0/air_pressure/air_pressure/air_pressure,101324.35610972636,0.0
14.900000000,drone0/air_pressure/air_pressure/air_pressure,101324.35433404849,0.0
15.052000000,drone0/air_pressure/air_pressure/air_pressure,101324.35251037955,0.0
15.200000000,drone0/air_pressure/air_pressure/air_pressure,101324.35073470177,0.0
15.300000000,drone0/air_pressure/air_pressure/air_pressure,101324.3495349196,0.0
15.452000000,drone0/air_pressure/air_pressure/air_pressure,101324.34771125064,0.0
15.600000000,drone0/air_pressure/air_pressure/air_pressure,101324.34593557284,0.0
15.752000000,drone0/air_pressure/air_pressure/air_pressure,101324.34411190407,0.0
15.900000000,drone0/air_pressure/air_pressure/air_pressure,101324.34261320169,0.0
16.052000000,drone0/air_pressure/air_pressure/air_pressure,101324.34155678793,0.0
16.152000000,drone0/air_pressure/air_pressure/air_pressure,101324.34105212119,0.0
16.300000000,drone0/air_pressure/air_pressure/air_pressure,101324.34050344642,0.0
16.452000000,drone0/air_pressure/air_pressure/air_pressure,101324.34011676494,0.0
16.600000000,drone0/air_pressure/air_pressure/air_pressure,101324.33985856605,0.0
16.752000000,drone0/air_pressure/air_pressure/air_pressure,101324.33967659893,0.0
16.852000000,drone0/air_pressure/air_pressure/air_pressure,101324.3395896702,0.0
16.952000000,drone0/air_pressure/air_pressure/air_pressure,101324.33952205502,0.0
17.100000000,drone0/air_pressure/air_pressure/air_pressure,101324.33944854392,0.0
17.252000000,drone0/air_pressure/air_pressure/air_pressure,101324.33939673641,0.0
17.352000000,drone0/air_pressure/air_pressure/air_pressure,101324.33937198707,0.0
17.452000000,drone0/air_pressure/air_pressure/air_pressure,101324.33935273667,0.0
17.600000000,drone0/air_pressure/air_pressure/air_pressure,101324.33933180738,0.0
17.752000000,drone0/air_pressure/air_pressure/air_pressure,101324.33931705743,0.0
17.852000000,drone0/air_pressure/air_pressure/air_pressure,101324.3393100112,0.0
17.952000000,drone0/air_pressure/air_pressure/air_pressure,101324.33930453045,0.0
18.100000000,drone0/air_pressure/air_pressure/air_pressure,101324.33929857163,0.0
18.252000000,drone0/air_pressure/air_pressure/air_pressure,101324.33929437224,0.0
18.352000000,drone0/air_pressure/air_pressure/air_pressure,101324.33929236616,0.0
18.452000000,drone0/air_pressure/air_pressure/air_pressure,101324.33929080574,0.0
18.600000000,drone0/air_pressure/air_pressure/air_pressure,101324.33928910921,0.0
18.752000000,drone0/air_pressure/air_pressure/air_pressure,101324.3392879136,0.0
18.852000000,drone0/air_pressure/air_pressure/air_pressure,101324.33928734245,0.0
18.952000000,drone0/air_pressure/air_pressure/air_pressure,101324.33928689818,0.0
19.100000000,drone0/air_pressure/air_pressure/air_pressure,101324.33928641526,0.0
19.252000000,drone0/air_pressure/air_pressure/air_pressure,101324.33928607481,0.0
19.352000000,drone0/air_pressure/air_pressure/air_pressure,101324.33928591223,0.0
19.452000000,drone0/air_pressure/air_pressure/air_pressure,101324.3392857857,0.0
19.600000000,drone0/air_pressure/air_pressure/air_pressure,101324.33928564818,0.0
19.752000000,drone0/air_pressure/air_pressure/air_pressure,101324.3392855512,0.0
19.852000000,drone0/air_pressure/air_pressure/air_pressure,101324.33928550498,0.0
19.952000000,drone0/air_pressure/air_pressure/air_pressure,101324.3392854689,0.0
20.100000000,drone0/air_pressure/air_pressure/air_pressure,101324.33928542976,0.0
20.252000000,drone0/air_pressure/air_pressure/air_pressure,101324.3392854021,0.0
20.352000000,drone0/air_pressure/air_pressure/air_pressure,101324.33928538897,0.0
20.452000000,drone0/air_pressure/air_pressure/air_pressure,101324.33928537868,0.0
20.600000000,drone0/air_pressure/air_pressure/air_pressure,101324.33928536756,0.0
21.052000000,drone0/air_pressure/air_pressure/air_pressure,101324.33928535078,0.0
21.152000000,drone0/air_pressure/air_pressure/air_pressure,101324.33928534912,0.0
21.300000000,drone0/air_pressure/air_pressure/air_pressure,101324.33928534712,0.0
21.452000000,drone0/air_pressure/air_pressure/air_pressure,101324.33928534569,0.0
21.600000000,drone0/air_pressure/air_pressure/air_pressure,101324.33928534486,0.0
21.752000000,drone0/air_pressure/air_pressure/air_pressure,101324.33928534428,0.0
21.852000000,drone0/air_pressure/air_pressure/air_pressure,101324.33928534391,0.0
21.952000000,drone0/air_pressure/air_pressure/air_pressure,101324.33928534368,0.0
22.100000000,drone0/air_pressure/air_pressure/air_pressure,101324.33928534345,0.0
22.252000000,drone0/air_pressure/air_pressure/air_pressure,101324.3392853432,0.0
22.352000000,drone0/air_pressure/air_pressure/air_pressure,101324.3392853432,0.0
22.452000000,drone0/air_pressure/air_pressure/air_pressure,101324.33928534309,0.0
22.600000000,drone0/air_pressure/air_pressure/air_pressure,101324.33928534297,0.0
22.752000000,drone0/air_pressure/air_pressure/air_pressure,101324.33928534297,0.0
22.852000000,drone0/air_pressure/air_pressure/air_pressure,101324.33928534297,0.0
22.952000000,drone0/air_pressure/air_pressure/air_pressure,101324.33928534285,0.0
23.100000000,drone0/air_pressure/air_pressure/air_pressure,101324.33928534285,0.0
23.252000000,drone0/air_pressure/air_pressure/air_pressure,101324.33928534285,0.0
23.352000000,drone0/air_pressure/air_pressure/air_pressure,101324.33928534285,0.0
23.452000000,drone0/air_pressure/air_pressure/air_pressure,101324.33928534285,0.0
23.600000000,drone0/air_pressure/air_pressure/air_pressure,101324.33928534285,0.0
23.752000000,drone0/air_pressure/air_pressure/air_pressure,101324.33928534285,0.0
23.852000000,drone0/air_pressure/air_pressure/air_pressure,101324.33928534285,0.0
23.952000000,drone0/air_pressure/air_pressure/air_pressure,101324.33928534285,0.0
24.100000000,drone0/air_pressure/air_pressure/air_pressure,101324.33928534285,0.0
24.252000000,drone0/air_pressure/air_pressure/air_pressure,101324.33928534285,0.0
24.352000000,drone0/air_pressure/air_pressure/air_pressure,101324.33928534285,0.0
24.452000000,drone0/air_pressure/air_pressure/air_pressure,101324.33928534285,0.0
24.600000000,drone0/air_pressure/air_pressure/air_pressure,101324.33928534285,0.0
24.752000000,drone0/air_pressure/air_pressure/air_pressure,101324.33928534285,0.0
24.852000000,drone0/air_pressure/air_pressure/air_pressure,101324.33928534285,0.0
24.952000000,drone0/air_pressure/air_pressure/air_pressure,101324.33928534285,0.0
25.100000000,drone0/air_pressure/air_pressure/air_pressure,101324.33928534285,0.0
25.252000000,drone0/air_pressure/air_pressure/air_pressure,101324.33928534285,0.0
25.352000000,drone0/air_pressure/air_pressure/air_pressure,101324.33928534285,0.0
25.452000000,drone0/air_pressure/air_pressure/air_pressure,101324.33928534285,0.0
25.600000000,drone0/air_pressure/air_pressure/air_pressure,101324.33928534285,0.0
25.752000000,drone0/air_pressure/air_pressure/air_pressure,101324.33928534285,0.0
25.852000000,drone0/air_pressure/air_pressure/air_pressure,101324.33928534285,0.0
25.952000000,drone0/air_pressure/air_pressure/air_pressure,101324.33928534285,0.0
26.100000000,drone0/air_pressure/air_pressure/air_pressure,101324.33928534285,0.0
26.252000000,drone0/air_pressure/air_pressure/air_pressure,101324.33928534285,0.0
26.352000000,drone0/air_pressure/air_pressure/air_pressure,101324.33928534285,0.0
26.452000000,drone0/air_pressure/air_pressure/air_pressure,101324.33928534285,0.0
26.600000000,drone0/air_pressure/air_pressure/air_pressure,101324.33928534285,0.0
26.752000000,drone0/air_pressure/air_pressure/air_pressure,101324.33928534285,0.0
26.852000000,drone0/air_pressure/air_pressure/air_pressure,101324.33928534285,0.0
26.952000000,drone0/air_pressure/air_pressure/air_pressure,101324.33928534285,0.0
27.100000000,drone0/air_pressure/air_pressure/air_pressure,101324.33928534285,0.0
27.252000000,drone0/air_pressure/air_pressure/air_pressure,101324.33928534285,0.0
27.352000000,drone0/air_pressure/air_pressure/air_pressure,101324.33928534285,0.0
27.452000000,drone0/air_pressure/air_pressure/air_pressure,101324.33928534285,0.0
27.600000000,drone0/air_pressure/air_pressure/air_pressure,101324.33928534285,0.0
27.752000000,drone0/air_pressure/air_pressure/air_pressure,101324.33928534285,0.0
27.852000000,drone0/air_pressure/air_pressure/air_pressure,101324.33928534285,0.0
27.952000000,drone0/air_pressure/air_pressure/air_pressure,101324.33928534285,0.0
28.100000000,drone0/air_pressure/air_pressure/air_pressure,101324.33928534285,0.0
28.252000000,drone0/air_pressure/air_pressure/air_pressure,101324.33928534285,0.0
28.352000000,drone0/air_pressure/air_pressure/air_pressure,101324.33928534285,0.0
28.452000000,drone0/air_pressure/air_pressure/air_pressure,101324.33928534285,0.0
28.600000000,drone0/air_pressure/air_pressure/air_pressure,101324.33928534285,0.0
28.752000000,drone0/air_pressure/air_pressure/air_pressure,101324.33928534285,0.0
28.852000000,drone0/air_pressure/air_pressure/air_pressure,101324.33928534285,0.0
28.952000000,drone0/air_pressure/air_pressure/air_pressure,101324.33928534285,0.0
29.100000000,drone0/air_pressure/air_pressure/air_pressure,101324.33928534285,0.0
29.252000000,drone0/air_pressure/air_pressure/air_pressure,101324.33928534285,0.0
29.352000000,drone0/air_pressure/air_pressure/air_pressure,101324.33928534285,0.0
29.452000000,drone0/air_pressure/air_pressure/air_pressure,101324.33928534285,0.0
29.600000000,drone0/air_pressure/air_pressure/air_pressure,101324.33928534285,0.0
29.752000000,drone0/air_pressure/air_pressure/air_pressure,101324.33928534285,0.0
29.852000000,drone0/air_pressure/air_pressure/air_pressure,101324.33928534285,0.0
29.952000000,drone0/air_pressure/air_pressure/air_pressure,101324.33928534285,0.0
30.100000000,drone0/air_pressure/air_pressure/air_pressure,101324.33928534285,0.0
30.252000000,drone0/air_pressure/air_pressure/air_pressure,101324.33928534285,0.0
30.352000000,drone0/air_pressure/air_pressure/air_pressure,101324.33928534285,0.0
30.452000000,drone0/air_pressure/air_pressure/air_pressure,101324.33928534285,0.0
30.600000000,drone0/air_pressure/air_pressure/air_pressure,101324.33928534285,0.0
30.752000000,drone0/air_pressure/air_pressure/air_pressure,101324.33928534285,0.0
30.852000000,drone0/air_pressure/air_pressure/air_pressure,101324.33928534285,0.0
30.952000000,drone0/air_pressure/air_pressure/air_pressure,101324.33928534285,0.0
31.100000000,drone0/air_pressure/air_pressure/air_pressure,101324.33928534285,0.0
31.252000000,drone0/air_pressure/air_pressure/air_pressure,101324.33928534285,0.0
31.352000000,drone0/air_pressure/air_pressure/air_pressure,101324.33928534285,0.0
31.452000000,drone0/air_pressure/air_pressure/air_pressure,101324.33928534285,0.0
31.600000000,drone0/air_pressure/air_pressure/air_pressure,101324.33928534285,0.0
31.752000000,drone0/air_pressure/air_pressure/air_pressure,101324.33928534285,0.0
31.852000000,drone0/air_pressure/air_pressure/air_pressure,101324.33928534285,0.0
31.952000000,drone0/air_pressure/air_pressure/air_pressure,101324.33928534285,0.0
32.100000000,drone0/air_pressure/air_pressure/air_pressure,101324.33928534285,0.0
32.200000000,drone0/air_pressure/air_pressure/air_pressure,101324.33928534285,0.0
32.352000000,drone0/air_pressure/air_pressure/air_pressure,101324.33928534285,0.0
32.452000000,drone0/air_pressure/air_pressure/air_pressure,101324.33928534285,0.0
32.552000000,drone0/air_pressure/air_pressure/air_pressure,101324.33928534285,0.0
32.652000000,drone0/air_pressure/air_pressure/air_pressure,101324.33928534285,0.0
32.752000000,drone0/air_pressure/air_pressure/air_pressure,101324.33928534285,0.0
32.900000000,drone0/air_pressure/air_pressure/air_pressure,101324.33928534285,0.0
33.000000000,drone0/air_pressure/air_pressure/air_pressure,101324.33928534285,0.0
33.100000000,drone0/air_pressure/air_pressure/air_pressure,101324.33928534285,0.0
33.200000000,drone0/air_pressure/air_pressure/air_pressure,101324.33928534285,0.0
33.352000000,drone0/air_pressure/air_pressure/air_pressure,101324.33928534285,0.0
33.452000000,drone0/air_pressure/air_pressure/air_pressure,101324.33928534285,0.0
33.552000000,drone0/air_pressure/air_pressure/air_pressure,101324.33928534285,0.0
33.652000000,drone0/air_pressure/air_pressure/air_pressure,101324.33928534285,0.0
33.752000000,drone0/air_pressure/air_pressure/air_pressure,101324.33928534285,0.0
34.100000000,drone0/air_pressure/air_pressure/air_pressure,101324.33928534285,0.0
34.200000000,drone0/air_pressure/air_pressure/air_pressure,101324.33928534285,0.0
34.352000000,drone0/air_pressure/air_pressure/air_pressure,101324.33928534285,0.0
34.452000000,drone0/air_pressure/air_pressure/air_pressure,101324.33928534285,0.0
34.552000000,drone0/air_pressure/air_pressure/air_pressure,101324.33928534285,0.0
34.652000000,drone0/air_pressure/air_pressure/air_pressure,101324.33928534285,0.0
34.752000000,drone0/air_pressure/air_pressure/air_pressure,101324.33928534285,0.0
34.900000000,drone0/air_pressure/air_pressure/air_pressure,101324.33928534285,0.0
35.000000000,drone0/air_pressure/air_pressure/air_pressure,101324.33928534285,0.0
35.100000000,drone0/air_pressure/air_pressure/air_pressure,101324.33928534285,0.0
35.200000000,drone0/air_pressure/air_pressure/air_pressure,101324.33928534285,0.0
35.352000000,drone0/air_pressure/air_pressure/air_pressure,101324.33928534285,0.0
35.452000000,drone0/air_pressure/air_pressure/air_pressure,101324.33928534285,0.0
35.552000000,drone0/air_pressure/air_pressure/air_pressure,101324.33928534285,0.0
35.652000000,drone0/air_pressure/air_pressure/air_pressure,101324.33928534285,0.0
35.752000000,drone0/air_pressure/air_pressure/air_pressure,101324.33928534285,0.0
35.900000000,drone0/air_pressure/air_pressure/air_pressure,101324.33928534285,0.0
36.000000000,drone0/air_pressure/air_pressure/air_pressure,101324.33928534285,0.0
36.100000000,drone0/air_pressure/air_pressure/air_pressure,101324.33928534285,0.0
36.200000000,drone0/air_pressure/air_pressure/air_pressure,101324.33928534285,0.0
36.352000000,drone0/air_pressure/air_pressure/air_pressure,101324.33928534285,0.0
36.452000000,drone0/air_pressure/air_pressure/air_pressure,101324.33928534285,0.0
36.552000000,drone0/air_pressure/air_pressure/air_pressure,101324.33928534285,0.0
36.652000000,drone0/air_pressure/air_pressure/air_pressure,101324.33928534285,0.0
36.752000000,drone0/air_pressure/air_pressure/air_pressure,101324.33928534285,0.0
36.900000000,drone0/air_pressure/air_pressure/air_pressure,101324.33928534285,0.0
37.000000000,drone0/air_pressure/air_pressure/air_pressure,101324.33928534285,0.0
37.100000000,drone0/air_pressure/air_pressure/air_pressure,101324.33928534285,0.0
37.200000000,drone0/air_pressure/air_pressure/air_pressure,101324.33928534285,0.0
37.352000000,drone0/air_pressure/air_pressure/air_pressure,101324.33928534285,0.0
37.452000000,drone0/air_pressure/air_pressure/air_pressure,101324.33928534285,0.0
37.552000000,drone0/air_pressure/air_pressure/air_pressure,101324.33928534285,0.0
37.652000000,drone0/air_pressure/air_pressure/air_pressure,101324.33928534285,0.0
37.752000000,drone0/air_pressure/air_pressure/air_pressure,101324.33928534285,0.0
37.900000000,drone0/air_pressure/air_pressure/air_pressure,101324.33928534285,0.0
38.000000000,drone0/air_pressure/air_pressure/air_pressure,101324.33928534285,0.0
38.100000000,drone0/air_pressure/air_pressure/air_pressure,101324.33928534285,0.0
38.200000000,drone0/air_pressure/air_pressure/air_pressure,101324.33928534285,0.0
38.352000000,drone0/air_pressure/air_pressure/air_pressure,101324.33928534285,0.0
38.452000000,drone0/air_pressure/air_pressure/air_pressure,101324.33928534285,0.0
38.552000000,drone0/air_pressure/air_pressure/air_pressure,101324.33928534285,0.0
38.652000000,drone0/air_pressure/air_pressure/air_pressure,101324.33928534285,0.0
38.752000000,drone0/air_pressure/air_pressure/air_pressure,101324.33928534285,0.0
38.900000000,drone0/air_pressure/air_pressure/air_pressure,101324.33928534285,0.0
39.000000000,drone0/air_pressure/air_pressure/air_pressure,101324.33928534285,0.0
39.100000000,drone0/air_pressure/air_pressure/air_pressure,101324.33928534285,0.0
39.200000000,drone0/air_pressure/air_pressure/air_pressure,101324.33928534285,0.0
39.352000000,drone0/air_pressure/air_pressure/air_pressure,101324.33928534285,0.0
39.452000000,drone0/air_pressure/air_pressure/air_pressure,101324.33928534285,0.0
39.552000000,drone0/air_pressure/air_pressure/air_pressure,101324.33928534285,0.0
39.652000000,drone0/air_pressure/air_pressure/air_pressure,101324.33928534285,0.0
39.752000000,drone0/air_pressure/air_pressure/air_pressure,101324.33928534285,0.0
39.900000000,drone0/air_pressure/air_pressure/air_pressure,101324.33928534285,0.0
40.000000000,drone0/air_pressure/air_pressure/air_pressure,101324.33928534285,0.0
40.100000000,drone0/air_pressure/air_pressure/air_pressure,101324.33928534285,0.0
40.200000000,drone0/air_pressure/air_pressure/air_pressure,101324.33928534285,0.0
40.352000000,drone0/air_pressure/air_pressure/air_pressure,101324.33928534285,0.0
40.452000000,drone0/air_pressure/air_pressure/air_pressure,101324.33928534285,0.0
40.552000000,drone0/air_pressure/air_pressure/air_pressure,101324.33928534285,0.0
40.652000000,drone0/air_pressure/air_pressure/air_pressure,101324.33928534285,0.0
40.752000000,drone0/air_pressure/air_pressure/air_pressure,101324.33928534285,0.0
40.900000000,drone0/air_pressure/air_pressure/air_pressure,101324.33928534285,0.0
41.000000000,drone0/air_pressure/air_pressure/air_pressure,101324.33928534285,0.0
41.100000000,drone0/air_pressure/air_pressure/air_pressure,101324.33928534285,0.0
41.200000000,drone0/air_pressure/air_pressure/air_pressure,101324.33928534285,0.0
41.352000000,drone0/air_pressure/air_pressure/air_pressure,101324.33928534285,0.0
41.452000000,drone0/air_pressure/air_pressure/air_pressure,101324.33928534285,0.0
41.552000000,drone0/air_pressure/air_pressure/air_pressure,101324.33928534285,0.0
41.652000000,drone0/air_pressure/air_pressure/air_pressure,101324.33928534285,0.0
41.752000000,drone0/air_pressure/air_pressure/air_pressure,101324.33928534285,0.0
41.900000000,drone0/air_pressure/air_pressure/air_pressure,101324.33928534285,0.0
42.000000000,drone0/air_pressure/air_pressure/air_pressure,101324.33928534285,0.0
42.100000000,drone0/air_pressure/air_pressure/air_pressure,101324.33928534285,0.0
42.200000000,drone0/air_pressure/air_pressure/air_pressure,101324.33928534285,0.0
42.352000000,drone0/air_pressure/air_pressure/air_pressure,101324.33928534285,0.0
42.452000000,drone0/air_pressure/air_pressure/air_pressure,101324.33928534285,0.0
42.552000000,drone0/air_pressure/air_pressure/air_pressure,101324.33928534285,0.0
42.652000000,drone0/air_pressure/air_pressure/air_pressure,101324.33928534285,0.0
42.752000000,drone0/air_pressure/air_pressure/air_pressure,101324.33928534285,0.0
42.900000000,drone0/air_pressure/air_pressure/air_pressure,101324.33928534285,0.0
43.000000000,drone0/air_pressure/air_pressure/air_pressure,101324.33928534285,0.0
43.100000000,drone0/air_pressure/air_pressure/air_pressure,101324.33928534285,0.0
43.200000000,drone0/air_pressure/air_pressure/air_pressure,101324.33928534285,0.0
43.352000000,drone0/air_pressure/air_pressure/air_pressure,101324.33928534285,0.0
43.452000000,drone0/air_pressure/air_pressure/air_pressure,101324.33928534285,0.0
43.552000000,drone0/air_pressure/air_pressure/air_pressure,101324.33928534285,0.0
43.652000000,drone0/air_pressure/air_pressure/air_pressure,101324.33928534285,0.0
43.752000000,drone0/air_pressure/air_pressure/air_pressure,101324.33928534285,0.0
43.900000000,drone0/air_pressure/air_pressure/air_pressure,101324.33928534285,0.0
44.000000000,drone0/air_pressure/air_pressure/air_pressure,101324.33928534285,0.0
44.100000000,drone0/air_pressure/air_pressure/air_pressure,101324.33928534285,0.0
44.200000000,drone0/air_pressure/air_pressure/air_pressure,101324.33928534285,0.0
44.352000000,drone0/air_pressure/air_pressure/air_pressure,101324.33928534285,0.0
44.452000000,drone0/air_pressure/air_pressure/air_pressure,101324.33928534285,0.0
44.552000000,drone0/air_pressure/air_pressure/air_pressure,101324.33928534285,0.0
44.652000000,drone0/air_pressure/air_pressure/air_pressure,101324.33928534285,0.0
44.752000000,drone0/air_pressure/air_pressure/air_pressure,101324.33928534285,0.0
44.900000000,drone0/air_pressure/air_pressure/air_pressure,101324.33928534285,0.0
45.000000000,drone0/air_pressure/air_pressure/air_pressure,101324.33928534285,0.0
45.100000000,drone0/air_pressure/air_pressure/air_pressure,101324.33928534285,0.0
45.200000000,drone0/air_pressure/air_pressure/air_pressure,101324.33928534285,0.0
45.352000000,drone0/air_pressure/air_pressure/air_pressure,101324.33928534285,0.0
45.452000000,drone0/air_pressure/air_pressure/air_pressure,101324.33928534285,0.0
45.552000000,drone0/air_pressure/air_pressure/air_pressure,101324.33928534285,0.0
45.652000000,drone0/air_pressure/air_pressure/air_pressure,101324.33928534285,0.0
45.752000000,drone0/air_pressure/air_pressure/air_pressure,101324.33928534285,0.0
45.900000000,drone0/air_pressure/air_pressure/air_pressure,101324.33928534285,0.0
46.000000000,drone0/air_pressure/air_pressure/air_pressure,101324.33928534285,0.0
46.100000000,drone0/air_pressure/air_pressure/air_pressure,101324.33928534285,0.0
46.500000000,drone0/air_pressure/air_pressure/air_pressure,101324.33928534285,0.0
46.600000000,drone0/air_pressure/air_pressure/air_pressure,101324.33928534285,0.0
46.700000000,drone0/air_pressure/air_pressure/air_pressure,101324.33928534285,0.0
46.852000000,drone0/air_pressure/air_pressure/air_pressure,101324.33928534285,0.0
46.952000000,drone0/air_pressure/air_pressure/air_pressure,101324.33928534285,0.0
47.052000000,drone0/air_pressure/air_pressure/air_pressure,101324.33928534285,0.0
47.152000000,drone0/air_pressure/air_pressure/air_pressure,101324.33928534285,0.0
47.252000000,drone0/air_pressure/air_pressure/air_pressure,101324.33928534285,0.0
47.400000000,drone0/air_pressure/air_pressure/air_pressure,101324.33928534285,0.0
47.500000000,drone0/air_pressure/air_pressure/air_pressure,101324.33928534285,0.0
47.600000000,drone0/air_pressure/air_pressure/air_pressure,101324.33928534285,0.0
47.700000000,drone0/air_pressure/air_pressure/air_pressure,101324.33928534285,0.0
47.852000000,drone0/air_pressure/air_pressure/air_pressure,101324.33928534285,0.0
47.952000000,drone0/air_pressure/air_pressure/air_pressure,101324.33928534285,0.0
48.052000000,drone0/air_pressure/air_pressure/air_pressure,101324.33928534285,0.0
48.152000000,drone0/air_pressure/air_pressure/air_pressure,101324.33928534285,0.0
48.252000000,drone0/air_pressure/air_pressure/air_pressure,101324.33928534285,0.0
48.400000000,drone0/air_pressure/air_pressure/air_pressure,101324.33928534285,0.0
48.500000000,drone0/air_pressure/air_pressure/air_pressure,101324.33928534285,0.0
48.600000000,drone0/air_pressure/air_pressure/air_pressure,101324.33928534285,0.0
48.700000000,drone0/air_pressure/air_pressure/air_pressure,101324.33928534285,0.0
48.852000000,drone0/air_pressure/air_pressure/air_pressure,101324.33928534285,0.0
48.952000000,drone0/air_pressure/air_pressure/air_pressure,101324.33928534285,0.0
49.052000000,drone0/air_pressure/air_pressure/air_pressure,101324.33928534285,0.0
49.152000000,drone0/air_pressure/air_pressure/air_pressure,101324.33928534285,0.0
49.252000000,drone0/air_pressure/air_pressure/air_pressure,101324.33928534285,0.0
49.400000000,drone0/air_pressure/air_pressure/air_pressure,101324.33928534285,0.0
49.500000000,drone0/air_pressure/air_pressure/air_pressure,101324.33928534285,0.0
49.600000000,drone0/air_pressure/air_pressure/air_pressure,101324.33928534285,0.0
49.700000000,drone0/air_pressure/air_pressure/air_pressure,101324.33928534285,0.0
49.852000000,drone0/air_pressure/air_pressure/air_pressure,101324.33928534285,0.0
49.952000000,drone0/air_pressure/air_pressure/air_pressure,101324.33916737995,0.0
50.052000000,drone0/air_pressure/air_pressure/air_pressure,101324.33734690749,0.0
50.152000000,drone0/air_pressure/air_pressure/air_pressure,101324.3306119069,0.0
50.252000000,drone0/air_pressure/air_pressure/air_pressure,101324.3252359286,0.0
50.400000000,drone0/air_pressure/air_pressure/air_pressure,101324.31665187031,0.0
50.500000000,drone0/air_pressure/air_pressure/air_pressure,101324.22153462982,0.0
50.600000000,drone0/air_pressure/air_pressure/air_pressure,101323.94845148177,0.0
50.700000000,drone0/air_pressure/air_pressure/air_pressure,101323.52286856453,0.0
50.852000000,drone0/air_pressure/air_pressure/air_pressure,101322.64047145566,0.0
50.952000000,drone0/air_pressure/air_pressure/air_pressure,101321.93421094937,0.0
51.052000000,drone0/air_pressure/air_pressure/air_pressure,101321.14571566526,0.0
51.152000000,drone0/air_pressure/air_pressure/air_pressure,101320.29123845676,0.0
51.252000000,drone0/air_pressure/air_pressure/air_pressure,101319.37930325806,0.0
51.400000000,drone0/air_pressure/air_pressure/air_pressure,101317.94348714217,0.0
51.500000000,drone0/air_pressure/air_pressure/air_pressure,101316.92584726958,0.0
51.600000000,drone0/air_pressure/air_pressure/air_pressure,101315.87760307988,0.0
51.700000000,drone0/air_pressure/air_pressure/air_pressure,101314.80230977533,0.0
51.852000000,drone0/air_pressure/air_pressure/air_pressure,101313.16689327803,0.0
51.952000000,drone0/air_pressure/air_pressure/air_pressure,101312.25583175996,0.0
52.052000000,drone0/air_pressure/air_pressure/air_pressure,101311.49499817035,0.0
52.152000000,drone0/air_pressure/air_pressure/air_pressure,101310.85889748894,0.0
52.252000000,drone0/air_pressure/air_pressure/air_pressure,101310.32672353998,0.0
52.400000000,drone0/air_pressure/air_pressure/air_pressure,101309.69322407302,0.0
52.500000000,drone0/air_pressure/air_pressure/air_pressure,101309.35156504317,0.0
52.600000000,drone0/air_pressure/air_pressure/air_pressure,101309.06591644489,0.0
52.700000000,drone0/air_pressure/air_pressure/air_pressure,101308.82694096425,0.0
52.852000000,drone0/air_pressure/air_pressure/air_pressure,101308.53578461759,0.0
52.952000000,drone0/air_pressure/air_pressure/air_pressure,101308.38471545785,0.0
53.052000000,drone0/air_pressure/air_pressure/air_pressure,101308.25933549044,0.0
53.152000000,drone0/air_pressure/air_pressure/air_pressure,101308.1534614362,0.0
53.252000000,drone0/air_pressure/air_pressure/air_pressure,101308.06509055482,0.0
53.400000000,drone0/air_pressure/air_pressure/air_pressure,101307.96321995191,0.0
53.500000000,drone0/air_pressure/air_pressure/air_pressure,101307.90849507351,0.0
53.600000000,drone0/air_pressure/air_pressure/air_pressure,101307.86247179688,0.0
53.700000000,drone0/air_pressure/air_pressure/air_pressure,101307.823112383,0.0
53.852000000,drone0/air_pressure/air_pressure/air_pressure,101307.7774035062,0.0
53.952000000,drone0/air_pressure/air_pressure/air_pressure,101307.75530434049,0.0
54.052000000,drone0/air_pressure/air_pressure/air_pressure,101307.73802917935,0.0
54.152000000,drone0/air_pressure/air_pressure/air_pressure,101307.72341830278,0.0
54.252000000,drone0/air_pressure/air_pressure/air_pressure,101307.7103707163,0.0
54.400000000,drone0/air_pressure/air_pressure/air_pressure,101307.69501021234,0.0
54.500000000,drone0/air_pressure/air_pressure/air_pressure,101307.68610040963,0.0
54.600000000,drone0/air_pressure/air_pressure/air_pressure,101307.67901048901,0.0
54.700000000,drone0/air_pressure/air_pressure/air_pressure,101307.67396953353,0.0
54.852000000,drone0/air_pressure/air_pressure/air_pressure,101307.67001919233,0.0
54.952000000,drone0/air_pressure/air_pressure/air_pressure,101307.67049126189,0.0
55.052000000,drone0/air_pressure/air_pressure/air_pressure,101307.6717921561,0.0
55.152000000,drone0/air_pressure/air_pressure/air_pressure,101307.67500679518,0.0
55.252000000,drone0/air_pressure/air_pressure/air_pressure,101307.6797027779,0.0
55.400000000,drone0/air_pressure/air_pressure/air_pressure,101307.68576366923,0.0
55.500000000,drone0/air_pressure/air_pressure/air_pressure,101307.6870514362,0.0
55.600000000,drone0/air_pressure/air_pressure/air_pressure,101307.68810729368,0.0
55.700000000,drone0/air_pressure/air_pressure/air_pressure,101307.6901075382,0.0
55.852000000,drone0/air_pressure/air_pressure/air_pressure,101307.69397357598,0.0
55.952000000,drone0/air_pressure/air_pressure/air_pressure,101307.6971703551,0.0
56.052000000,drone0/air_pressure/air_pressure/air_pressure,101307.70004634638,0.0
56.152000000,drone0/air_pressure/air_pressure/air_pressure,101307.70104780309,0.0
56.252000000,drone0/air_pressure/air_pressure/air_pressure,101307.70141315523,0.0
56.400000000,drone0/air_pressure/air_pressure/air_pressure,101307.70307930774,0.0
56.500000000,drone0/air_pressure/air_pressure/air_pressure,101307.70303756822,0.0
56.600000000,drone0/air_pressure/air_pressure/air_pressure,101307.70282130827,0.0
56.700000000,drone0/air_pressure/air_pressure/air_pressure,101307.70348411707,0.0
56.852000000,drone0/air_pressure/air_pressure/air_pressure,101307.7039220153,0.0
56.952000000,drone0/air_pressure/air_pressure/air_pressure,101307.70366047365,0.0
57.052000000,drone0/air_pressure/air_pressure/air_pressure,101307.70406055643,0.0
57.152000000,drone0/air_pressure/air_pressure/air_pressure,101307.70512870219,0.0
57.252000000,drone0/air_pressure/air_pressure/air_pressure,101307.70546591464,0.0
57.400000000,drone0/air_pressure/air_pressure/air_pressure,101307.70634184331,0.0
57.500000000,drone0/air_pressure/air_pressure/air_pressure,101307.70576700011,0.0
57.600000000,drone0/air_pressure/air_pressure/air_pressure,101307.70303662418,0.0
57.700000000,drone0/air_pressure/air_pressure/air_pressure,101307.700455359,0.0
57.852000000,drone0/air_pressure/air_pressure/air_pressure,101307.6992167026,0.0
57.952000000,drone0/air_pressure/air_pressure/air_pressure,101307.6998523937,0.0
58.052000000,drone0/air_pressure/air_pressure/air_pressure,101307.70093381777,0.0
58.152000000,drone0/air_pressure/air_pressure/air_pressure,101307.70231422302,0.0
58.252000000,drone0/air_pressure/air_pressure/air_pressure,101307.70461669753,0.0
58.400000000,drone0/air_pressure/air_pressure/air_pressure,101307.70848534201,0.0
58.500000000,drone0/air_pressure/air_pressure/air_pressure,101307.70978465021,0.0
58.600000000,drone0/air_pressure/air_pressure/air_pressure,101307.70901339402,0.0
58.700000000,drone0/air_pressure/air_pressure/air_pressure,101307.70801271315,0.0
58.852000000,drone0/air_pressure/air_pressure/air_pressure,101307.70572931327,0.0
58.952000000,drone0/air_pressure/air_pressure/air_pressure,101307.70172051342,0.0
59.052000000,drone0/air_pressure/air_pressure/air_pressure,101307.69621590979,0.0
59.152000000,drone0/air_pressure/air_pressure/air_pressure,101307.68800781346,0.0
59.252000000,drone0/air_pressure/air_pressure/air_pressure,101307.67754549842,0.0
59.400000000,drone0/air_pressure/air_pressure/air_pressure,101307.66508602971,0.0
59.500000000,drone0/air_pressure/air_pressure/air_pressure,101307.65917009184,0.0
59.600000000,drone0/air_pressure/air_pressure/air_pressure,101307.65470985658,0.0
59.700000000,drone0/air_pressure/air_pressure/air_pressure,101307.65128242188,0.0
59.852000000,drone0/air_pressure/air_pressure/air_pressure,101307.6467404293,0.0
59.952000000,drone0/air_pressure/air_pressure/air_pressure,101307.64398393451,0.0
60.200000000,drone0/air_pressure/air_pressure/air_pressure,101307.63645196741,0.0
60.352000000,drone0/air_pressure/air_pressure/air_pressure,101307.63107345518,0.0
60.452000000,drone0/air_pressure/air_pressure/air_pressure,101307.62821667845,0.0
60.552000000,drone0/air_pressure/air_pressure/air_pressure,101307.62585347326,0.0
60.652000000,drone0/air_pressure/air_pressure/air_pressure,101307.62380873751,0.0
60.752000000,drone0/air_pressure/air_pressure/air_pressure,101307.62368081936,0.0
60.900000000,drone0/air_pressure/air_pressure/air_pressure,101307.62546390825,0.0
61.000000000,drone0/air_pressure/air_pressure/air_pressure,101307.6277644042,0.0
61.100000000,drone0/air_pressure/air_pressure/air_pressure,101307.62840037177,0.0
61.200000000,drone0/air_pressure/air_pressure/air_pressure,101307.62865637263,0.0
61.352000000,drone0/air_pressure/air_pressure/air_pressure,101307.62647098016,0.0
61.452000000,drone0/air_pressure/air_pressure/air_pressure,101307.62526211559,0.0
61.552000000,drone0/air_pressure/air_pressure/air_pressure,101307.62134348713,0.0
61.652000000,drone0/air_pressure/air_pressure/air_pressure,101307.61881150695,0.0
61.752000000,drone0/air_pressure/air_pressure/air_pressure,101307.61834274624,0.0
61.900000000,drone0/air_pressure/air_pressure/air_pressure,101307.61783145794,0.0
62.000000000,drone0/air_pressure/air_pressure/air_pressure,101307.6198278872,0.0
62.100000000,drone0/air_pressure/air_pressure/air_pressure,101307.62191805264,0.0
62.200000000,drone0/air_pressure/air_pressure/air_pressure,101307.62358696938,0.0
62.352000000,drone0/air_pressure/air_pressure/air_pressure,101307.62475951097,0.0
62.452000000,drone0/air_pressure/air_pressure/air_pressure,101307.6258276204,0.0
62.552000000,drone0/air_pressure/air_pressure/air_pressure,101307.62807496662,0.0
62.652000000,drone0/air_pressure/air_pressure/air_pressure,101307.62789651535,0.0
62.752000000,drone0/air_pressure/air_pressure/air_pressure,101307.62740265293,0.0
62.900000000,drone0/air_pressure/air_pressure/air_pressure,101307.62690424781,0.0
63.000000000,drone0/air_pressure/air_pressure/air_pressure,101307.6272592001,0.0
63.100000000,drone0/air_pressure/air_pressure/air_pressure,101307.6286945372,0.0
63.200000000,drone0/air_pressure/air_pressure/air_pressure,101307.6297537089,0.0
63.352000000,drone0/air_pressure/air_pressure/air_pressure,101307.6330305935,0.0
63.452000000,drone0/air_pressure/air_pressure/air_pressure,101307.63578963086,0.0
63.552000000,drone0/air_pressure/air_pressure/air_pressure,101307.63908505684,0.0
63.652000000,drone0/air_pressure/air_pressure/air_pressure,101307.6408654778,0.0
63.752000000,drone0/air_pressure/air_pressure/air_pressure,101307.64283793347,0.0
63.900000000,drone0/air_pressure/air_pressure/air_pressure,101307.64447276923,0.0
64.000000000,drone0/air_pressure/air_pressure/air_pressure,101307.64436913776,0.0
64.152000000,drone0/air_pressure/air_pressure/air_pressure,101307.64521001012,0.0
64.300000000,drone0/air_pressure/air_pressure/air_pressure,101307.64436165665,0.0
64.400000000,drone0/air_pressure/air_pressure/air_pressure,101307.64400478746,0.0
64.552000000,drone0/air_pressure/air_pressure/air_pressure,101307.64538133725,0.0
64.700000000,drone0/air_pressure/air_pressure/air_pressure,101307.64831515106,0.0
64.852000000,drone0/air_pressure/air_pressure/air_pressure,101307.65169776964,0.0
65.000000000,drone0/air_pressure/air_pressure/air_pressure,101307.65821070522,0.0
65.152000000,drone0/air_pressure/air_pressure/air_pressure,101307.66566096485,0.0
65.300000000,drone0/air_pressure/air_pressure/air_pressure,101307.67268244833,0.0
65.400000000,drone0/air_pressure/air_pressure/air_pressure,101307.67603172325,0.0
65.552000000,drone0/air_pressure/air_pressure/air_pressure,101307.68350329815,0.0
65.700000000,drone0/air_pressure/air_pressure/air_pressure,101307.68872980626,0.0
65.852000000,drone0/air_pressure/air_pressure/air_pressure,101307.69301711743,0.0
66.000000000,drone0/air_pressure/air_pressure/air_pressure,101307.64046562766,0.0
66.152000000,drone0/air_pressure/air_pressure/air_pressure,101307.11064333157,0.0
66.300000000,drone0/air_pressure/air_pressure/air_pressure,101306.04291427563,0.0
66.400000000,drone0/air_pressure/air_pressure/air_pressure,101305.01275564685,0.0
66.552000000,drone0/air_pressure/air_pressure/air_pressure,101302.97114880662,0.0
66.700000000,drone0/air_pressure/air_pressure/air_pressure,101300.43086772291,0.0
66.852000000,drone0/air_pressure/air_pressure/air_pressure,101297.27096987129,0.0
67.000000000,drone0/air_pressure/air_pressure/air_pressure,101294.27842693406,0.0
67.152000000,drone0/air_pressure/air_pressure/air_pressure,101291.7212074182,0.0
67.300000000,drone0/air_pressure/air_pressure/air_pressure,101289.73443055221,0.0
67.400000000,drone0/air_pressure/air_pressure/air_pressure,101288.6549329131,0.0
67.552000000,drone0/air_pressure/air_pressure/air_pressure,101287.34056707528,0.0
67.700000000,drone0/air_pressure/air_pressure/air_pressure,101286.35752061005,0.0
67.852000000,drone0/air_pressure/air_pressure/air_pressure,101285.59278118536,0.0
68.000000000,drone0/air_pressure/air_pressure/air_pressure,101285.04057617672,0.0
68.152000000,drone0/air_pressure/air_pressure/air_pressure,101284.62029035814,0.0
68.300000000,drone0/air_pressure/air_pressure/air_pressure,101284.31919209119,0.0
68.400000000,drone0/air_pressure/air_pressure/air_pressure,101284.1628790726,0.0
68.552000000,drone0/air_pressure/air_pressure/air_pressure,101283.98093939564,0.0
68.700000000,drone0/air_pressure/air_pressure/air_pressure,101283.85588488041,0.0
68.852000000,drone0/air_pressure/air_pressure/air_pressure,101283.76810693825,0.0
69.000000000,drone0/air_pressure/air_pressure/air_pressure,101283.7004546969,0.0
69.152000000,drone0/air_pressure/air_pressure/air_pressure,101283.63418542314,0.0
69.300000000,drone0/air_pressure/air_pressure/air_pressure,101283.55054218642,0.0
69.400000000,drone0/air_pressure/air_pressure/air_pressure,101283.2688733033,0.0
69.552000000,drone0/air_pressure/air_pressure/air_pressure,101282.37490151249,0.0
69.700000000,drone0/air_pressure/air_pressure/air_pressure,101280.96300330569,0.0
69.852000000,drone0/air_pressure/air_pressure/air_pressure,101278.9504198707,0.0
70.000000000,drone0/air_pressure/air_pressure/air_pressure,101276.44015751088,0.0
70.152000000,drone0/air_pressure/air_pressure/air_pressure,101273.29911947188,0.0
70.300000000,drone0/air_pressure/air_pressure/air_pressure,101269.69038109138,0.0
70.400000000,drone0/air_pressure/air_pressure/air_pressure,101266.94400471149,0.0
70.552000000,drone0/air_pressure/air_pressure/air_pressure,101262.29668511194,0.0
70.700000000,drone0/air_pressure/air_pressure/air_pressure,101257.22282281388,0.0
70.852000000,drone0/air_pressure/air_pressure/air_pressure,101251.44302412185,0.0
71.000000000,drone0/air_pressure/air_pressure/air_pressure,101245.29363758622,0.0
71.152000000,drone0/air_pressure/air_pressure/air_pressure,101238.8604138561,0.0
71.300000000,drone0/air_pressure/air_pressure/air_pressure,101233.06484903445,0.0
71.400000000,drone0/air_pressure/air_pressure/air_pressure,101229.43065547573,0.0
71.552000000,drone0/air_pressure/air_pressure/air_pressure,101224.32520274313,0.0
71.700000000,drone0/air_pressure/air_pressure/air_pressure,101219.85927366406,0.0
71.852000000,drone0/air_pressure/air_pressure/air_pressure,101215.80464122626,0.0
72.000000000,drone0/air_pressure/air_pressure/air_pressure,101212.37739313695,0.0
72.152000000,drone0/air_pressure/air_pressure/air_pressure,101209.3929671628,0.0
72.300000000,drone0/air_pressure/air_pressure/air_pressure,101207.00766954644,0.0
72.400000000,drone0/air_pressure/air_pressure/air_pressure,101205.68604899809,0.0
72.552000000,drone0/air_pressure/air_pressure/air_pressure,101204.08766223177,0.0
72.700000000,drone0/air_pressure/air_pressure/air_pressure,101202.90777504924,0.0
72.852000000,drone0/air_pressure/air_pressure/air_pressure,101201.99170700969,0.0
73.000000000,drone0/air_pressure/air_pressure/air_pressure,101201.31953186431,0.0
73.152000000,drone0/air_pressure/air_pressure/air_pressure,101200.79961912871,0.0
73.300000000,drone0/air_pressure/air_pressure/air_pressure,101200.41822446931,0.0
73.400000000,drone0/air_pressure/air_pressure/air_pressure,101200.21685770934,0.0
73.552000000,drone0/air_pressure/air_pressure/air_pressure,101199.97703304361,0.0
73.700000000,drone0/air_pressure/air_pressure/air_pressure,101199.80376922844,0.0
73.852000000,drone0/air_pressure/air_pressure/air_pressure,101199.67319294951,0.0
74.000000000,drone0/air_pressure/air_pressure/air_pressure,101199.56243776434,0.0
74.152000000,drone0/air_pressure/air_pressure/air_pressure,101199.47154589687,0.0
74.300000000,drone0/air_pressure/air_pressure/air_pressure,101199.41632760555,0.0
74.700000000,drone0/air_pressure/air_pressure/air_pressure,101199.39188882853,0.0
74.852000000,drone0/air_pressure/air_pressure/air_pressure,101199.41565566513,0.0
75.000000000,drone0/air_pressure/air_pressure/air_pressure,101199.45057687683,0.0
75.152000000,drone0/air_pressure/air_pressure/air_pressure,101199.49363839575,0.0
75.300000000,drone0/air_pressure/air_pressure/air_pressure,101199.53969578666,0.0
75.400000000,drone0/air_pressure/air_pressure/air_pressure,101199.5721994982,0.0
75.552000000,drone0/air_pressure/air_pressure/air_pressure,101199.61950048646,0.0
75.700000000,drone0/air_pressure/air_pressure/air_pressure,101199.65997106697,0.0
75.852000000,drone0/air_pressure/air_pressure/air_pressure,101199.84349580124,0.0
76.000000000,drone0/air_pressure/air_pressure/air_pressure,101200.50295855085,0.0
76.152000000,drone0/air_pressure/air_pressure/air_pressure,101201.70091069372,0.0
76.300000000,drone0/air_pressure/air_pressure/air_pressure,101203.37257865262,0.0
76.400000000,drone0/air_pressure/air_pressure/air_pressure,101204.78444602928,0.0
76.552000000,drone0/air_pressure/air_pressure/air_pressure,101207.3662716088,0.0
76.700000000,drone0/air_pressure/air_pressure/air_pressure,101210.38721357624,0.0
76.852000000,drone0/air_pressure/air_pressure/air_pressure,101214.007016096,0.0
77.000000000,drone0/air_pressure/air_pressure/air_pressure,101217.5250972755,0.0
77.152000000,drone0/air_pressure/air_pressure/air_pressure,101220.57262472267,0.0
77.300000000,drone0/air_pressure/air_pressure/air_pressure,101223.09548738296,0.0
77.400000000,drone0/air_pressure/air_pressure/air_pressure,101224.90755050872,0.0
77.552000000,drone0/air_pressure/air_pressure/air_pressure,101227.69100716383,0.0
77.700000000,drone0/air_pressure/air_pressure/air_pressure,101230.26640928972,0.0
77.852000000,drone0/air_pressure/air_pressure/air_pressure,101232.6012517557,0.0
78.000000000,drone0/air_pressure/air_pressure/air_pressure,101234.40799554701,0.0
78.152000000,drone0/air_pressure/air_pressure/air_pressure,101235.82895626944,0.0
78.300000000,drone0/air_pressure/air_pressure/air_pressure,101236.8834643432,0.0
78.400000000,drone0/air_pressure/air_pressure/air_pressure,101237.63332834996,0.0
78.552000000,drone0/air_pressure/air_pressure/air_pressure,101239.05668873011,0.0
78.700000000,drone0/air_pressure/air_pressure/air_pressure,101240.4468779539,0.0
78.852000000,drone0/air_pressure/air_pressure/air_pressure,101241.80259140777,0.0
79.000000000,drone0/air_pressure/air_pressure/air_pressure,101243.13213510026,0.0
79.152000000,drone0/air_pressure/air_pressure/air_pressure,101244.2451031076,0.0
79.300000000,drone0/air_pressure/air_pressure/air_pressure,101245.07595045266,0.0
79.400000000,drone0/air_pressure/air_pressure/air_pressure,101245.52654167729,0.0
79.552000000,drone0/air_pressure/air_pressure/air_pressure,101246.07931037032,0.0
79.700000000,drone0/air_pressure/air_pressure/air_pressure,101246.50751500542,0.0
79.852000000,drone0/air_pressure/air_pressure/air_pressure,101246.86026833445,0.0
80.000000000,drone0/air_pressure/air_pressure/air_pressure,101247.12635797582,0.0
80.152000000,drone0/air_pressure/air_pressure/air_pressure,101247.33281630096,0.0
80.300000000,drone0/air_pressure/air_pressure/air_pressure,101247.48536552337,0.0
80.400000000,drone0/air_pressure/air_pressure/air_pressure,101247.56657184788,0.0
80.552000000,drone0/air_pressure/air_pressure/air_pressure,101247.66561440006,0.0
80.700000000,drone0/air_pressure/air_pressure/air_pressure,101247.73453420843,0.0
80.852000000,drone0/air_pressure/air_pressure/air_pressure,101247.78795128499,0.0
81.000000000,drone0/air_pressure/air_pressure/air_pressure,101247.82594273267,0.0
81.152000000,drone0/air_pressure/air_pressure/air_pressure,101247.85587482536,0.0
81.300000000,drone0/air_pressure/air_pressure/air_pressure,101247.87617368478,0.0
81.400000000,drone0/air_pressure/air_pressure/air_pressure,101247.88778598364,0.0
81.552000000,drone0/air_pressure/air_pressure/air_pressure,101247.89988896628,0.0
81.700000000,drone0/air_pressure/air_pressure/air_pressure,101247.9070330653,0.0
82.200000000,drone0/air_pressure/air_pressure/air_pressure,101247.90291128213,0.0
82.352000000,drone0/air_pressure/air_pressure/air_pressure,101247.91106274913,0.0
82.500000000,drone0/air_pressure/air_pressure/air_pressure,101247.9430600154,0.0
82.652000000,drone0/air_pressure/air_pressure/air_pressure,101248.18147652662,0.0
82.800000000,drone0/air_pressure/air_pressure/air_pressure,101248.38360805421,0.0
82.900000000,drone0/air_pressure/air_pressure/air_pressure,101248.4972319777,0.0
83.052000000,drone0/air_pressure/air_pressure/air_pressure,101248.64351827108,0.0
83.200000000,drone0/air_pressure/air_pressure/air_pressure,101248.75871503995,0.0
83.352000000,drone0/air_pressure/air_pressure/air_pressure,101248.85468827885,0.0
83.500000000,drone0/air_pressure/air_pressure/air_pressure,101248.9291680784,0.0
83.652000000,drone0/air_pressure/air_pressure/air_pressure,101248.99217436992,0.0
83.800000000,drone0/air_pressure/air_pressure/air_pressure,101249.04384739233,0.0
83.900000000,drone0/air_pressure/air_pressure/air_pressure,101249.07341204386,0.0
84.052000000,drone0/air_pressure/air_pressure/air_pressure,101249.11069432997,0.0
84.200000000,drone0/air_pressure/air_pressure/air_pressure,101249.14864348502,0.0
84.352000000,drone0/air_pressure/air_pressure/air_pressure,101249.50597185241,0.0
84.500000000,drone0/air_pressure/air_pressure/air_pressure,101250.35695760405,0.0
84.652000000,drone0/air_pressure/air_pressure/air_pressure,101251.49148220349,0.0
84.800000000,drone0/air_pressure/air_pressure/air_pressure,101252.35573799492,0.0
84.900000000,drone0/air_pressure/air_pressure/air_pressure,101252.81990493234,0.0
85.052000000,drone0/air_pressure/air_pressure/air_pressure,101253.38292931445,0.0
85.200000000,drone0/air_pressure/air_pressure/air_pressure,101253.80340656427,0.0
85.352000000,drone0/air_pressure/air_pressure/air_pressure,101254.1329267882,0.0
85.500000000,drone0/air_pressure/air_pressure/air_pressure,101254.37876637961,0.0
85.652000000,drone0/air_pressure/air_pressure/air_pressure,101254.58619806719,0.0
85.800000000,drone0/air_pressure/air_pressure/air_pressure,101254.74598143593,0.0
85.900000000,drone0/air_pressure/air_pressure/air_pressure,101254.83341672976,0.0
86.052000000,drone0/air_pressure/air_pressure/air_pressure,101254.94125164673,0.0
86.200000000,drone0/air_pressure/air_pressure/air_pressure,101255.02118925907,0.0
86.352000000,drone0/air_pressure/air_pressure/air_pressure,101255.08533831927,0.0
86.500000000,drone0/air_pressure/air_pressure/air_pressure,101255.13367245664,0.0
86.652000000,drone0/air_pressure/air_pressure/air_pressure,101255.17234895218,0.0
86.800000000,drone0/air_pressure/air_pressure/air_pressure,101255.19848402498,0.0
86.900000000,drone0/air_pressure/air_pressure/air_pressure,101255.21109600662,0.0
87.052000000,drone0/air_pressure/air_pressure/air_pressure,101255.22512201812,0.0
87.200000000,drone0/air_pressure/air_pressure/air_pressure,101255.23074938935,0.0
87.352000000,drone0/air_pressure/air_pressure/air_pressure,101255.23150932851,0.0
87.500000000,drone0/air_pressure/air_pressure/air_pressure,101255.22722726189,0.0
87.652000000,drone0/air_pressure/air_pressure/air_pressure,101255.21881936528,0.0
87.800000000,drone0/air_pressure/air_pressure/air_pressure,101255.2086898305,0.0
87.900000000,drone0/air_pressure/air_pressure/air_pressure,101255.20043594344,0.0
88.052000000,drone0/air_pressure/air_pressure/air_pressure,101255.18570186767,0.0
88.200000000,drone0/air_pressure/air_pressure/air_pressure,101255.17016700695,0.0
88.352000000,drone0/air_pressure/air_pressure/air_pressure,101255.15337427611,0.0
88.500000000,drone0/air_pressure/air_pressure/air_pressure,101255.14041157711,0.0
88.652000000,drone0/air_pressure/air_pressure/air_pressure,101255.14005825005,0.0
88.800000000,drone0/air_pressure/air_pressure/air_pressure,101255.17960624692,0.0
88.900000000,drone0/air_pressure/air_pressure/air_pressure,101255.45671191027,0.0
89.052000000,drone0/air_pressure/air_pressure/air_pressure,101256.0302824845,0.0
89.200000000,drone0/air_pressure/air_pressure/air_pressure,101256.48435460721,0.0
89.352000000,drone0/air_pressure/air_pressure/air_pressure,101256.8293278842,0.0
89.500000000,drone0/air_pressure/air_pressure/air_pressure,101257.078876473,0.0
89.652000000,drone0/air_pressure/air_pressure/air_pressure,101257.27967347996,0.0
89.800000000,drone0/air_pressure/air_pressure/air_pressure,101257.43341638148,0.0
89.900000000,drone0/air_pressure/air_pressure/air_pressure,101257.52208918809,0.0
90.500000000,drone0/air_pressure/air_pressure/air_pressure,101258.27635380776,0.0
90.652000000,drone0/air_pressure/air_pressure/air_pressure,101258.47842249573,0.0
90.800000000,drone0/air_pressure/air_pressure/air_pressure,101258.63262938682,0.0
90.900000000,drone0/air_pressure/air_pressure/air_pressure,101258.717961231,0.0
91.052000000,drone0/air_pressure/air_pressure/air_pressure,101258.8248188201,0.0
91.200000000,drone0/air_pressure/air_pressure/air_pressure,101259.11641266162,0.0
91.352000000,drone0/air_pressure/air_pressure/air_pressure,101259.78472328464,0.0
91.500000000,drone0/air_pressure/air_pressure/air_pressure,101260.45849908903,0.0
91.652000000,drone0/air_pressure/air_pressure/air_pressure,101261.01669972467,0.0
91.800000000,drone0/air_pressure/air_pressure/air_pressure,101261.68233688979,0.0
91.900000000,drone0/air_pressure/air_pressure/air_pressure,101262.20743444141,0.0
92.052000000,drone0/air_pressure/air_pressure/air_pressure,101262.91856956675,0.0
92.200000000,drone0/air_pressure/air_pressure/air_pressure,101263.45870871552,0.0
92.352000000,drone0/air_pressure/air_pressure/air_pressure,101263.8867329736,0.0
92.500000000,drone0/air_pressure/air_pressure/air_pressure,101264.21853465882,0.0
92.652000000,drone0/air_pressure/air_pressure/air_pressure,101264.48805095049,0.0
92.800000000,drone0/air_pressure/air_pressure/air_pressure,101264.68557063771,0.0
92.900000000,drone0/air_pressure/air_pressure/air_pressure,101264.79215881825,0.0
93.052000000,drone0/air_pressure/air_pressure/air_pressure,101264.91820505592,0.0
93.200000000,drone0/air_pressure/air_pressure/air_pressure,101265.00785381252,0.0
93.352000000,drone0/air_pressure/air_pressure/air_pressure,101265.08092816001,0.0
93.500000000,drone0/air_pressure/air_pressure/air_pressure,101265.13257078608,0.0
93.652000000,drone0/air_pressure/air_pressure/air_pressure,101265.17006890035,0.0
93.800000000,drone0/air_pressure/air_pressure/air_pressure,101265.194950119,0.0
93.900000000,drone0/air_pressure/air_pressure/air_pressure,101265.20820637271,0.0
94.052000000,drone0/air_pressure/air_pressure/air_pressure,101265.22217770354,0.0
94.200000000,drone0/air_pressure/air_pressure/air_pressure,101265.22630146341,0.0
94.352000000,drone0/air_pressure/air_pressure/air_pressure,101265.22320560127,0.0
94.500000000,drone0/air_pressure/air_pressure/air_pressure,101265.21467120494,0.0
94.652000000,drone0/air_pressure/air_pressure/air_pressure,101265.20083509723,0.0
94.800000000,drone0/air_pressure/air_pressure/air_pressure,101265.18173680644,0.0
94.900000000,drone0/air_pressure/air_pressure/air_pressure,101265.16599683894,0.0
95.052000000,drone0/air_pressure/air_pressure/air_pressure,101265.14296942312,0.0
95.200000000,drone0/air_pressure/air_pressure/air_pressure,101265.12127460518,0.0
95.352000000,drone0/air_pressure/air_pressure/air_pressure,101265.10729906493,0.0
95.500000000,drone0/air_pressure/air_pressure/air_pressure,101265.10694519685,0.0
95.652000000,drone0/air_pressure/air_pressure/air_pressure,101265.1083310892,0.0
95.800000000,drone0/air_pressure/air_pressure/air_pressure,101265.11507737379,0.0
95.900000000,drone0/air_pressure/air_pressure/air_pressure,101265.12496870074,0.0
96.052000000,drone0/air_pressure/air_pressure/air_pressure,101265.14349963242,0.0
96.200000000,drone0/air_pressure/air_pressure/air_pressure,101265.15332906332,0.0
96.352000000,drone0/air_pressure/air_pressure/air_pressure,101265.16037388684,0.0
96.500000000,drone0/air_pressure/air_pressure/air_pressure,101265.17060203139,0.0
96.652000000,drone0/air_pressure/air_pressure/air_pressure,101265.18645819667,0.0
96.800000000,drone0/air_pressure/air_pressure/air_pressure,101265.20490113189,0.0
96.900000000,drone0/air_pressure/air_pressure/air_pressure,101265.33053506125,0.0
97.052000000,drone0/air_pressure/air_pressure/air_pressure,101265.94822635215,0.0
97.200000000,drone0/air_pressure/air_pressure/air_pressure,101267.05296805041,0.0
97.352000000,drone0/air_pressure/air_pressure/air_pressure,101268.70988779921,0.0
97.500000000,drone0/air_pressure/air_pressure/air_pressure,101270.83114321285,0.0
97.652000000,drone0/air_pressure/air_pressure/air_pressure,101273.53046233534,0.0
97.800000000,drone0/air_pressure/air_pressure/air_pressure,101276.55522552897,0.0
97.900000000,drone0/air_pressure/air_pressure/air_pressure,101278.40407493098,0.0
98.052000000,drone0/air_pressure/air_pressure/air_pressure,101280.7365597118,0.0
98.200000000,drone0/air_pressure/air_pressure/air_pressure,101282.48474741796,0.0
98.352000000,drone0/air_pressure/air_pressure/air_pressure,101283.85796162285,0.0
98.500000000,drone0/air_pressure/air_pressure/air_pressure,101284.87748903924,0.0
98.652000000,drone0/air_pressure/air_pressure/air_pressure,101285.67881584304,0.0
98.800000000,drone0/air_pressure/air_pressure/air_pressure,101286.27641218076,0.0
98.900000000,drone0/air_pressure/air_pressure/air_pressure,101286.59870441754,0.0
99.700000000,drone0/air_pressure/air_pressure/air_pressure,101288.51366579677,0.0
99.852000000,drone0/air_pressure/air_pressure/air_pressure,101289.75619428208,0.0
100.000000000,drone0/air_pressure/air_pressure/air_pressure,101291.46528316569,0.0
100.152000000,drone0/air_pressure/air_pressure/air_pressure,101293.41669460968,0.0
100.300000000,drone0/air_pressure/air_pressure/air_pressure,101294.89438316303,0.0
100.400000000,drone0/air_pressure/air_pressure/air_pressure,101295.69152324683,0.0
100.552000000,drone0/air_pressure/air_pressure/air_pressure,101296.65949192584,0.0
100.700000000,drone0/air_pressure/air_pressure/air_pressure,101297.38067512769,0.0
100.852000000,drone0/air_pressure/air_pressure/air_pressure,101297.94700169447,0.0
101.000000000,drone0/air_pressure/air_pressure/air_pressure,101298.36951477529,0.0
101.152000000,drone0/air_pressure/air_pressure/air_pressure,101298.7050035324,0.0
101.300000000,drone0/air_pressure/air_pressure/air_pressure,101299.27637621586,0.0
101.400000000,drone0/air_pressure/air_pressure/air_pressure,101299.9428243748,0.0
101.552000000,drone0/air_pressure/air_pressure/air_pressure,101301.39522015223,0.0
101.700000000,drone0/air_pressure/air_pressure/air_pressure,101303.12007956809,0.0
101.852000000,drone0/air_pressure/air_pressure/air_pressure,101304.53274191116,0.0
102.000000000,drone0/air_pressure/air_pressure/air_pressure,101305.5803791237,0.0
102.152000000,drone0/air_pressure/air_pressure/air_pressure,101306.40096639044,0.0
102.300000000,drone0/air_pressure/air_pressure/air_pressure,101307.01046954996,0.0
102.400000000,drone0/air_pressure/air_pressure/air_pressure,101307.33843348909,0.0
102.552000000,drone0/air_pressure/air_pressure/air_pressure,101307.73078956381,0.0
102.700000000,drone0/air_pressure/air_pressure/air_pressure,101307.73842684041,0.0
102.852000000,drone0/air_pressure/air_pressure/air_pressure,101307.1794323703,0.0
103.000000000,drone0/air_pressure/air_pressure/air_pressure,101306.08248174682,0.0
103.152000000,drone0/air_pressure/air_pressure/air_pressure,101304.3884819963,0.0
103.300000000,drone0/air_pressure/air_pressure/air_pressure,101302.18620235295,0.0
103.400000000,drone0/air_pressure/air_pressure/air_pressure,101300.3876788542,0.0
103.552000000,drone0/air_pressure/air_pressure/air_pressure,101297.17738213003,0.0
103.700000000,drone0/air_pressure/air_pressure/air_pressure,101293.50017804102,0.0
103.852000000,drone0/air_pressure/air_pressure/air_pressure,101289.15348309034,0.0
104.000000000,drone0/air_pressure/air_pressure/air_pressure,101284.36783222384,0.0
104.152000000,drone0/air_pressure/air_pressure/air_pressure,101279.0139529056,0.0
104.300000000,drone0/air_pressure/air_pressure/air_pressure,101274.14410050868,0.0
104.400000000,drone0/air_pressure/air_pressure/air_pressure,101271.13207699769,0.0
104.552000000,drone0/air_pressure/air_pressure/air_pressure,101266.96412904497,0.0
104.700000000,drone0/air_pressure/air_pressure/air_pressure,101262.72600882869,0.0
104.852000000,drone0/air_pressure/air_pressure/air_pressure,101257.806673196,0.0
105.000000000,drone0/air_pressure/air_pressure/air_pressure,101252.50688961918,0.0
105.152000000,drone0/air_pressure/air_pressure/air_pressure,101247.28145400024,0.0
105.300000000,drone0/air_pressure/air_pressure/air_pressure,101242.69718138309,0.0
105.400000000,drone0/air_pressure/air_pressure/air_pressure,101239.88071498154,0.0
105.552000000,drone0/air_pressure/air_pressure/air_pressure,101236.03392100232,0.0
105.700000000,drone0/air_pressure/air_pressure/air_pressure,101232.78750199433,0.0
105.852000000,drone0/air_pressure/air_pressure/air_pressure,101229.96636309748,0.0
106.000000000,drone0/air_pressure/air_pressure/air_pressure,101227.72120409166,0.0
107.100000000,drone0/air_pressure/air_pressure/air_pressure,101221.19485806358,0.0
107.200000000,drone0/air_pressure/air_pressure/air_pressure,101221.01817048315,0.0
107.352000000,drone0/air_pressure/air_pressure/air_pressure,101220.80185626456,0.0
107.500000000,drone0/air_pressure/air_pressure/air_pressure,101220.64616855925,0.0
107.652000000,drone0/air_pressure/air_pressure/air_pressure,101220.52991962976,0.0
107.800000000,drone0/air_pressure/air_pressure/air_pressure,101220.44190361495,0.0
107.900000000,drone0/air_pressure/air_pressure/air_pressure,101220.39659787936,0.0
108.052000000,drone0/air_pressure/air_pressure/air_pressure,101220.34510895133,0.0
108.200000000,drone0/air_pressure/air_pressure/air_pressure,101220.35173714455,0.0
108.352000000,drone0/air_pressure/air_pressure/air_pressure,101220.7834002069,0.0
108.500000000,drone0/air_pressure/air_pressure/air_pressure,101221.71169406733,0.0
108.652000000,drone0/air_pressure/air_pressure/air_pressure,101223.18444014213,0.0
108.800000000,drone0/air_pressure/air_pressure/air_pressure,101225.12656389571,0.0
108.900000000,drone0/air_pressure/air_pressure/air_pressure,101226.72392408519,0.0
109.052000000,drone0/air_pressure/air_pressure/air_pressure,101229.58485289093,0.0
109.200000000,drone0/air_pressure/air_pressure/air_pressure,101232.87569033663,0.0
109.352000000,drone0/air_pressure/air_pressure/air_pressure,101236.77021944204,0.0
109.500000000,drone0/air_pressure/air_pressure/air_pressure,101241.06708400491,0.0
109.652000000,drone0/air_pressure/air_pressure/air_pressure,101245.99821784372,0.0
109.800000000,drone0/air_pressure/air_pressure/air_pressure,101251.30156852478,0.0
109.900000000,drone0/air_pressure/air_pressure/air_pressure,101255.16591460684,0.0
110.052000000,drone0/air_pressure/air_pressure/air_pressure,101261.20256570159,0.0
110.200000000,drone0/air_pressure/air_pressure/air_pressure,101266.57992979109,0.0
110.352000000,drone0/air_pressure/air_pressure/air_pressure,101271.53339938905,0.0
110.500000000,drone0/air_pressure/air_pressure/air_pressure,101275.801947458,0.0
110.652000000,drone0/air_pressure/air_pressure/air_pressure,101279.61721967258,0.0
110.800000000,drone0/air_pressure/air_pressure/air_pressure,101282.77921655061,0.0
110.900000000,drone0/air_pressure/air_pressure/air_pressure,101284.6040367248,0.0
111.052000000,drone0/air_pressure/air_pressure/air_pressure,101286.89997856632,0.0
111.200000000,drone0/air_pressure/air_pressure/air_pressure,101288.61884336606,0.0
111.352000000,drone0/air_pressure/air_pressure/air_pressure,101289.9657018144,0.0
111.500000000,drone0/air_pressure/air_pressure/air_pressure,101290.96517551655,0.0
111.652000000,drone0/air_pressure/air_pressure/air_pressure,101291.74900178921,0.0
111.800000000,drone0/air_pressure/air_pressure/air_pressure,101292.14394395896,0.0
111.900000000,drone0/air_pressure/air_pressure/air_pressure,101292.10256989955,0.0
112.052000000,drone0/air_pressure/air_pressure/air_pressure,101291.56372752659,0.0
112.200000000,drone0/air_pressure/air_pressure/air_pressure,101290.48846666199,0.0
112.352000000,drone0/air_pressure/air_pressure/air_pressure,101289.07512265399,0.0
112.500000000,drone0/air_pressure/air_pressure/air_pressure,101287.90539340775,0.0
112.652000000,drone0/air_pressure/air_pressure/air_pressure,101286.98547038989,0.0
112.800000000,drone0/air_pressure/air_pressure/air_pressure,101286.29635237347,0.0
112.900000000,drone0/air_pressure/air_pressure/air_pressure,101285.92136959713,0.0
113.052000000,drone0/air_pressure/air_pressure/air_pressure,101285.46841408256,0.0
114.100000000,drone0/air_pressure/air_pressure/air_pressure,101272.02601489706,0.0
114.200000000,drone0/air_pressure/air_pressure/air_pressure,101269.56081553546,0.0
114.352000000,drone0/air_pressure/air_pressure/air_pressure,101266.24075120573,0.0
114.500000000,drone0/air_pressure/air_pressure/air_pressure,101263.50762226494,0.0
114.652000000,drone0/air_pressure/air_pressure/air_pressure,101261.20838247043,0.0
114.800000000,drone0/air_pressure/air_pressure/air_pressure,101259.45876870847,0.0
114.900000000,drone0/air_pressure/air_pressure/air_pressure,101258.5124550005,0.0
115.052000000,drone0/air_pressure/air_pressure/air_pressure,101257.36284199294,0.0
115.200000000,drone0/air_pressure/air_pressure/air_pressure,101256.5066479356,0.0
115.352000000,drone0/air_pressure/air_pressure/air_pressure,101255.83446267246,0.0
115.500000000,drone0/air_pressure/air_pressure/air_pressure,101255.34445266398,0.0
115.652000000,drone0/air_pressure/air_pressure/air_pressure,101254.97936150059,0.0
115.800000000,drone0/air_pressure/air_pressure/air_pressure,101254.7095652338,0.0
115.900000000,drone0/air_pressure/air_pressure/air_pressure,101254.56339728287,0.0
116.052000000,drone0/air_pressure/air_pressure/air_pressure,101254.38675121787,0.0
116.200000000,drone0/air_pressure/air_pressure/air_pressure,101254.25177735419,0.0
116.352000000,drone0/air_pressure/air_pressure/air_pressure,101254.14036249336,0.0
116.500000000,drone0/air_pressure/air_pressure/air_pressure,101254.0525116562,0.0
116.652000000,drone0/air_pressure/air_pressure/air_pressure,101253.97703542952,0.0
116.800000000,drone0/air_pressure/air_pressure/air_pressure,101253.91459235546,0.0
116.900000000,drone0/air_pressure/air_pressure/air_pressure,101253.87930065856,0.0
117.052000000,drone0/air_pressure/air_pressure/air_pressure,101253.83252262753,0.0
117.200000000,drone0/air_pressure/air_pressure/air_pressure,101253.79116024065,0.0
117.352000000,drone0/air_pressure/air_pressure/air_pressure,101253.75324397812,0.0
117.500000000,drone0/air_pressure/air_pressure/air_pressure,101253.7199992547,0.0
117.652000000,drone0/air_pressure/air_pressure/air_pressure,101253.69113384986,0.0
117.800000000,drone0/air_pressure/air_pressure/air_pressure,101253.66257010658,0.0
117.900000000,drone0/air_pressure/air_pressure/air_pressure,101253.64226953952,0.0
118.052000000,drone0/air_pressure/air_pressure/air_pressure,101253.61187416846,0.0
118.200000000,drone0/air_pressure/air_pressure/air_pressure,101253.58240111676,0.0
118.352000000,drone0/air_pressure/air_pressure/air_pressure,101253.549430393,0.0
118.500000000,drone0/air_pressure/air_pressure/air_pressure,101253.51953562707,0.0
118.652000000,drone0/air_pressure/air_pressure/air_pressure,101253.49588608455,0.0
118.800000000,drone0/air_pressure/air_pressure/air_pressure,101253.4861294905,0.0
118.900000000,drone0/air_pressure/air_pressure/air_pressure,101253.47902186208,0.0
119.052000000,drone0/air_pressure/air_pressure/air_pressure,101253.47530865864,0.0
119.200000000,drone0/air_pressure/air_pressure/air_pressure,101253.480882681,0.0
119.352000000,drone0/air_pressure/air_pressure/air_pressure,101253.49426635198,0.0
119.500000000,drone0/air_pressure/air_pressure/air_pressure,101253.51248025046,0.0
119.652000000,drone0/air_pressure/air_pressure/air_pressure,101253.53136863916,0.0
119.800000000,drone0/air_pressure/air_pressure/air_pressure,101253.53731386158,0.0
119.900000000,drone0/air_pressure/air_pressure/air_pressure,101253.540965031,0.0
120.700000000,drone0/air_pressure/air_pressure/air_pressure,101253.84460040019,0.0
120.852000000,drone0/air_pressure/air_pressure/air_pressure,101254.63196949766,0.0
121.000000000,drone0/air_pressure/air_pressure/air_pressure,101255.90011471523,0.0
121.152000000,drone0/air_pressure/air_pressure/air_pressure,101257.72314057061,0.0
121.300000000,drone0/air_pressure/air_pressure/air_pressure,101260.0046608156,0.0
121.400000000,drone0/air_pressure/air_pressure/air_pressure,101261.82757291727,0.0
121.552000000,drone0/air_pressure/air_pressure/air_pressure,101265.0328488639,0.0
121.700000000,drone0/air_pressure/air_pressure/air_pressure,101268.65822443804,0.0
121.852000000,drone0/air_pressure/air_pressure/air_pressure,101272.72036305846,0.0
122.000000000,drone0/air_pressure/air_pressure/air_pressure,101276.22800032298,0.0
122.152000000,drone0/air_pressure/air_pressure/air_pressure,101279.44878210535,0.0
122.300000000,drone0/air_pressure/air_pressure/air_pressure,101282.24005193874,0.0
122.400000000,drone0/air_pressure/air_pressure/air_pressure,101284.02180334489,0.0
122.552000000,drone0/air_pressure/air_pressure/air_pressure,101286.26354320186,0.0
122.700000000,drone0/air_pressure/air_pressure/air_pressure,101287.93482437701,0.0
122.852000000,drone0/air_pressure/air_pressure/air_pressure,101289.24426971404,0.0
123.000000000,drone0/air_pressure/air_pressure/air_pressure,101290.31196205599,0.0
123.152000000,drone0/air_pressure/air_pressure/air_pressure,101291.72421910297,0.0
123.300000000,drone0/air_pressure/air_pressure/air_pressure,101293.14297958177,0.0
123.400000000,drone0/air_pressure/air_pressure/air_pressure,101294.065821769,0.0
123.552000000,drone0/air_pressure/air_pressure/air_pressure,101295.2665766443,0.0
123.700000000,drone0/air_pressure/air_pressure/air_pressure,101296.16889272486,0.0
123.852000000,drone0/air_pressure/air_pressure/air_pressure,101296.87649059205,0.0
124.000000000,drone0/air_pressure/air_pressure/air_pressure,101297.4943240607,0.0
124.152000000,drone0/air_pressure/air_pressure/air_pressure,101298.0456797707,0.0
124.300000000,drone0/air_pressure/air_pressure/air_pressure,101298.45399692048,0.0
124.400000000,drone0/air_pressure/air_pressure/air_pressure,101298.67411212117,0.0
124.552000000,drone0/air_pressure/air_pressure/air_pressure,101298.93925612331,0.0
124.700000000,drone0/air_pressure/air_pressure/air_pressure,101299.1329091221,0.0
124.852000000,drone0/air_pressure/air_pressure/air_pressure,101299.27847537563,0.0
125.000000000,drone0/air_pressure/air_pressure/air_pressure,101299.37830345788,0.0
125.152000000,drone0/air_pressure/air_pressure/air_pressure,101299.44845348116,0.0
125.300000000,drone0/air_pressure/air_pressure/air_pressure,101299.47868772356,0.0
125.400000000,drone0/air_pressure/air_pressure/air_pressure,101299.48953486043,0.0
125.552000000,drone0/air_pressure/air_pressure/air_pressure,101299.5002006353,0.0
125.700000000,drone0/air_pressure/air_pressure/air_pressure,101299.50695804248,0.0
125.852000000,drone0/air_pressure/air_pressure/air_pressure,101299.51979060426,0.0
126.000000000,drone0/air_pressure/air_pressure/air_pressure,101299.53616083464,0.0
126.152000000,drone0/air_pressure/air_pressure/air_pressure,101299.55468695481,0.0
126.300000000,drone0/air_pressure/air_pressure/air_pressure,101299.56843786805,0.0
126.400000000,drone0/air_pressure/air_pressure/air_pressure,101299.5771718459,0.0
126.552000000,drone0/air_pressure/air_pressure/air_pressure,101299.60372208297,0.0
126.700000000,drone0/air_pressure/air_pressure/air_pressure,101299.62364930229,0.0
126.852000000,drone0/air_pressure/air_pressure/air_pressure,101299.63560308964,0.0
127.000000000,drone0/air_pressure/air_pressure/air_pressure,101299.64970235359,0.0
127.152000000,drone0/air_pressure/air_pressure/air_pressure,101299.66454433298,0.0
127.300000000,drone0/air_pressure/air_pressure/air_pressure,101299.67863515763,0.0
127.400000000,drone0/air_pressure/air_pressure/air_pressure,101299.6967387519,0.0
127.552000000,drone0/air_pressure/air_pressure/air_pressure,101299.72940845301,0.0
127.700000000,drone0/air_pressure/air_pressure/air_pressure,101299.76536127953,0.0
127.852000000,drone0/air_pressure/air_pressure/air_pressure,101299.79388572906,0.0
128.000000000,drone0/air_pressure/air_pressure/air_pressure,101299.8072082764,0.0
128.152000000,drone0/air_pressure/air_pressure/air_pressure,101299.81523313487,0.0
128.252000000,drone0/air_pressure/air_pressure/air_pressure,101299.81960663761,0.0
129.452000000,drone0/air_pressure/air_pressure/air_pressure,101300.13671650428,0.0
129.600000000,drone0/air_pressure/air_pressure/air_pressure,101300.18588319115,0.0
129.752000000,drone0/air_pressure/air_pressure/air_pressure,101300.23593945472,0.0
129.900000000,drone0/air_pressure/air_pressure/air_pressure,101300.28278028147,0.0
130.052000000,drone0/air_pressure/air_pressure/air_pressure,101300.32873200216,0.0
130.200000000,drone0/air_pressure/air_pressure/air_pressure,101300.37290632911,0.0
130.300000000,drone0/air_pressure/air_pressure/air_pressure,101300.40101433358,0.0
130.452000000,drone0/air_pressure/air_pressure/air_pressure,101300.44319730285,0.0
130.600000000,drone0/air_pressure/air_pressure/air_pressure,101300.48306326116,0.0
130.752000000,drone0/air_pressure/air_pressure/air_pressure,101300.51124508002,0.0
130.900000000,drone0/air_pressure/air_pressure/air_pressure,101300.51868729116,0.0
131.052000000,drone0/air_pressure/air_pressure/air_pressure,101300.53068670978,0.0
131.200000000,drone0/air_pressure/air_pressure/air_pressure,101300.55188349512,0.0
131.300000000,drone0/air_pressure/air_pressure/air_pressure,101300.57207747197,0.0
131.452000000,drone0/air_pressure/air_pressure/air_pressure,101300.61204533612,0.0
131.600000000,drone0/air_pressure/air_pressure/air_pressure,101300.6584985308,0.0
131.752000000,drone0/air_pressure/air_pressure/air_pressure,101300.71063987304,0.0
131.900000000,drone0/air_pressure/air_pressure/air_pressure,101300.76359297101,0.0
132.052000000,drone0/air_pressure/air_pressure/air_pressure,101300.81873494206,0.0
132.200000000,drone0/air_pressure/air_pressure/air_pressure,101300.86843594063,0.0
132.300000000,drone0/air_pressure/air_pressure/air_pressure,101300.89844394776,0.0
132.452000000,drone0/air_pressure/air_pressure/air_pressure,101300.93391094967,0.0
132.600000000,drone0/air_pressure/air_pressure/air_pressure,101300.95142376031,0.0
132.752000000,drone0/air_pressure/air_pressure/air_pressure,101300.59321478326,0.0
132.900000000,drone0/air_pressure/air_pressure/air_pressure,101299.68977487733,0.0
133.052000000,drone0/air_pressure/air_pressure/air_pressure,101298.23815104921,0.0
133.200000000,drone0/air_pressure/air_pressure/air_pressure,101296.94263607371,0.0
133.300000000,drone0/air_pressure/air_pressure/air_pressure,101296.23642785064,0.0
133.452000000,drone0/air_pressure/air_pressure/air_pressure,101295.37055348187,0.0
133.600000000,drone0/air_pressure/air_pressure/air_pressure,101294.7214690558,0.0
133.752000000,drone0/air_pressure/air_pressure/air_pressure,101294.19912029765,0.0
133.900000000,drone0/air_pressure/air_pressure/air_pressure,101293.78407692787,0.0
134.052000000,drone0/air_pressure/air_pressure/air_pressure,101293.4555519903,0.0
134.200000000,drone0/air_pressure/air_pressure/air_pressure,101293.21158463284,0.0
134.300000000,drone0/air_pressure/air_pressure/air_pressure,101293.07762056949,0.0
134.452000000,drone0/air_pressure/air_pressure/air_pressure,101293.02399550278,0.0
134.600000000,drone0/air_pressure/air_pressure/air_pressure,101293.02726008686,0.0
134.752000000,drone0/air_pressure/air_pressure/air_pressure,101293.02814438783,0.0
134.900000000,drone0/air_pressure/air_pressure/air_pressure,101293.02898755732,0.0
135.052000000,drone0/air_pressure/air_pressure/air_pressure,101293.02692734236,0.0
135.200000000,drone0/air_pressure/air_pressure/air_pressure,101293.02574480532,0.0
135.300000000,drone0/air_pressure/air_pressure/air_pressure,101293.02698577031,0.0
135.452000000,drone0/air_pressure/air_pressure/air_pressure,101293.021934332,0.0
135.600000000,drone0/air_pressure/air_pressure/air_pressure,101293.18548515505,0.0
135.752000000,drone0/air_pressure/air_pressure/air_pressure,101293.37737504485,0.0
135.900000000,drone0/air_pressure/air_pressure/air_pressure,101293.51646863815,0.0
136.052000000,drone0/air_pressure/air_pressure/air_pressure,101293.62207527559,0.0
136.200000000,drone0/air_pressure/air_pressure/air_pressure,101293.69987671908,0.0
136.300000000,drone0/air_pressure/air_pressure/air_pressure,101293.74292755942,0.0
136.452000000,drone0/air_pressure/air_pressure/air_pressure,101293.79088835033,0.0
136.600000000,drone0/air_pressure/air_pressure/air_pressure,101293.83297602944,0.0
136.752000000,drone0/air_pressure/air_pressure/air_pressure,101294.15022966872,0.0
136.900000000,drone0/air_pressure/air_pressure/air_pressure,101294.43007248874,0.0
137.900000000,drone0/air_pressure/air_pressure/air_pressure,101295.1700379855,0.0
138.052000000,drone0/air_pressure/air_pressure/air_pressure,101295.02648878405,0.0
138.200000000,drone0/air_pressure/air_pressure/air_pressure,101294.35203749148,0.0
138.300000000,drone0/air_pressure/air_pressure/air_pressure,101293.58656570007,0.0
138.452000000,drone0/air_pressure/air_pressure/air_pressure,101291.9481155644,0.0
138.600000000,drone0/air_pressure/air_pressure/air_pressure,101290.1776463842,0.0
138.752000000,drone0/air_pressure/air_pressure/air_pressure,101288.76610180696,0.0
138.900000000,drone0/air_pressure/air_pressure/air_pressure,101287.71051932313,0.0
139.052000000,drone0/air_pressure/air_pressure/air_pressure,101286.88033710956,0.0
139.200000000,drone0/air_pressure/air_pressure/air_pressure,101286.2613787096,0.0
139.300000000,drone0/air_pressure/air_pressure/air_pressure,101285.92603028698,0.0
139.452000000,drone0/air_pressure/air_pressure/air_pressure,101285.51769537496,0.0
139.600000000,drone0/air_pressure/air_pressure/air_pressure,101285.20832666059,0.0
139.752000000,drone0/air_pressure/air_pressure/air_pressure,101284.97712538805,0.0
139.900000000,drone0/air_pressure/air_pressure/air_pressure,101284.82131797283,0.0
140.052000000,drone0/air_pressure/air_pressure/air_pressure,101284.70659116708,0.0
140.200000000,drone0/air_pressure/air_pressure/air_pressure,101284.61143817876,0.0
140.300000000,drone0/air_pressure/air_pressure/air_pressure,101284.55753800899,0.0
140.452000000,drone0/air_pressure/air_pressure/air_pressure,101284.49119474684,0.0
140.600000000,drone0/air_pressure/air_pressure/air_pressure,101284.4388237493,0.0
140.752000000,drone0/air_pressure/air_pressure/air_pressure,101284.41104691438,0.0
140.900000000,drone0/air_pressure/air_pressure/air_pressure,101284.40532217463,0.0
141.052000000,drone0/air_pressure/air_pressure/air_pressure,101284.41479049883,0.0
141.200000000,drone0/air_pressure/air_pressure/air_pressure,101284.43666727234,0.0
141.300000000,drone0/air_pressure/air_pressure/air_pressure,101284.45607625975,0.0
141.452000000,drone0/air_pressure/air_pressure/air_pressure,101284.48900735196,0.0
141.600000000,drone0/air_pressure/air_pressure/air_pressure,101284.52448574602,0.0
141.752000000,drone0/air_pressure/air_pressure/air_pressure,101284.56453341077,0.0
141.900000000,drone0/air_pressure/air_pressure/air_pressure,101284.60495455313,0.0
142.052000000,drone0/air_pressure/air_pressure/air_pressure,101284.64430727986,0.0
142.200000000,drone0/air_pressure/air_pressure/air_pressure,101284.66266183156,0.0
142.300000000,drone0/air_pressure/air_pressure/air_pressure,101284.66944392215,0.0
142.452000000,drone0/air_pressure/air_pressure/air_pressure,101284.68392058546,0.0
142.600000000,drone0/air_pressure/air_pressure/air_pressure,101284.70711459599,0.0
142.752000000,drone0/air_pressure/air_pressure/air_pressure,101284.73842238645,0.0
142.900000000,drone0/air_pressure/air_pressure/air_pressure,101284.77361710923,0.0
143.052000000,drone0/air_pressure/air_pressure/air_pressure,101284.8111173093,0.0
143.200000000,drone0/air_pressure/air_pressure/air_pressure,101284.86354154488,0.0
143.300000000,drone0/air_pressure/air_pressure/air_pressure,101284.90228021462,0.0
143.452000000,drone0/air_pressure/air_pressure/air_pressure,101284.9607398225,0.0
143.600000000,drone0/air_pressure/air_pressure/air_pressure,101285.01664510308,0.0
143.752000000,drone0/air_pressure/air_pressure/air_pressure,101285.07270152493,0.0
143.900000000,drone0/air_pressure/air_pressure/air_pressure,101285.12433428246,0.0
144.052000000,drone0/air_pressure/air_pressure/air_pressure,101285.16713771477,0.0
144.200000000,drone0/air_pressure/air_pressure/air_pressure,101285.18772585673,0.0
144.300000000,drone0/air_pressure/air_pressure/air_pressure,101285.2015636952,0.0
144.452000000,drone0/air_pressure/air_pressure/air_pressure,101285.23029151156,0.0
144.600000000,drone0/air_pressure/air_pressure/air_pressure,101285.26654415658,0.0
144.752000000,drone0/air_pressure/air_pressure/air_pressure,101285.36944319206,0.0
144.900000000,drone0/air_pressure/air_pressure/air_pressure,101285.89352620074,0.0
145.052000000,drone0/air_pressure/air_pressure/air_pressure,101286.56907527646,0.0
145.200000000,drone0/air_pressure/air_pressure/air_pressure,101287.1316341785,0.0
145.300000000,drone0/air_pressure/air_pressure/air_pressure,101287.43558742979,0.0
145.452000000,drone0/air_pressure/air_pressure/air_pressure,101287.86942158839,0.0
145.600000000,drone0/air_pressure/air_pressure/air_pressure,101288.55481997337,0.0
145.752000000,drone0/air_pressure/air_pressure/air_pressure,101289.23856806383,0.0
145.900000000,drone0/air_pressure/air_pressure/air_pressure,101289.76376361189,0.0
146.052000000,drone0/air_pressure/air_pressure/air_pressure,101290.17637717386,0.0
146.200000000,drone0/air_pressure/air_pressure/air_pressure,101290.48248275099,0.0
147.400000000,drone0/air_pressure/air_pressure/air_pressure,101279.92491693681,0.0
147.552000000,drone0/air_pressure/air_pressure/air_pressure,101278.79491975252,0.0
147.700000000,drone0/air_pressure/air_pressure/air_pressure,101277.95454639403,0.0
147.800000000,drone0/air_pressure/air_pressure/air_pressure,101277.50070730636,0.0
147.952000000,drone0/air_pressure/air_pressure/air_pressure,101276.94803995549,0.0
148.100000000,drone0/air_pressure/air_pressure/air_pressure,101276.3211948543,0.0
148.252000000,drone0/air_pressure/air_pressure/air_pressure,101275.76089650144,0.0
148.400000000,drone0/air_pressure/air_pressure/air_pressure,101275.3449412477,0.0
148.552000000,drone0/air_pressure/air_pressure/air_pressure,101275.01796116546,0.0
148.700000000,drone0/air_pressure/air_pressure/air_pressure,101274.77581788103,0.0
148.800000000,drone0/air_pressure/air_pressure/air_pressure,101274.64745894991,0.0
148.952000000,drone0/air_pressure/air_pressure/air_pressure,101274.49572437351,0.0
149.100000000,drone0/air_pressure/air_pressure/air_pressure,101274.38520486187,0.0
149.252000000,drone0/air_pressure/air_pressure/air_pressure,101274.29948046326,0.0
149.400000000,drone0/air_pressure/air_pressure/air_pressure,101274.23551653982,0.0
149.552000000,drone0/air_pressure/air_pressure/air_pressure,101274.18653477417,0.0
149.700000000,drone0/air_pressure/air_pressure/air_pressure,101274.15159910644,0.0
149.800000000,drone0/air_pressure/air_pressure/air_pressure,101274.13240686312,0.0
149.952000000,drone0/air_pressure/air_pressure/air_pressure,101274.10890123222,0.0
150.100000000,drone0/air_pressure/air_pressure/air_pressure,101274.08783908858,0.0
150.252000000,drone0/air_pressure/air_pressure/air_pressure,101274.35185066232,0.0
150.400000000,drone0/air_pressure/air_pressure/air_pressure,101274.92436344853,0.0
150.552000000,drone0/air_pressure/air_pressure/air_pressure,101275.49833239282,0.0
150.700000000,drone0/air_pressure/air_pressure/air_pressure,101275.93572747431,0.0
150.800000000,drone0/air_pressure/air_pressure/air_pressure,101276.20538230335,0.0
150.952000000,drone0/air_pressure/air_pressure/air_pressure,101276.8728226119,0.0
151.100000000,drone0/air_pressure/air_pressure/air_pressure,101277.52255635806,0.0
151.252000000,drone0/air_pressure/air_pressure/air_pressure,101278.04328434523,0.0
151.400000000,drone0/air_pressure/air_pressure/air_pressure,101278.42957927624,0.0
151.552000000,drone0/air_pressure/air_pressure/air_pressure,101278.73035423152,0.0
151.700000000,drone0/air_pressure/air_pressure/air_pressure,101278.95463034387,0.0
151.800000000,drone0/air_pressure/air_pressure/air_pressure,101279.07309495258,0.0
151.952000000,drone0/air_pressure/air_pressure/air_pressure,101279.21664671929,0.0
152.100000000,drone0/air_pressure/air_pressure/air_pressure,101279.3227017578,0.0
152.252000000,drone0/air_pressure/air_pressure/air_pressure,101279.40182097544,0.0
152.400000000,drone0/air_pressure/air_pressure/air_pressure,101279.46464151816,0.0
152.552000000,drone0/air_pressure/air_pressure/air_pressure,101279.53051064578,0.0
152.700000000,drone0/air_pressure/air_pressure/air_pressure,101279.5929682231,0.0
152.800000000,drone0/air_pressure/air_pressure/air_pressure,101279.63330383935,0.0
152.952000000,drone0/air_pressure/air_pressure/air_pressure,101279.69254303939,0.0
153.100000000,drone0/air_pressure/air_pressure/air_pressure,101279.74647716705,0.0
153.252000000,drone0/air_pressure/air_pressure/air_pressure,101279.78019390708,0.0
153.400000000,drone0/air_pressure/air_pressure/air_pressure,101279.80676818862,0.0
153.552000000,drone0/air_pressure/air_pressure/air_pressure,101279.83276821754,0.0
153.700000000,drone0/air_pressure/air_pressure/air_pressure,101279.85573599733,0.0
153.800000000,drone0/air_pressure/air_pressure/air_pressure,101279.86830466571,0.0
153.952000000,drone0/air_pressure/air_pressure/air_pressure,101279.884867124,0.0
154.100000000,drone0/air_pressure/air_pressure/air_pressure,101279.89687612547,0.0
154.252000000,drone0/air_pressure/air_pressure/air_pressure,101279.90561187675,0.0
154.400000000,drone0/air_pressure/air_pressure/air_pressure,101279.90900653422,0.0
154.552000000,drone0/air_pressure/air_pressure/air_pressure,101279.91186681192,0.0
154.700000000,drone0/air_pressure/air_pressure/air_pressure,101279.91331986184,0.0
154.800000000,drone0/air_pressure/air_pressure/air_pressure,101279.91564110343,0.0
154.952000000,drone0/air_pressure/air_pressure/air_pressure,101279.90949714188,0.0
155.100000000,drone0/air_pressure/air_pressure/air_pressure,101279.90269300553,0.0
155.252000000,drone0/air_pressure/air_pressure/air_pressure,101279.89704057152,0.0
155.400000000,drone0/air_pressure/air_pressure/air_pressure,101279.89165306573,0.0
155.552000000,drone0/air_pressure/air_pressure/air_pressure,101279.88402750083,0.0
156.752000000,drone0/air_pressure/air_pressure/air_pressure,101279.9678843692,0.0
156.900000000,drone0/air_pressure/air_pressure/air_pressure,101279.9812311462,0.0
157.052000000,drone0/air_pressure/air_pressure/air_pressure,101279.99098736724,0.0
157.200000000,drone0/air_pressure/air_pressure/air_pressure,101279.99824482496,0.0
157.300000000,drone0/air_pressure/air_pressure/air_pressure,101280.00093938816,0.0
157.452000000,drone0/air_pressure/air_pressure/air_pressure,101280.00433933029,0.0
157.600000000,drone0/air_pressure/air_pressure/air_pressure,101280.01003938616,0.0
157.752000000,drone0/air_pressure/air_pressure/air_pressure,101280.02022857287,0.0
157.900000000,drone0/air_pressure/air_pressure/air_pressure,101280.03139510915,0.0
158.052000000,drone0/air_pressure/air_pressure/air_pressure,101280.0438679461,0.0
158.200000000,drone0/air_pressure/air_pressure/air_pressure,101280.04902650639,0.0
158.300000000,drone0/air_pressure/air_pressure/air_pressure,101280.05107955252,0.0
158.452000000,drone0/air_pressure/air_pressure/air_pressure,101280.05237075749,0.0
158.600000000,drone0/air_pressure/air_pressure/air_pressure,101280.06456222638,0.0
158.752000000,drone0/air_pressure/air_pressure/air_pressure,101280.09225778286,0.0
158.900000000,drone0/air_pressure/air_pressure/air_pressure,101280.12809420525,0.0
159.052000000,drone0/air_pressure/air_pressure/air_pressure,101280.17015944578,0.0
159.200000000,drone0/air_pressure/air_pressure/air_pressure,101280.21264408238,0.0
159.300000000,drone0/air_pressure/air_pressure/air_pressure,101280.2428166332,0.0
159.452000000,drone0/air_pressure/air_pressure/air_pressure,101280.2878345075,0.0
159.600000000,drone0/air_pressure/air_pressure/air_pressure,101280.33134108415,0.0
159.752000000,drone0/air_pressure/air_pressure/air_pressure,101280.37404925168,0.0
159.900000000,drone0/air_pressure/air_pressure/air_pressure,101280.39648219685,0.0
160.052000000,drone0/air_pressure/air_pressure/air_pressure,101280.38600112367,0.0
160.200000000,drone0/air_pressure/air_pressure/air_pressure,101280.32725908584,0.0
160.300000000,drone0/air_pressure/air_pressure/air_pressure,101280.29310577615,0.0
160.452000000,drone0/air_pressure/air_pressure/air_pressure,101280.2596609933,0.0
160.600000000,drone0/air_pressure/air_pressure/air_pressure,101280.24808638009,0.0
160.752000000,drone0/air_pressure/air_pressure/air_pressure,101280.3563567449,0.0
160.900000000,drone0/air_pressure/air_pressure/air_pressure,101280.47722517977,0.0
161.052000000,drone0/air_pressure/air_pressure/air_pressure,101280.5768966113,0.0
161.200000000,drone0/air_pressure/air_pressure/air_pressure,101280.65385540781,0.0
161.300000000,drone0/air_pressure/air_pressure/air_pressure,101280.69636801841,0.0
161.452000000,drone0/air_pressure/air_pressure/air_pressure,101280.74857860059,0.0
161.600000000,drone0/air_pressure/air_pressure/air_pressure,101280.80891570383,0.0
161.752000000,drone0/air_pressure/air_pressure/air_pressure,101280.87337312129,0.0
161.900000000,drone0/air_pressure/air_pressure/air_pressure,101280.9189644269,0.0
162.052000000,drone0/air_pressure/air_pressure/air_pressure,101280.94359663833,0.0
162.200000000,drone0/air_pressure/air_pressure/air_pressure,101280.96021545494,0.0
162.300000000,drone0/air_pressure/air_pressure/air_pressure,101280.97148129315,0.0
162.452000000,drone0/air_pressure/air_pressure/air_pressure,101280.98394732559,0.0
162.600000000,drone0/air_pressure/air_pressure/air_pressure,101280.99519852153,0.0
162.752000000,drone0/air_pressure/air_pressure/air_pressure,101281.00568721294,0.0
162.900000000,drone0/air_pressure/air_pressure/air_pressure,101281.0155320549,0.0
163.052000000,drone0/air_pressure/air_pressure/air_pressure,101281.04170632656,0.0
163.200000000,drone0/air_pressure/air_pressure/air_pressure,101281.08112405623,0.0
163.300000000,drone0/air_pressure/air_pressure/air_pressure,101281.11007308144,0.0
163.452000000,drone0/air_pressure/air_pressure/air_pressure,101281.15572218825,0.0
163.600000000,drone0/air_pressure/air_pressure/air_pressure,101281.20006575745,0.0
163.752000000,drone0/air_pressure/air_pressure/air_pressure,101281.23413422442,0.0
163.900000000,drone0/air_pressure/air_pressure/air_pressure,101281.24852351798,0.0
164.052000000,drone0/air_pressure/air_pressure/air_pressure,101281.26517603677,0.0
164.200000000,drone0/air_pressure/air_pressure/air_pressure,101281.28556743547,0.0
164.300000000,drone0/air_pressure/air_pressure/air_pressure,101281.29863107018,0.0
164.452000000,drone0/air_pressure/air_pressure/air_pressure,101281.32096855441,0.0
164.600000000,drone0/air_pressure/air_pressure/air_pressure,101281.34961390513,0.0
164.752000000,drone0/air_pressure/air_pressure/air_pressure,101281.38508996357,0.0
164.900000000,drone0/air_pressure/air_pressure/air_pressure,101281.42293547698,0.0
166.300000000,drone0/air_pressure/air_pressure/air_pressure,101281.6896844156,0.0
166.452000000,drone0/air_pressure/air_pressure/air_pressure,101281.71545343394,0.0
166.600000000,drone0/air_pressure/air_pressure/air_pressure,101281.73313564954,0.0
166.752000000,drone0/air_pressure/air_pressure/air_pressure,101281.74740780273,0.0
166.900000000,drone0/air_pressure/air_pressure/air_pressure,101281.75846779183,0.0
167.052000000,drone0/air_pressure/air_pressure/air_pressure,101281.76371494457,0.0
167.200000000,drone0/air_pressure/air_pressure/air_pressure,101281.76501836674,0.0
167.300000000,drone0/air_pressure/air_pressure/air_pressure,101281.76292372205,0.0
167.452000000,drone0/air_pressure/air_pressure/air_pressure,101281.75512790261,0.0
167.600000000,drone0/air_pressure/air_pressure/air_pressure,101281.74554814458,0.0
167.752000000,drone0/air_pressure/air_pressure/air_pressure,101281.73278040337,0.0
167.900000000,drone0/air_pressure/air_pressure/air_pressure,101281.73149357476,0.0
168.052000000,drone0/air_pressure/air_pressure/air_pressure,101281.73331091,0.0
168.200000000,drone0/air_pressure/air_pressure/air_pressure,101281.73935243218,0.0
168.300000000,drone0/air_pressure/air_pressure/air_pressure,101281.74613805058,0.0
168.452000000,drone0/air_pressure/air_pressure/air_pressure,101281.76149671721,0.0
168.600000000,drone0/air_pressure/air_pressure/air_pressure,101281.77912865613,0.0
168.752000000,drone0/air_pressure/air_pressure/air_pressure,101281.79997642731,0.0
168.900000000,drone0/air_pressure/air_pressure/air_pressure,101281.8092919421,0.0
169.052000000,drone0/air_pressure/air_pressure/air_pressure,101281.81305713605,0.0
169.200000000,drone0/air_pressure/air_pressure/air_pressure,101281.81679650937,0.0
169.300000000,drone0/air_pressure/air_pressure/air_pressure,101281.82110012686,0.0
169.452000000,drone0/air_pressure/air_pressure/air_pressure,101282.04337815275,0.0
169.600000000,drone0/air_pressure/air_pressure/air_pressure,101282.62129537131,0.0
169.752000000,drone0/air_pressure/air_pressure/air_pressure,101283.23090686173,0.0
169.900000000,drone0/air_pressure/air_pressure/air_pressure,101283.69885568897,0.0
170.052000000,drone0/air_pressure/air_pressure/air_pressure,101284.06473045541,0.0
170.200000000,drone0/air_pressure/air_pressure/air_pressure,101284.33509788883,0.0
170.300000000,drone0/air_pressure/air_pressure/air_pressure,101284.48026352786,0.0
170.452000000,drone0/air_pressure/air_pressure/air_pressure,101284.65596928768,0.0
170.600000000,drone0/air_pressure/air_pressure/air_pressure,101284.78547769964,0.0
170.752000000,drone0/air_pressure/air_pressure/air_pressure,101285.05326830913,0.0
170.900000000,drone0/air_pressure/air_pressure/air_pressure,101285.5942944627,0.0
171.052000000,drone0/air_pressure/air_pressure/air_pressure,101286.1054877438,0.0
171.200000000,drone0/air_pressure/air_pressure/air_pressure,101286.48922963865,0.0
171.300000000,drone0/air_pressure/air_pressure/air_pressure,101286.69683726165,0.0
171.452000000,drone0/air_pressure/air_pressure/air_pressure,101287.30561741376,0.0
171.600000000,drone0/air_pressure/air_pressure/air_pressure,101288.11523760248,0.0
171.752000000,drone0/air_pressure/air_pressure/air_pressure,101288.89955671346,0.0
171.900000000,drone0/air_pressure/air_pressure/air_pressure,101289.76934498269,0.0
172.052000000,drone0/air_pressure/air_pressure/air_pressure,101290.64030273783,0.0
172.200000000,drone0/air_pressure/air_pressure/air_pressure,101291.27138693085,0.0
172.300000000,drone0/air_pressure/air_pressure/air_pressure,101291.4316861494,0.0
172.452000000,drone0/air_pressure/air_pressure/air_pressure,101291.19970340133,0.0
172.600000000,drone0/air_pressure/air_pressure/air_pressure,101290.42140061193,0.0
172.752000000,drone0/air_pressure/air_pressure/air_pressure,101289.05084210781,0.0
172.900000000,drone0/air_pressure/air_pressure/air_pressure,101287.16203046578,0.0
173.052000000,drone0/air_pressure/air_pressure/air_pressure,101284.95412613294,0.0
173.200000000,drone0/air_pressure/air_pressure/air_pressure,101283.24245670918,0.0
173.300000000,drone0/air_pressure/air_pressure/air_pressure,101282.3151303789,0.0
173.452000000,drone0/air_pressure/air_pressure/air_pressure,101281.33953399201,0.0
173.600000000,drone0/air_pressure/air_pressure/air_pressure,101280.85187924223,0.0
173.752000000,drone0/air_pressure/air_pressure/air_pressure,101280.50968992346,0.0
173.900000000,drone0/air_pressure/air_pressure/air_pressure,101280.25001742809,0.0
174.052000000,drone0/air_pressure/air_pressure/air_pressure,101280.0414158624,0.0
175.052000000,drone0/air_pressure/air_pressure/air_pressure,101280.90974064422,0.0
175.200000000,drone0/air_pressure/air_pressure/air_pressure,101281.56907988779,0.0
175.300000000,drone0/air_pressure/air_pressure/air_pressure,101282.06930568963,0.0
175.452000000,drone0/air_pressure/air_pressure/air_pressure,101282.75260540556,0.0
175.600000000,drone0/air_pressure/air_pressure/air_pressure,101283.27514460972,0.0
175.752000000,drone0/air_pressure/air_pressure/air_pressure,101283.68670805181,0.0
175.900000000,drone0/air_pressure/air_pressure/air_pressure,101283.99102647994,0.0
176.052000000,drone0/air_pressure/air_pressure/air_pressure,101284.22663029803,0.0
176.200000000,drone0/air_pressure/air_pressure/air_pressure,101284.39971332913,0.0
176.300000000,drone0/air_pressure/air_pressure/air_pressure,101284.49330563423,0.0
176.452000000,drone0/air_pressure/air_pressure/air_pressure,101284.60253373391,0.0
176.600000000,drone0/air_pressure/air_pressure/air_pressure,101284.75004887313,0.0
176.752000000,drone0/air_pressure/air_pressure/air_pressure,101285.23800833903,0.0
176.900000000,drone0/air_pressure/air_pressure/air_pressure,101285.72570732447,0.0
177.052000000,drone0/air_pressure/air_pressure/air_pressure,101286.11489545138,0.0
177.200000000,drone0/air_pressure/air_pressure/air_pressure,101286.39877597384,0.0
177.300000000,drone0/air_pressure/air_pressure/air_pressure,101286.55158404728,0.0
177.452000000,drone0/air_pressure/air_pressure/air_pressure,101286.73588093018,0.0
177.600000000,drone0/air_pressure/air_pressure/air_pressure,101286.8721828293,0.0
177.752000000,drone0/air_pressure/air_pressure/air_pressure,101286.81458393186,0.0
177.900000000,drone0/air_pressure/air_pressure/air_pressure,101286.22007443932,0.0
178.052000000,drone0/air_pressure/air_pressure/air_pressure,101285.17132899376,0.0
178.200000000,drone0/air_pressure/air_pressure/air_pressure,101284.30927901626,0.0
178.300000000,drone0/air_pressure/air_pressure/air_pressure,101283.8427011884,0.0
178.452000000,drone0/air_pressure/air_pressure/air_pressure,101283.27404097067,0.0
178.600000000,drone0/air_pressure/air_pressure/air_pressure,101282.84998055494,0.0
178.752000000,drone0/air_pressure/air_pressure/air_pressure,101282.51147976246,0.0
178.900000000,drone0/air_pressure/air_pressure/air_pressure,101282.3231403009,0.0
179.052000000,drone0/air_pressure/air_pressure/air_pressure,101282.3221549246,0.0
179.200000000,drone0/air_pressure/air_pressure/air_pressure,101282.31658386614,0.0
179.300000000,drone0/air_pressure/air_pressure/air_pressure,101282.31175962766,0.0
179.452000000,drone0/air_pressure/air_pressure/air_pressure,101282.30392793863,0.0
179.600000000,drone0/air_pressure/air_pressure/air_pressure,101282.28937228488,0.0
179.752000000,drone0/air_pressure/air_pressure/air_pressure,101282.28773504625,0.0
179.900000000,drone0/air_pressure/air_pressure/air_pressure,101282.29071875916,0.0
180.452000000,drone0/air_pressure/air_pressure/air_pressure,101282.27309128315,0.0
180.600000000,drone0/air_pressure/air_pressure/air_pressure,101282.28592935136,0.0
180.752000000,drone0/air_pressure/air_pressure/air_pressure,101282.31063073107,0.0
180.900000000,drone0/air_pressure/air_pressure/air_pressure,101282.34349035214,0.0
181.052000000,drone0/air_pressure/air_pressure/air_pressure,101282.382725461,0.0
181.200000000,drone0/air_pressure/air_pressure/air_pressure,101282.42523442801,0.0
181.300000000,drone0/air_pressure/air_pressure/air_pressure,101282.45553834167,0.0
181.452000000,drone0/air_pressure/air_pressure/air_pressure,101282.49525092056,0.0
181.600000000,drone0/air_pressure/air_pressure/air_pressure,101282.51043783646,0.0
181.752000000,drone0/air_pressure/air_pressure/air_pressure,101282.52446576107,0.0
181.900000000,drone0/air_pressure/air_pressure/air_pressure,101282.3120557997,0.0
182.052000000,drone0/air_pressure/air_pressure/air_pressure,101281.98805069504,0.0
182.200000000,drone0/air_pressure/air_pressure/air_pressure,101281.72789381193,0.0
182.300000000,drone0/air_pressure/air_pressure/air_pressure,101281.58746843065,0.0
182.452000000,drone0/air_pressure/air_pressure/air_pressure,101281.41575305659,0.0
182.600000000,drone0/air_pressure/air_pressure/air_pressure,101281.2898553466,0.0
182.752000000,drone0/air_pressure/air_pressure/air_pressure,101281.15877476492,0.0
182.900000000,drone0/air_pressure/air_pressure/air_pressure,101280.62565256353,0.0
183.052000000,drone0/air_pressure/air_pressure/air_pressure,101279.51225152046,0.0
183.200000000,drone0/air_pressure/air_pressure/air_pressure,101277.89779339747,0.0
183.300000000,drone0/air_pressure/air_pressure/air_pressure,101276.82490400145,0.0
183.452000000,drone0/air_pressure/air_pressure/air_pressure,101275.51600610696,0.0
183.600000000,drone0/air_pressure/air_pressure/air_pressure,101274.53424009957,0.0
183.752000000,drone0/air_pressure/air_pressure/air_pressure,101273.757304937,0.0
183.900000000,drone0/air_pressure/air_pressure/air_pressure,101273.17329199864,0.0
184.052000000,drone0/air_pressure/air_pressure/air_pressure,101272.71395713785,0.0
184.200000000,drone0/air_pressure/air_pressure/air_pressure,101272.36820041094,0.0
184.300000000,drone0/air_pressure/air_pressure/air_pressure,101272.18593568486,0.0
184.452000000,drone0/air_pressure/air_pressure/air_pressure,101271.97413516082,0.0
184.600000000,drone0/air_pressure/air_pressure/air_pressure,101271.81422545451,0.0
184.752000000,drone0/air_pressure/air_pressure/air_pressure,101271.68737592614,0.0
184.900000000,drone0/air_pressure/air_pressure/air_pressure,101271.59296495497,0.0
185.052000000,drone0/air_pressure/air_pressure/air_pressure,101271.52078126546,0.0
185.200000000,drone0/air_pressure/air_pressure/air_pressure,101271.46109881565,0.0
185.300000000,drone0/air_pressure/air_pressure/air_pressure,101271.43576262247,0.0
185.452000000,drone0/air_pressure/air_pressure/air_pressure,101271.41965288493,0.0
185.600000000,drone0/air_pressure/air_pressure/air_pressure,101271.42128623623,0.0
185.752000000,drone0/air_pressure/air_pressure/air_pressure,101271.4361714432,0.0
185.900000000,drone0/air_pressure/air_pressure/air_pressure,101271.45976245534,0.0
186.052000000,drone0/air_pressure/air_pressure/air_pressure,101271.48971344122,0.0
186.200000000,drone0/air_pressure/air_pressure/air_pressure,101271.52112666571,0.0
186.300000000,drone0/air_pressure/air_pressure/air_pressure,101271.5313292444,0.0
186.452000000,drone0/air_pressure/air_pressure/air_pressure,101271.53698754637,0.0
186.600000000,drone0/air_pressure/air_pressure/air_pressure,101271.54934244862,0.0
186.752000000,drone0/air_pressure/air_pressure/air_pressure,101271.57179169741,0.0
186.900000000,drone0/air_pressure/air_pressure/air_pressure,101271.59885297753,0.0
187.052000000,drone0/air_pressure/air_pressure/air_pressure,101271.62751587023,0.0
187.200000000,drone0/air_pressure/air_pressure/air_pressure,101271.65078383932,0.0
187.300000000,drone0/air_pressure/air_pressure/air_pressure,101271.6630341662,0.0
187.452000000,drone0/air_pressure/air_pressure/air_pressure,101271.67970700661,0.0
187.600000000,drone0/air_pressure/air_pressure/air_pressure,101271.6903663609,0.0
187.752000000,drone0/air_pressure/air_pressure/air_pressure,101271.71108846672,0.0
187.900000000,drone0/air_pressure/air_pressure/air_pressure,101271.73307642486,0.0
188.052000000,drone0/air_pressure/air_pressure/air_pressure,101271.7595119254,0.0
188.200000000,drone0/air_pressure/air_pressure/air_pressure,101271.7888342661,0.0
188.300000000,drone0/air_pressure/air_pressure/air_pressure,101271.80195220684,0.0
188.452000000,drone0/air_pressure/air_pressure/air_pressure,101271.8080054941,0.0
188.600000000,drone0/air_pressure/air_pressure/air_pressure,101271.80860072431,0.0
188.752000000,drone0/air_pressure/air_pressure/air_pressure,101271.8019014026,0.0
188.900000000,drone0/air_pressure/air_pressure/air_pressure,101271.81108378136,0.0
189.052000000,drone0/air_pressure/air_pressure/air_pressure,101271.83860962253,0.0
189.200000000,drone0/air_pressure/air_pressure/air_pressure,101271.87382791897,0.0
189.300000000,drone0/air_pressure/air_pressure/air_pressure,101271.90118079325,0.0
189.452000000,drone0/air_pressure/air_pressure/air_pressure,101271.94602445753,0.0
189.600000000,drone0/air_pressure/air_pressure/air_pressure,101271.99313358843,0.0
189.752000000,drone0/air_pressure/air_pressure/air_pressure,101272.04270017921,0.0
189.900000000,drone0/air_pressure/air_pressure/air_pressure,101272.08965538813,0.0
190.052000000,drone0/air_pressure/air_pressure/air_pressure,101272.13638885641,0.0
190.200000000,drone0/air_pressure/air_pressure/air_pressure,101272.1788050222,0.0
190.300000000,drone0/air_pressure/air_pressure/air_pressure,101272.20645272307,0.0
190.452000000,drone0/air_pressure/air_pressure/air_pressure,101272.24628519319,0.0
190.600000000,drone0/air_pressure/air_pressure/air_pressure,101272.28500013918,0.0
190.752000000,drone0/air_pressure/air_pressure/air_pressure,101272.32313066571,0.0
190.900000000,drone0/air_pressure/air_pressure/air_pressure,101272.35261504336,0.0
191.052000000,drone0/air_pressure/air_pressure/air_pressure,101272.35982735024,0.0
191.200000000,drone0/air_pressure/air_pressure/air_pressure,101272.3848540904,0.0
191.300000000,drone0/air_pressure/air_pressure/air_pressure,101272.6240802171,0.0
191.452000000,drone0/air_pressure/air_pressure/air_pressure,101273.26187372385,0.0
191.600000000,drone0/air_pressure/air_pressure/air_pressure,101273.92725911358,0.0
191.752000000,drone0/air_pressure/air_pressure/air_pressure,101274.49787881794,0.0
191.900000000,drone0/air_pressure/air_pressure/air_pressure,101275.23020909273,0.0
192.052000000,drone0/air_pressure/air_pressure/air_pressure,101276.06359263805,0.0
192.200000000,drone0/air_pressure/air_pressure/air_pressure,101276.7676643673,0.0
192.300000000,drone0/air_pressure/air_pressure/air_pressure,101277.29082945759,0.0
192.452000000,drone0/air_pressure/air_pressure/air_pressure,101277.93863339082,0.0
192.600000000,drone0/air_pressure/air_pressure/air_pressure,101278.42235378643,0.0
192.752000000,drone0/air_pressure/air_pressure/air_pressure,101278.79626021103,0.0
192.900000000,drone0/air_pressure/air_pressure/air_pressure,101278.78809464854,0.0
193.052000000,drone0/air_pressure/air_pressure/air_pressure,101278.21164912853,0.0
193.200000000,drone0/air_pressure/air_pressure/air_pressure,101277.09717288495,0.0
193.300000000,drone0/air_pressure/air_pressure/air_pressure,101276.03580220645,0.0
193.452000000,drone0/air_pressure/air_pressure/air_pressure,101273.94464557138,0.0
193.600000000,drone0/air_pressure/air_pressure/air_pressure,101271.35685246746,0.0
193.752000000,drone0/air_pressure/air_pressure/air_pressure,101268.14087357179,0.0
193.900000000,drone0/air_pressure/air_pressure/air_pressure,101265.04742161323,0.0
194.052000000,drone0/air_pressure/air_pressure/air_pressure,101262.38217469472,0.0
194.200000000,drone0/air_pressure/air_pressure/air_pressure,101260.3866885665,0.0
194.300000000,drone0/air_pressure/air_pressure/air_pressure,101259.3679427816,0.0
194.452000000,drone0/air_pressure/air_pressure/air_pressure,101258.1344606304,0.0
194.600000000,drone0/air_pressure/air_pressure/air_pressure,101257.21244375435,0.0
194.752000000,drone0/air_pressure/air_pressure/air_pressure,101256.48394331915,0.0
194.900000000,drone0/air_pressure/air_pressure/air_pressure,101255.94066332238,0.0
195.052000000,drone0/air_pressure/air_pressure/air_pressure,101255.51426835828,0.0
195.200000000,drone0/air_pressure/air_pressure/air_pressure,101255.19346552268,0.0
195.300000000,drone0/air_pressure/air_pressure/air_pressure,101255.02325901008,0.0
195.452000000,drone0/air_pressure/air_pressure/air_pressure,101255.1086341994,0.0
195.600000000,drone0/air_pressure/air_pressure/air_pressure,101255.3544368755,0.0
195.752000000,drone0/air_pressure/air_pressure/air_pressure,101255.56049618132,0.0
195.900000000,drone0/air_pressure/air_pressure/air_pressure,101255.8774373278,0.0
196.052000000,drone0/air_pressure/air_pressure/air_pressure,101256.51936300618,0.0
197.300000000,drone0/air_pressure/air_pressure/air_pressure,101259.23381501662,0.0
197.452000000,drone0/air_pressure/air_pressure/air_pressure,101259.30713973848,0.0
197.600000000,drone0/air_pressure/air_pressure/air_pressure,101259.35867964065,0.0
197.752000000,drone0/air_pressure/air_pressure/air_pressure,101259.3983289235,0.0
197.900000000,drone0/air_pressure/air_pressure/air_pressure,101259.42935418818,0.0
198.052000000,drone0/air_pressure/air_pressure/air_pressure,101259.47184466034,0.0
198.200000000,drone0/air_pressure/air_pressure/air_pressure,101259.50366428163,0.0
198.300000000,drone0/air_pressure/air_pressure/air_pressure,101259.51925038215,0.0
198.452000000,drone0/air_pressure/air_pressure/air_pressure,101259.53445980755,0.0
198.600000000,drone0/air_pressure/air_pressure/air_pressure,101259.54075129246,0.0
198.752000000,drone0/air_pressure/air_pressure/air_pressure,101259.54538044808,0.0
198.900000000,drone0/air_pressure/air_pressure/air_pressure,101259.54762412906,0.0
199.052000000,drone0/air_pressure/air_pressure/air_pressure,101259.54676855712,0.0
199.200000000,drone0/air_pressure/air_pressure/air_pressure,101259.56005990712,0.0
199.300000000,drone0/air_pressure/air_pressure/air_pressure,101259.57763315193,0.0
199.452000000,drone0/air_pressure/air_pressure/air_pressure,101259.610330358,0.0
199.600000000,drone0/air_pressure/air_pressure/air_pressure,101259.64314769447,0.0
199.752000000,drone0/air_pressure/air_pressure/air_pressure,101259.65512282297,0.0
199.900000000,drone0/air_pressure/air_pressure/air_pressure,101259.65868472129,0.0
200.052000000,drone0/air_pressure/air_pressure/air_pressure,101259.65892746099,0.0
200.200000000,drone0/air_pressure/air_pressure/air_pressure,101259.6593255505,0.0
200.300000000,drone0/air_pressure/air_pressure/air_pressure,101259.67350214811,0.0
200.452000000,drone0/air_pressure/air_pressure/air_pressure,101259.7051531936,0.0
200.600000000,drone0/air_pressure/air_pressure/air_pressure,101259.73649664238,0.0
200.752000000,drone0/air_pressure/air_pressure/air_pressure,101259.76341616156,0.0
200.900000000,drone0/air_pressure/air_pressure/air_pressure,101259.78253499976,0.0
201.052000000,drone0/air_pressure/air_pressure/air_pressure,101259.79413422826,0.0
201.200000000,drone0/air_pressure/air_pressure/air_pressure,101259.80108754696,0.0
201.300000000,drone0/air_pressure/air_pressure/air_pressure,101259.8105365489,0.0
201.452000000,drone0/air_pressure/air_pressure/air_pressure,101259.83052407177,0.0
201.600000000,drone0/air_pressure/air_pressure/air_pressure,101259.83175486563,0.0
201.752000000,drone0/air_pressure/air_pressure/air_pressure,101259.46092825073,0.0
201.900000000,drone0/air_pressure/air_pressure/air_pressure,101258.55289172546,0.0
202.052000000,drone0/air_pressure/air_pressure/air_pressure,101257.05676822414,0.0
202.200000000,drone0/air_pressure/air_pressure/air_pressure,101255.14453412346,0.0
202.300000000,drone0/air_pressure/air_pressure/air_pressure,101253.98804833452,0.0
202.452000000,drone0/air_pressure/air_pressure/air_pressure,101252.58124113166,0.0
202.600000000,drone0/air_pressure/air_pressure/air_pressure,101251.53415136352,0.0
202.752000000,drone0/air_pressure/air_pressure/air_pressure,101250.70485321844,0.0
202.900000000,drone0/air_pressure/air_pressure/air_pressure,101250.09382367728,0.0
203.052000000,drone0/air_pressure/air_pressure/air_pressure,101249.7590478496,0.0
203.200000000,drone0/air_pressure/air_pressure/air_pressure,101249.52658064973,0.0
203.300000000,drone0/air_pressure/air_pressure/air_pressure,101249.39963504997,0.0
203.452000000,drone0/air_pressure/air_pressure/air_pressure,101249.24820783142,0.0
203.600000000,drone0/air_pressure/air_pressure/air_pressure,101249.1601739524,0.0
203.752000000,drone0/air_pressure/air_pressure/air_pressure,101249.102276971,0.0
203.900000000,drone0/air_pressure/air_pressure/air_pressure,101249.06468369617,0.0
204.052000000,drone0/air_pressure/air_pressure/air_pressure,101249.03819946418,0.0
204.200000000,drone0/air_pressure/air_pressure/air_pressure,101249.02316151517,0.0
204.300000000,drone0/air_pressure/air_pressure/air_pressure,101249.01732827399,0.0
204.452000000,drone0/air_pressure/air_pressure/air_pressure,101249.02113793734,0.0
205.900000000,drone0/air_pressure/air_pressure/air_pressure,101260.48997424543,0.0
206.052000000,drone0/air_pressure/air_pressure/air_pressure,101264.15015785144,0.0
206.200000000,drone0/air_pressure/air_pressure/air_pressure,101268.21405936843,0.0
206.300000000,drone0/air_pressure/air_pressure/air_pressure,101271.23686737804,0.0
206.452000000,drone0/air_pressure/air_pressure/air_pressure,101275.92643678162,0.0
206.600000000,drone0/air_pressure/air_pressure/air_pressure,101280.01650260264,0.0
206.752000000,drone0/air_pressure/air_pressure/air_pressure,101283.92437108487,0.0
206.900000000,drone0/air_pressure/air_pressure/air_pressure,101287.1798130131,0.0
207.052000000,drone0/air_pressure/air_pressure/air_pressure,101289.9520498867,0.0
207.200000000,drone0/air_pressure/air_pressure/air_pressure,101292.104359356,0.0
207.300000000,drone0/air_pressure/air_pressure/air_pressure,101293.43848249146,0.0
207.452000000,drone0/air_pressure/air_pressure/air_pressure,101295.14545572868,0.0
207.600000000,drone0/air_pressure/air_pressure/air_pressure,101296.41313274506,0.0
207.752000000,drone0/air_pressure/air_pressure/air_pressure,101297.40664741375,0.0
207.900000000,drone0/air_pressure/air_pressure/air_pressure,101298.1422893831,0.0
208.052000000,drone0/air_pressure/air_pressure/air_pressure,101298.7180389442,0.0
208.200000000,drone0/air_pressure/air_pressure/air_pressure,101299.15141074361,0.0
208.300000000,drone0/air_pressure/air_pressure/air_pressure,101299.39705237065,0.0
208.452000000,drone0/air_pressure/air_pressure/air_pressure,101299.710771229,0.0
208.600000000,drone0/air_pressure/air_pressure/air_pressure,101299.95208292027,0.0
208.752000000,drone0/air_pressure/air_pressure/air_pressure,101300.15456847535,0.0
208.900000000,drone0/air_pressure/air_pressure/air_pressure,101300.30791144079,0.0
209.052000000,drone0/air_pressure/air_pressure/air_pressure,101300.42268514409,0.0
209.200000000,drone0/air_pressure/air_pressure/air_pressure,101300.51051678025,0.0
209.300000000,drone0/air_pressure/air_pressure/air_pressure,101300.55967792807,0.0
209.452000000,drone0/air_pressure/air_pressure/air_pressure,101300.6387961365,0.0
209.600000000,drone0/air_pressure/air_pressure/air_pressure,101300.72329952287,0.0
209.752000000,drone0/air_pressure/air_pressure/air_pressure,101300.79908541331,0.0
209.900000000,drone0/air_pressure/air_pressure/air_pressure,101300.85899769785,0.0
210.052000000,drone0/air_pressure/air_pressure/air_pressure,101300.90803431907,0.0
210.200000000,drone0/air_pressure/air_pressure/air_pressure,101300.94232774043,0.0
210.300000000,drone0/air_pressure/air_pressure/air_pressure,101300.96607077583,0.0
210.452000000,drone0/air_pressure/air_pressure/air_pressure,101300.9939542847,0.0
210.600000000,drone0/air_pressure/air_pressure/air_pressure,101300.91899968502,0.0
210.752000000,drone0/air_pressure/air_pressure/air_pressure,101300.32902454834,0.0
210.900000000,drone0/air_pressure/air_pressure/air_pressure,101299.20470055191,0.0
211.052000000,drone0/air_pressure/air_pressure/air_pressure,101297.48627126981,0.0
211.200000000,drone0/air_pressure/air_pressure/air_pressure,101295.26268989824,0.0
211.300000000,drone0/air_pressure/air_pressure/air_pressure,101293.45456797612,0.0
211.452000000,drone0/air_pressure/air_pressure/air_pressure,101290.23469500533,0.0
211.600000000,drone0/air_pressure/air_pressure/air_pressure,101286.54797044749,0.0
211.752000000,drone0/air_pressure/air_pressure/air_pressure,101282.19474063414,0.0
211.900000000,drone0/air_pressure/air_pressure/air_pressure,101277.40114256788,0.0
212.052000000,drone0/air_pressure/air_pressure/air_pressure,101272.20411559432,0.0
212.200000000,drone0/air_pressure/air_pressure/air_pressure,101267.58796664301,0.0
212.300000000,drone0/air_pressure/air_pressure/air_pressure,101264.74879429523,0.0
212.452000000,drone0/air_pressure/air_pressure/air_pressure,101260.86787898178,0.0
212.600000000,drone0/air_pressure/air_pressure/air_pressure,101257.59649608006,0.0
212.752000000,drone0/air_pressure/air_pressure/air_pressure,101254.74886221363,0.0
212.900000000,drone0/air_pressure/air_pressure/air_pressure,101252.47746723519,0.0
213.052000000,drone0/air_pressure/air_pressure/air_pressure,101250.6559961616,0.0
214.300000000,drone0/air_pressure/air_pressure/air_pressure,101245.47321751334,0.0
214.452000000,drone0/air_pressure/air_pressure/air_pressure,101245.31411099913,0.0
214.600000000,drone0/air_pressure/air_pressure/air_pressure,101245.18801974399,0.0
214.752000000,drone0/air_pressure/air_pressure/air_pressure,101245.08327014878,0.0
214.900000000,drone0/air_pressure/air_pressure/air_pressure,101244.99789797139,0.0
215.052000000,drone0/air_pressure/air_pressure/air_pressure,101244.9236247458,0.0
215.200000000,drone0/air_pressure/air_pressure/air_pressure,101244.85478663645,0.0
215.300000000,drone0/air_pressure/air_pressure/air_pressure,101244.81033287894,0.0
215.452000000,drone0/air_pressure/air_pressure/air_pressure,101244.75363620094,0.0
215.600000000,drone0/air_pressure/air_pressure/air_pressure,101244.70359514802,0.0
215.752000000,drone0/air_pressure/air_pressure/air_pressure,101244.65842212306,0.0
215.900000000,drone0/air_pressure/air_pressure/air_pressure,101244.61920142907,0.0
216.052000000,drone0/air_pressure/air_pressure/air_pressure,101244.58188898858,0.0
216.200000000,drone0/air_pressure/air_pressure/air_pressure,101244.54894536744,0.0
216.300000000,drone0/air_pressure/air_pressure/air_pressure,101244.52828814882,0.0
216.452000000,drone0/air_pressure/air_pressure/air_pressure,101244.49501427248,0.0
216.600000000,drone0/air_pressure/air_pressure/air_pressure,101244.45883133549,0.0
216.752000000,drone0/air_pressure/air_pressure/air_pressure,101244.4205980459,0.0
216.900000000,drone0/air_pressure/air_pressure/air_pressure,101244.38604736955,0.0
217.052000000,drone0/air_pressure/air_pressure/air_pressure,101244.35145657287,0.0
217.200000000,drone0/air_pressure/air_pressure/air_pressure,101244.32184430724,0.0
217.300000000,drone0/air_pressure/air_pressure/air_pressure,101244.36139657744,0.0
217.452000000,drone0/air_pressure/air_pressure/air_pressure,101245.2509289611,0.0
217.600000000,drone0/air_pressure/air_pressure/air_pressure,101246.9365868465,0.0
217.752000000,drone0/air_pressure/air_pressure/air_pressure,101249.45388316442,0.0
217.900000000,drone0/air_pressure/air_pressure/air_pressure,101252.67202475852,0.0
218.052000000,drone0/air_pressure/air_pressure/air_pressure,101256.75165337685,0.0
218.200000000,drone0/air_pressure/air_pressure/air_pressure,101261.47738349743,0.0
218.300000000,drone0/air_pressure/air_pressure/air_pressure,101265.09655666775,0.0
218.452000000,drone0/air_pressure/air_pressure/air_pressure,101271.26738246929,0.0
218.600000000,drone0/air_pressure/air_pressure/air_pressure,101278.07444846642,0.0
218.752000000,drone0/air_pressure/air_pressure/air_pressure,101285.92596349186,0.0
218.900000000,drone0/air_pressure/air_pressure/air_pressure,101294.46137057654,0.0
219.052000000,drone0/air_pressure/air_pressure/air_pressure,101304.19860358977,0.0
219.200000000,drone0/air_pressure/air_pressure/air_pressure,101314.6146761238,0.0
219.300000000,drone0/air_pressure/air_pressure/air_pressure,101321.86500761534,0.0
219.452000000,drone0/air_pressure/air_pressure/air_pressure,101324.50603869872,0.0
219.600000000,drone0/air_pressure/air_pressure/air_pressure,101324.4572291462,0.0
219.752000000,drone0/air_pressure/air_pressure/air_pressure,101324.40816980053,0.0
219.900000000,drone0/air_pressure/air_pressure/air_pressure,101324.37049503664,0.0
220.052000000,drone0/air_pressure/air_pressure/air_pressure,101324.34125451812,0.0
220.200000000,drone0/air_pressure/air_pressure/air_pressure,101324.32030114684,0.0
220.300000000,drone0/air_pressure/air_pressure/air_pressure,101324.30842429373,0.0
220.452000000,drone0/air_pressure/air_pressure/air_pressure,101324.29494083408,0.0
220.600000000,drone0/air_pressure/air_pressure/air_pressure,101324.23055717615,0.0
220.752000000,drone0/air_pressure/air_pressure/air_pressure,101323.68876819941,0.0
220.900000000,drone0/air_pressure/air_pressure/air_pressure,101322.61064320242,0.0
221.052000000,drone0/air_pressure/air_pressure/air_pressure,101320.93551921024,0.0
221.200000000,drone0/air_pressure/air_pressure/air_pressure,101318.75300976257,0.0
221.300000000,drone0/air_pressure/air_pressure/air_pressure,101316.97062025672,0.0
221.452000000,drone0/air_pressure/air_pressure/air_pressure,101313.78634672215,0.0
221.600000000,drone0/air_pressure/air_pressure/air_pressure,101310.1360880604,0.0
221.752000000,drone0/air_pressure/air_pressure/air_pressure,101305.8205933253,0.0
221.900000000,drone0/air_pressure/air_pressure/air_pressure,101301.06623354745,0.0
222.052000000,drone0/air_pressure/air_pressure/air_pressure,101295.61855628603,0.0
222.200000000,drone0/air_pressure/air_pressure/air_pressure,101289.76438628309,0.0
222.300000000,drone0/air_pressure/air_pressure/air_pressure,101285.50063681221,0.0
222.452000000,drone0/air_pressure/air_pressure/air_pressure,101278.842914453,0.0
222.600000000,drone0/air_pressure/air_pressure/air_pressure,101272.81597454319,0.0
222.752000000,drone0/air_pressure/air_pressure/air_pressure,101267.14853635986,0.0
222.900000000,drone0/air_pressure/air_pressure/air_pressure,101262.1398726701,0.0
223.052000000,drone0/air_pressure/air_pressure/air_pressure,101257.6500291092,0.0
223.200000000,drone0/air_pressure/air_pressure/air_pressure,101253.85461853242,0.0
223.300000000,drone0/air_pressure/air_pressure/air_pressure,101251.57078333193,0.0
223.452000000,drone0/air_pressure/air_pressure/air_pressure,101248.53408781704,0.0
223.600000000,drone0/air_pressure/air_pressure/air_pressure,101246.07777058717,0.0
223.752000000,drone0/air_pressure/air_pressure/air_pressure,101244.11438621023,0.0
223.900000000,drone0/air_pressure/air_pressure/air_pressure,101242.76164555213,0.0
224.052000000,drone0/air_pressure/air_pressure/air_pressure,101241.70341928423,0.0
224.200000000,drone0/air_pressure/air_pressure/air_pressure,101240.91630346666,0.0
224.300000000,drone0/air_pressure/air_pressure/air_pressure,101240.49137179772,0.0
224.452000000,drone0/air_pressure/air_pressure/air_pressure,101239.97175276311,0.0
224.600000000,drone0/air_pressure/air_pressure/air_pressure,101239.5797313625,0.0
224.752000000,drone0/air_pressure/air_pressure/air_pressure,101239.28799918116,0.0
224.900000000,drone0/air_pressure/air_pressure/air_pressure,101239.08396555384,0.0
225.052000000,drone0/air_pressure/air_pressure/air_pressure,101238.93335004992,0.0
225.200000000,drone0/air_pressure/air_pressure/air_pressure,101238.82356065429,0.0
225.300000000,drone0/air_pressure/air_pressure/air_pressure,101238.76627206833,0.0
226.352000000,drone0/air_pressure/air_pressure/air_pressure,101238.53427303144,0.0
226.500000000,drone0/air_pressure/air_pressure/air_pressure,101238.53020853316,0.0
226.652000000,drone0/air_pressure/air_pressure/air_pressure,101238.52503684527,0.0
226.752000000,drone0/air_pressure/air_pressure/air_pressure,101238.52279717983,0.0
226.900000000,drone0/air_pressure/air_pressure/air_pressure,101238.51907840969,0.0
227.052000000,drone0/air_pressure/air_pressure/air_pressure,101238.51452379297,0.0
227.200000000,drone0/air_pressure/air_pressure/air_pressure,101238.51019183482,0.0
227.300000000,drone0/air_pressure/air_pressure/air_pressure,101238.50576862496,0.0
227.452000000,drone0/air_pressure/air_pressure/air_pressure,101238.49731392322,0.0
227.600000000,drone0/air_pressure/air_pressure/air_pressure,101238.4894927055,0.0
227.752000000,drone0/air_pressure/air_pressure/air_pressure,101238.48263961553,0.0
227.900000000,drone0/air_pressure/air_pressure/air_pressure,101238.47464578459,0.0
228.052000000,drone0/air_pressure/air_pressure/air_pressure,101238.4641712541,0.0
228.200000000,drone0/air_pressure/air_pressure/air_pressure,101238.45614424432,0.0
228.300000000,drone0/air_pressure/air_pressure/air_pressure,101238.45507843411,0.0
228.452000000,drone0/air_pressure/air_pressure/air_pressure,101238.46300980313,0.0
228.600000000,drone0/air_pressure/air_pressure/air_pressure,101238.48024756687,0.0
228.752000000,drone0/air_pressure/air_pressure/air_pressure,101238.5072945429,0.0
228.900000000,drone0/air_pressure/air_pressure/air_pressure,101238.55738913361,0.0
229.052000000,drone0/air_pressure/air_pressure/air_pressure,101238.84808131985,0.0
229.200000000,drone0/air_pressure/air_pressure/air_pressure,101239.08758399473,0.0
229.300000000,drone0/air_pressure/air_pressure/air_pressure,101239.22065029448,0.0
229.452000000,drone0/air_pressure/air_pressure/air_pressure,101239.39185290998,0.0
229.600000000,drone0/air_pressure/air_pressure/air_pressure,101239.52663260252,0.0
229.752000000,drone0/air_pressure/air_pressure/air_pressure,101239.64212072622,0.0
229.900000000,drone0/air_pressure/air_pressure/air_pressure,101239.73468299583,0.0
230.052000000,drone0/air_pressure/air_pressure/air_pressure,101239.80932673524,0.0
230.200000000,drone0/air_pressure/air_pressure/air_pressure,101239.86809000246,0.0
230.300000000,drone0/air_pressure/air_pressure/air_pressure,101239.90095762465,0.0
230.452000000,drone0/air_pressure/air_pressure/air_pressure,101239.94316826013,0.0
230.600000000,drone0/air_pressure/air_pressure/air_pressure,101239.97155412326,0.0
230.752000000,drone0/air_pressure/air_pressure/air_pressure,101240.00473309262,0.0
230.900000000,drone0/air_pressure/air_pressure/air_pressure,101240.03961129242,0.0
231.052000000,drone0/air_pressure/air_pressure/air_pressure,101240.07527250571,0.0
231.200000000,drone0/air_pressure/air_pressure/air_pressure,101240.1067307049,0.0
231.300000000,drone0/air_pressure/air_pressure/air_pressure,101240.12340613522,0.0
231.452000000,drone0/air_pressure/air_pressure/air_pressure,101240.14529476524,0.0
231.600000000,drone0/air_pressure/air_pressure/air_pressure,101240.16313283665,0.0
231.752000000,drone0/air_pressure/air_pressure/air_pressure,101240.17716676703,0.0
231.900000000,drone0/air_pressure/air_pressure/air_pressure,101240.19117417026,0.0
232.052000000,drone0/air_pressure/air_pressure/air_pressure,101240.2046814289,0.0
232.200000000,drone0/air_pressure/air_pressure/air_pressure,101240.220064486,0.0
232.300000000,drone0/air_pressure/air_pressure/air_pressure,101240.23277785064,0.0
232.452000000,drone0/air_pressure/air_pressure/air_pressure,101240.25054169589,0.0
232.600000000,drone0/air_pressure/air_pressure/air_pressure,101240.26563766284,0.0
232.752000000,drone0/air_pressure/air_pressure/air_pressure,101240.28125068931,0.0
232.900000000,drone0/air_pressure/air_pressure/air_pressure,101240.29665321694,0.0
233.052000000,drone0/air_pressure/air_pressure/air_pressure,101240.31103137475,0.0
233.200000000,drone0/air_pressure/air_pressure/air_pressure,101240.31980215554,0.0
233.300000000,drone0/air_pressure/air_pressure/air_pressure,101240.32516659258,0.0
233.452000000,drone0/air_pressure/air_pressure/air_pressure,101240.33293377678,0.0
233.600000000,drone0/air_pressure/air_pressure/air_pressure,101240.33803297832,0.0
233.752000000,drone0/air_pressure/air_pressure/air_pressure,101240.35645075158,0.0
233.900000000,drone0/air_pressure/air_pressure/air_pressure,101240.38537335832,0.0
234.052000000,drone0/air_pressure/air_pressure/air_pressure,101240.41810081308,0.0
234.200000000,drone0/air_pressure/air_pressure/air_pressure,101240.4503337285,0.0
234.300000000,drone0/air_pressure/air_pressure/air_pressure,101240.47022034596,0.0
234.452000000,drone0/air_pressure/air_pressure/air_pressure,101240.5006162171,0.0
234.600000000,drone0/air_pressure/air_pressure/air_pressure,101240.52874481665,0.0
234.752000000,drone0/air_pressure/air_pressure/air_pressure,101240.55697836072,0.0
234.900000000,drone0/air_pressure/air_pressure/air_pressure,101240.58419584979,0.0
235.052000000,drone0/air_pressure/air_pressure/air_pressure,101240.6108534517,0.0
235.200000000,drone0/air_pressure/air_pressure/air_pressure,101240.63187109205,0.0
235.300000000,drone0/air_pressure/air_pressure/air_pressure,101240.64590418647,0.0
235.452000000,drone0/air_pressure/air_pressure/air_pressure,101240.66563201667,0.0
235.600000000,drone0/air_pressure/air_pressure/air_pressure,101240.6809447511,0.0
235.752000000,drone0/air_pressure/air_pressure/air_pressure,101240.6931600194,0.0
235.900000000,drone0/air_pressure/air_pressure/air_pressure,101240.70141150826,0.0
236.052000000,drone0/air_pressure/air_pressure/air_pressure,101240.70044144576,0.0
236.200000000,drone0/air_pressure/air_pressure/air_pressure,101240.7014457215,0.0
236.300000000,drone0/air_pressure/air_pressure/air_pressure,101240.78017770423,0.0
236.452000000,drone0/air_pressure/air_pressure/air_pressure,101241.32653187124,0.0
236.600000000,drone0/air_pressure/air_pressure/air_pressure,101242.3789490608,0.0
236.752000000,drone0/air_pressure/air_pressure/air_pressure,101243.98979113273,0.0
236.900000000,drone0/air_pressure/air_pressure/air_pressure,101246.07433882034,0.0
237.052000000,drone0/air_pressure/air_pressure/air_pressure,101248.74580757195,0.0
237.200000000,drone0/air_pressure/air_pressure/air_pressure,101251.863703172,0.0
237.300000000,drone0/air_pressure/air_pressure/air_pressure,101254.25924713438,0.0
237.452000000,drone0/air_pressure/air_pressure/air_pressure,101258.34949447495,0.0
237.600000000,drone0/air_pressure/air_pressure/air_pressure,101262.73876553308,0.0
237.752000000,drone0/air_pressure/air_pressure/air_pressure,101266.86002549621,0.0
237.900000000,drone0/air_pressure/air_pressure/air_pressure,101270.32333444695,0.0
238.052000000,drone0/air_pressure/air_pressure/air_pressure,101273.31120575494,0.0
238.200000000,drone0/air_pressure/air_pressure/air_pressure,101275.6576894605,0.0
238.300000000,drone0/air_pressure/air_pressure/air_pressure,101276.94614713476,0.0
239.500000000,drone0/air_pressure/air_pressure/air_pressure,101282.89613201591,0.0
239.652000000,drone0/air_pressure/air_pressure/air_pressure,101283.09750612715,0.0
239.752000000,drone0/air_pressure/air_pressure/air_pressure,101283.20538179841,0.0
239.900000000,drone0/air_pressure/air_pressure/air_pressure,101283.33652282812,0.0
240.500000000,drone0/air_pressure/air_pressure/air_pressure,101283.62884616102,0.0
240.652000000,drone0/air_pressure/air_pressure/air_pressure,101283.66663026965,0.0
240.752000000,drone0/air_pressure/air_pressure/air_pressure,101283.6868545094,0.0
240.900000000,drone0/air_pressure/air_pressure/air_pressure,101283.71014771728,0.0
241.052000000,drone0/air_pressure/air_pressure/air_pressure,101283.72417640724,0.0
241.200000000,drone0/air_pressure/air_pressure/air_pressure,101283.73473334726,0.0
241.300000000,drone0/air_pressure/air_pressure/air_pressure,101283.73832803917,0.0
241.452000000,drone0/air_pressure/air_pressure/air_pressure,101283.74143507401,0.0
241.600000000,drone0/air_pressure/air_pressure/air_pressure,101283.74221406091,0.0
241.752000000,drone0/air_pressure/air_pressure/air_pressure,101283.73953723155,0.0
241.900000000,drone0/air_pressure/air_pressure/air_pressure,101283.73545640474,0.0
242.052000000,drone0/air_pressure/air_pressure/air_pressure,101283.72833692128,0.0
242.200000000,drone0/air_pressure/air_pressure/air_pressure,101283.71969409802,0.0
242.300000000,drone0/air_pressure/air_pressure/air_pressure,101283.71177590842,0.0
242.452000000,drone0/air_pressure/air_pressure/air_pressure,101283.69802697447,0.0
242.600000000,drone0/air_pressure/air_pressure/air_pressure,101283.68373669843,0.0
242.752000000,drone0/air_pressure/air_pressure/air_pressure,101283.66784725987,0.0
242.900000000,drone0/air_pressure/air_pressure/air_pressure,101283.64887730274,0.0
243.052000000,drone0/air_pressure/air_pressure/air_pressure,101283.63685941292,0.0
243.200000000,drone0/air_pressure/air_pressure/air_pressure,101283.64043098372,0.0
243.300000000,drone0/air_pressure/air_pressure/air_pressure,101283.65094878362,0.0
243.452000000,drone0/air_pressure/air_pressure/air_pressure,101283.68034289478,0.0
243.600000000,drone0/air_pressure/air_pressure/air_pressure,101283.81337619954,0.0
243.752000000,drone0/air_pressure/air_pressure/air_pressure,101284.38804517797,0.0
243.900000000,drone0/air_pressure/air_pressure/air_pressure,101285.02679850213,0.0
244.052000000,drone0/air_pressure/air_pressure/air_pressure,101285.55534677446,0.0
244.200000000,drone0/air_pressure/air_pressure/air_pressure,101285.95047946794,0.0
244.300000000,drone0/air_pressure/air_pressure/air_pressure,101286.16936788558,0.0
244.452000000,drone0/air_pressure/air_pressure/air_pressure,101286.44550023433,0.0
244.600000000,drone0/air_pressure/air_pressure/air_pressure,101286.6616170957,0.0
244.752000000,drone0/air_pressure/air_pressure/air_pressure,101286.98405269333,0.0
244.900000000,drone0/air_pressure/air_pressure/air_pressure,101287.53928429303,0.0
245.052000000,drone0/air_pressure/air_pressure/air_pressure,101288.12980218443,0.0
245.200000000,drone0/air_pressure/air_pressure/air_pressure,101288.5928729082,0.0
245.300000000,drone0/air_pressure/air_pressure/air_pressure,101288.85007306997,0.0
245.452000000,drone0/air_pressure/air_pressure/air_pressure,101289.18184350683,0.0
245.600000000,drone0/air_pressure/air_pressure/air_pressure,101289.65316571131,0.0
245.752000000,drone0/air_pressure/air_pressure/air_pressure,101290.03960127429,0.0
245.900000000,drone0/air_pressure/air_pressure/air_pressure,101290.33182540862,0.0
246.052000000,drone0/air_pressure/air_pressure/air_pressure,101290.53746171725,0.0
246.200000000,drone0/air_pressure/air_pressure/air_pressure,101290.31321913737,0.0
246.300000000,drone0/air_pressure/air_pressure/air_pressure,101289.8533836457,0.0
246.452000000,drone0/air_pressure/air_pressure/air_pressure,101288.67571528093,0.0
246.600000000,drone0/air_pressure/air_pressure/air_pressure,101286.9733948363,0.0
246.752000000,drone0/air_pressure/air_pressure/air_pressure,101284.65549466747,0.0
246.900000000,drone0/air_pressure/air_pressure/air_pressure,101281.84417112825,0.0
247.052000000,drone0/air_pressure/air_pressure/air_pressure,101278.38972710753,0.0
247.200000000,drone0/air_pressure/air_pressure/air_pressure,101274.93853984283,0.0
247.300000000,drone0/air_pressure/air_pressure/air_pressure,101272.8800753371,0.0
247.452000000,drone0/air_pressure/air_pressure/air_pressure,101270.18382970447,0.0
247.600000000,drone0/air_pressure/air_pressure/air_pressure,101268.01785091976,0.0
247.752000000,drone0/air_pressure/air_pressure/air_pressure,101266.22354195609,0.0
247.900000000,drone0/air_pressure/air_pressure/air_pressure,101264.88691040692,0.0
248.052000000,drone0/air_pressure/air_pressure/air_pressure,101263.83601969708,0.0
248.200000000,drone0/air_pressure/air_pressure/air_pressure,101263.05347757446,0.0
248.300000000,drone0/air_pressure/air_pressure/air_pressure,101262.57919653143,0.0
248.452000000,drone0/air_pressure/air_pressure/air_pressure,101261.66289903181,0.0
248.600000000,drone0/air_pressure/air_pressure/air_pressure,101260.94665920227,0.0
248.752000000,drone0/air_pressure/air_pressure/air_pressure,101260.37496581239,0.0
248.900000000,drone0/air_pressure/air_pressure/air_pressure,101259.54293578766,0.0
249.052000000,drone0/air_pressure/air_pressure/air_pressure,101258.31637340228,0.0
249.200000000,drone0/air_pressure/air_pressure/air_pressure,101257.347659022,0.0
249.300000000,drone0/air_pressure/air_pressure/air_pressure,101256.82129711258,0.0
249.452000000,drone0/air_pressure/air_pressure/air_pressure,101256.1812666782,0.0
249.600000000,drone0/air_pressure/air_pressure/air_pressure,101255.7041916,0.0
249.752000000,drone0/air_pressure/air_pressure/air_pressure,101255.33678918377,0.0
249.900000000,drone0/air_pressure/air_pressure/air_pressure,101255.07573053527,0.0
250.052000000,drone0/air_pressure/air_pressure/air_pressure,101254.87997443,0.0
250.200000000,drone0/air_pressure/air_pressure/air_pressure,101254.74142773793,0.0
250.300000000,drone0/air_pressure/air_pressure/air_pressure,101254.67093894526,0.0
250.452000000,drone0/air_pressure/air_pressure/air_pressure,101254.5906819301,0.0
250.600000000,drone0/air_pressure/air_pressure/air_pressure,101254.5357444441,0.0
250.752000000,drone0/air_pressure/air_pressure/air_pressure,101254.5003169395,0.0
250.900000000,drone0/air_pressure/air_pressure/air_pressure,101254.47999941713,0.0
251.052000000,drone0/air_pressure/air_pressure/air_pressure,101254.45960438723,0.0
251.200000000,drone0/air_pressure/air_pressure/air_pressure,101254.43982770911,0.0
251.300000000,drone0/air_pressure/air_pressure/air_pressure,101254.43276399934,0.0
251.452000000,drone0/air_pressure/air_pressure/air_pressure,101254.43389989171,0.0
251.600000000,drone0/air_pressure/air_pressure/air_pressure,101254.44762299511,0.0
251.752000000,drone0/air_pressure/air_pressure/air_pressure,101254.46906484578,0.0
251.900000000,drone0/air_pressure/air_pressure/air_pressure,101254.4977330814,0.0
253.500000000,drone0/air_pressure/air_pressure/air_pressure,101254.82868526259,0.0
253.652000000,drone0/air_pressure/air_pressure/air_pressure,101254.86787999187,0.0
253.752000000,drone0/air_pressure/air_pressure/air_pressure,101254.89269163413,0.0
253.900000000,drone0/air_pressure/air_pressure/air_pressure,101254.92492552378,0.0
254.052000000,drone0/air_pressure/air_pressure/air_pressure,101254.94866926411,0.0
254.200000000,drone0/air_pressure/air_pressure/air_pressure,101254.96884271722,0.0
254.300000000,drone0/air_pressure/air_pressure/air_pressure,101254.9795488307,0.0
254.452000000,drone0/air_pressure/air_pressure/air_pressure,101254.99163487328,0.0
254.600000000,drone0/air_pressure/air_pressure/air_pressure,101255.00078635734,0.0
254.752000000,drone0/air_pressure/air_pressure/air_pressure,101255.00727105481,0.0
254.900000000,drone0/air_pressure/air_pressure/air_pressure,101255.00978682631,0.0
255.052000000,drone0/air_pressure/air_pressure/air_pressure,101255.00944203412,0.0
255.200000000,drone0/air_pressure/air_pressure/air_pressure,101255.01379743963,0.0
255.300000000,drone0/air_pressure/air_pressure/air_pressure,101255.01771225056,0.0
255.452000000,drone0/air_pressure/air_pressure/air_pressure,101255.02388773716,0.0
255.600000000,drone0/air_pressure/air_pressure/air_pressure,101255.14254309912,0.0
255.752000000,drone0/air_pressure/air_pressure/air_pressure,101255.72063664798,0.0
255.900000000,drone0/air_pressure/air_pressure/air_pressure,101256.7898180603,0.0
256.052000000,drone0/air_pressure/air_pressure/air_pressure,101258.4105995763,0.0
256.200000000,drone0/air_pressure/air_pressure/air_pressure,101260.49933716859,0.0
256.300000000,drone0/air_pressure/air_pressure/air_pressure,101262.19593950124,0.0
256.452000000,drone0/air_pressure/air_pressure/air_pressure,101265.21662150568,0.0
256.552000000,drone0/air_pressure/air_pressure/air_pressure,101267.49515738348,0.0
256.700000000,drone0/air_pressure/air_pressure/air_pressure,101271.28530917913,0.0
256.800000000,drone0/air_pressure/air_pressure/air_pressure,101274.12833626197,0.0
256.952000000,drone0/air_pressure/air_pressure/air_pressure,101278.88601783765,0.0
257.052000000,drone0/air_pressure/air_pressure/air_pressure,101282.30738518355,0.0
257.200000000,drone0/air_pressure/air_pressure/air_pressure,101287.78737774787,0.0
257.300000000,drone0/air_pressure/air_pressure/air_pressure,101291.73834940222,0.0
257.452000000,drone0/air_pressure/air_pressure/air_pressure,101297.43353403905,0.0
257.552000000,drone0/air_pressure/air_pressure/air_pressure,101300.8662955085,0.0
257.700000000,drone0/air_pressure/air_pressure/air_pressure,101305.4920368313,0.0
257.800000000,drone0/air_pressure/air_pressure/air_pressure,101308.30666244758,0.0
257.952000000,drone0/air_pressure/air_pressure/air_pressure,101312.09967594616,0.0
258.052000000,drone0/air_pressure/air_pressure/air_pressure,101314.28020416848,0.0
258.200000000,drone0/air_pressure/air_pressure/air_pressure,101317.05186002867,0.0
258.300000000,drone0/air_pressure/air_pressure/air_pressure,101318.61653885627,0.0
258.452000000,drone0/air_pressure/air_pressure/air_pressure,101320.53779794383,0.0
258.552000000,drone0/air_pressure/air_pressure/air_pressure,101321.5431392151,0.0
258.700000000,drone0/air_pressure/air_pressure/air_pressure,101322.73682974711,0.0
258.800000000,drone0/air_pressure/air_pressure/air_pressure,101323.38341401456,0.0
258.952000000,drone0/air_pressure/air_pressure/air_pressure,101324.14506427501,0.0
259.052000000,drone0/air_pressure/air_pressure/air_pressure,101324.34033486631,0.0
259.200000000,drone0/air_pressure/air_pressure/air_pressure,101324.22808555502,0.0
259.300000000,drone0/air_pressure/air_pressure/air_pressure,101324.13717607634,0.0
259.452000000,drone0/air_pressure/air_pressure/air_pressure,101324.01628196643,0.0
259.552000000,drone0/air_pressure/air_pressure/air_pressure,101323.95541936696,0.0
259.700000000,drone0/air_pressure/air_pressure/air_pressure,101323.8878491758,0.0
259.800000000,drone0/air_pressure/air_pressure/air_pressure,101323.85427345693,0.0
259.952000000,drone0/air_pressure/air_pressure/air_pressure,101323.81491561826,0.0
260.052000000,drone0/air_pressure/air_pressure/air_pressure,101323.79609034663,0.0
260.200000000,drone0/air_pressure/air_pressure/air_pressure,101323.66547402367,0.0
261.352000000,drone0/air_pressure/air_pressure/air_pressure,101311.81623644805,0.0
261.452000000,drone0/air_pressure/air_pressure/air_pressure,101311.22985617016,0.0
261.552000000,drone0/air_pressure/air_pressure/air_pressure,101310.73852390486,0.0
261.700000000,drone0/air_pressure/air_pressure/air_pressure,101310.16358873164,0.0
261.800000000,drone0/air_pressure/air_pressure/air_pressure,101309.86107484174,0.0
261.952000000,drone0/air_pressure/air_pressure/air_pressure,101309.49984310818,0.0
262.052000000,drone0/air_pressure/air_pressure/air_pressure,101309.31393526554,0.0
262.200000000,drone0/air_pressure/air_pressure/air_pressure,101309.09536399622,0.0
262.300000000,drone0/air_pressure/air_pressure/air_pressure,101308.9779364041,0.0
262.452000000,drone0/air_pressure/air_pressure/air_pressure,101308.83530319188,0.0
262.552000000,drone0/air_pressure/air_pressure/air_pressure,101308.76091669219,0.0
262.700000000,drone0/air_pressure/air_pressure/air_pressure,101308.67328826705,0.0
262.800000000,drone0/air_pressure/air_pressure/air_pressure,101308.62529308439,0.0
262.952000000,drone0/air_pressure/air_pressure/air_pressure,101308.56475175839,0.0
263.052000000,drone0/air_pressure/air_pressure/air_pressure,101308.531174038,0.0
263.200000000,drone0/air_pressure/air_pressure/air_pressure,101308.48867882084,0.0
263.300000000,drone0/air_pressure/air_pressure/air_pressure,101308.46469072471,0.0
263.452000000,drone0/air_pressure/air_pressure/air_pressure,101308.43635583337,0.0
263.552000000,drone0/air_pressure/air_pressure/air_pressure,101308.42136961904,0.0
263.700000000,drone0/air_pressure/air_pressure/air_pressure,101308.40243205657,0.0
263.800000000,drone0/air_pressure/air_pressure/air_pressure,101308.39185001694,0.0
263.952000000,drone0/air_pressure/air_pressure/air_pressure,101308.37959649511,0.0
264.052000000,drone0/air_pressure/air_pressure/air_pressure,101308.37015297367,0.0
264.200000000,drone0/air_pressure/air_pressure/air_pressure,101308.35314228837,0.0
264.300000000,drone0/air_pressure/air_pressure/air_pressure,101308.33140170826,0.0
264.452000000,drone0/air_pressure/air_pressure/air_pressure,101308.26123110959,0.0
264.552000000,drone0/air_pressure/air_pressure/air_pressure,101308.21736094066,0.0
264.700000000,drone0/air_pressure/air_pressure/air_pressure,101308.17140046367,0.0
264.800000000,drone0/air_pressure/air_pressure/air_pressure,101308.15268051295,0.0
264.952000000,drone0/air_pressure/air_pressure/air_pressure,101308.1417377042,0.0
265.052000000,drone0/air_pressure/air_pressure/air_pressure,101308.14288865916,0.0
265.200000000,drone0/air_pressure/air_pressure/air_pressure,101308.15028580064,0.0
265.300000000,drone0/air_pressure/air_pressure/air_pressure,101308.15751272913,0.0
265.452000000,drone0/air_pressure/air_pressure/air_pressure,101308.17417768454,0.0
265.552000000,drone0/air_pressure/air_pressure/air_pressure,101308.18640046463,0.0
265.700000000,drone0/air_pressure/air_pressure/air_pressure,101308.20597530477,0.0
265.800000000,drone0/air_pressure/air_pressure/air_pressure,101308.21867701106,0.0
265.952000000,drone0/air_pressure/air_pressure/air_pressure,101308.23699979018,0.0
266.052000000,drone0/air_pressure/air_pressure/air_pressure,101308.2478644465,0.0
266.200000000,drone0/air_pressure/air_pressure/air_pressure,101308.2634958542,0.0
266.300000000,drone0/air_pressure/air_pressure/air_pressure,101308.27322984989,0.0
266.452000000,drone0/air_pressure/air_pressure/air_pressure,101308.2873275455,0.0
266.552000000,drone0/air_pressure/air_pressure/air_pressure,101308.29746311606,0.0
266.700000000,drone0/air_pressure/air_pressure/air_pressure,101308.30910146348,0.0
266.800000000,drone0/air_pressure/air_pressure/air_pressure,101308.3147799803,0.0
266.952000000,drone0/air_pressure/air_pressure/air_pressure,101308.32051828857,0.0
267.052000000,drone0/air_pressure/air_pressure/air_pressure,101308.32247830868,0.0
267.200000000,drone0/air_pressure/air_pressure/air_pressure,101308.32349853605,0.0
267.300000000,drone0/air_pressure/air_pressure/air_pressure,101308.32369020172,0.0
267.452000000,drone0/air_pressure/air_pressure/air_pressure,101308.32251265718,0.0
267.552000000,drone0/air_pressure/air_pressure/air_pressure,101308.32132897596,0.0
267.700000000,drone0/air_pressure/air_pressure/air_pressure,101308.32163959793,0.0
267.800000000,drone0/air_pressure/air_pressure/air_pressure,101308.32145610954,0.0
267.952000000,drone0/air_pressure/air_pressure/air_pressure,101308.31932588437,0.0
268.052000000,drone0/air_pressure/air_pressure/air_pressure,101308.31786991554,0.0
269.300000000,drone0/air_pressure/air_pressure/air_pressure,101308.31352743205,0.0
269.452000000,drone0/air_pressure/air_pressure/air_pressure,101308.31338868884,0.0
269.552000000,drone0/air_pressure/air_pressure/air_pressure,101308.31157045781,0.0
269.700000000,drone0/air_pressure/air_pressure/air_pressure,101308.30659781274,0.0
269.800000000,drone0/air_pressure/air_pressure/air_pressure,101308.30217665814,0.0
269.952000000,drone0/air_pressure/air_pressure/air_pressure,101308.29395890853,0.0
270.052000000,drone0/air_pressure/air_pressure/air_pressure,101308.28752223465,0.0
270.200000000,drone0/air_pressure/air_pressure/air_pressure,101308.27486499568,0.0
270.300000000,drone0/air_pressure/air_pressure/air_pressure,101308.26542049664,0.0
270.452000000,drone0/air_pressure/air_pressure/air_pressure,101308.2571916473,0.0
270.552000000,drone0/air_pressure/air_pressure/air_pressure,101308.25343573684,0.0
270.700000000,drone0/air_pressure/air_pressure/air_pressure,101308.24896452026,0.0
270.800000000,drone0/air_pressure/air_pressure/air_pressure,101308.24655564947,0.0
270.952000000,drone0/air_pressure/air_pressure/air_pressure,101308.24280153935,0.0
271.052000000,drone0/air_pressure/air_pressure/air_pressure,101308.2398174378,0.0
271.200000000,drone0/air_pressure/air_pressure/air_pressure,101308.23428595584,0.0
271.300000000,drone0/air_pressure/air_pressure/air_pressure,101308.2291812383,0.0
271.452000000,drone0/air_pressure/air_pressure/air_pressure,101308.22292127849,0.0
271.552000000,drone0/air_pressure/air_pressure/air_pressure,101308.21964526662,0.0
271.700000000,drone0/air_pressure/air_pressure/air_pressure,101308.2138962169,0.0
