<?xml version="1.0" encoding="UTF-8"?>
<gpx version="1.1" creator="as2_gazebo_assets sensor_recorder" xmlns="http://www.topografix.com/GPX/1/1">
  <trk><name>gps</name><trkseg>
    <trkpt lat="52.229707060" lon="21.012188120"><ele>0.612</ele><time>1970-01-01T00:00:07.980000Z</time></trkpt>
    <trkpt lat="52.229714094" lon="21.012181563"><ele>0.841</ele><time>1970-01-01T00:00:08.084000Z</time></trkpt>
    <trkpt lat="52.229699615" lon="21.012188705"><ele>-1.796</ele><time>1970-01-01T00:00:08.188000Z</time></trkpt>
    <trkpt lat="52.229697550" lon="21.012217004"><ele>-0.288</ele><time>1970-01-01T00:00:08.292000Z</time></trkpt>
    <trkpt lat="52.229678180" lon="21.012177024"><ele>2.066</ele><time>1970-01-01T00:00:08.400000Z</time></trkpt>
    <trkpt lat="52.229685317" lon="21.012200053"><ele>-1.867</ele><time>1970-01-01T00:00:08.600000Z</time></trkpt>
    <trkpt lat="52.229686020" lon="21.012216726"><ele>2.148</ele><time>1970-01-01T00:00:08.800000Z</time></trkpt>
    <trkpt lat="52.229702688" lon="21.012191792"><ele>5.263</ele><time>1970-01-01T00:00:09Z</time></trkpt>
    <trkpt lat="52.229730571" lon="21.012179501"><ele>5.492</ele><time>1970-01-01T00:00:09.200000Z</time></trkpt>
    <trkpt lat="52.229718593" lon="21.012226871"><ele>-5.790</ele><time>1970-01-01T00:00:09.300000Z</time></trkpt>
    <trkpt lat="52.229682666" lon="21.012205927"><ele>2.003</ele><time>1970-01-01T00:00:09.500000Z</time></trkpt>
    <trkpt lat="52.229710194" lon="21.012180909"><ele>0.929</ele><time>1970-01-01T00:00:09.700000Z</time></trkpt>
    <trkpt lat="52.229701762" lon="21.012197513"><ele>-0.393</ele><time>1970-01-01T00:00:09.800000Z</time></trkpt>
    <trkpt lat="52.229688891" lon="21.012211346"><ele>2.270</ele><time>1970-01-01T00:00:10Z</time></trkpt>
    <trkpt lat="52.229701924" lon="21.012201257"><ele>-2.151</ele><time>1970-01-01T00:00:10.200000Z</time></trkpt>
    <trkpt lat="52.229683449" lon="21.012225341"><ele>2.052</ele><time>1970-01-01T00:00:10.300000Z</time></trkpt>
    <trkpt lat="52.229690908" lon="21.012196374"><ele>5.067</ele><time>1970-01-01T00:00:10.500000Z</time></trkpt>
    <trkpt lat="52.229712717" lon="21.012216552"><ele>-1.920</ele><time>1970-01-01T00:00:10.700000Z</time></trkpt>
    <trkpt lat="52.229702502" lon="21.012185342"><ele>0.237</ele><time>1970-01-01T00:00:10.800000Z</time></trkpt>
    <trkpt lat="52.229699340" lon="21.012185579"><ele>-1.588</ele><time>1970-01-01T00:00:11Z</time></trkpt>
    <trkpt lat="52.229689382" lon="21.012202288"><ele>0.994</ele><time>1970-01-01T00:00:11.200000Z</time></trkpt>
    <trkpt lat="52.229707582" lon="21.012183446"><ele>0.723</ele><time>1970-01-01T00:00:11.300000Z</time></trkpt>
    <trkpt lat="52.229699498" lon="21.012201346"><ele>3.378</ele><time>1970-01-01T00:00:11.500000Z</time></trkpt>
    <trkpt lat="52.229682084" lon="21.012190600"><ele>1.635</ele><time>1970-01-01T00:00:11.700000Z</time></trkpt>
    <trkpt lat="52.229693586" lon="21.012204358"><ele>0.675</ele><time>1970-01-01T00:00:11.800000Z</time></trkpt>
    <trkpt lat="52.229677440" lon="21.012199376"><ele>0.803</ele><time>1970-01-01T00:00:12Z</time></trkpt>
    <trkpt lat="52.229696474" lon="21.012211791"><ele>-3.258</ele><time>1970-01-01T00:00:12.200000Z</time></trkpt>
    <trkpt lat="52.229714666" lon="21.012206430"><ele>2.917</ele><time>1970-01-01T00:00:12.300000Z</time></trkpt>
    <trkpt lat="52.229701603" lon="21.012177871"><ele>-2.397</ele><time>1970-01-01T00:00:12.500000Z</time></trkpt>
    <trkpt lat="52.229678946" lon="21.012199669"><ele>-2.570</ele><time>1970-01-01T00:00:12.700000Z</time></trkpt>
    <trkpt lat="52.229701366" lon="21.012191962"><ele>-3.238</ele><time>1970-01-01T00:00:12.800000Z</time></trkpt>
    <trkpt lat="52.229686640" lon="21.012180569"><ele>0.729</ele><time>1970-01-01T00:00:13Z</time></trkpt>
    <trkpt lat="52.229697652" lon="21.012207488"><ele>-0.598</ele><time>1970-01-01T00:00:13.200000Z</time></trkpt>
    <trkpt lat="52.229729668" lon="21.012198104"><ele>-0.485</ele><time>1970-01-01T00:00:13.300000Z</time></trkpt>
    <trkpt lat="52.229707334" lon="21.012201952"><ele>2.997</ele><time>1970-01-01T00:00:13.500000Z</time></trkpt>
    <trkpt lat="52.229680712" lon="21.012190726"><ele>-0.481</ele><time>1970-01-01T00:00:13.700000Z</time></trkpt>
    <trkpt lat="52.229685451" lon="21.012190420"><ele>-2.337</ele><time>1970-01-01T00:00:13.800000Z</time></trkpt>
    <trkpt lat="52.229670028" lon="21.012172719"><ele>-2.889</ele><time>1970-01-01T00:00:14Z</time></trkpt>
    <trkpt lat="52.229683562" lon="21.012209120"><ele>3.971</ele><time>1970-01-01T00:00:14.200000Z</time></trkpt>
    <trkpt lat="52.229696765" lon="21.012181302"><ele>-3.591</ele><time>1970-01-01T00:00:14.300000Z</time></trkpt>
    <trkpt lat="52.229687552" lon="21.012180984"><ele>-1.107</ele><time>1970-01-01T00:00:14.500000Z</time></trkpt>
    <trkpt lat="52.229679371" lon="21.012187578"><ele>2.622</ele><time>1970-01-01T00:00:14.700000Z</time></trkpt>
    <trkpt lat="52.229695845" lon="21.012197032"><ele>1.248</ele><time>1970-01-01T00:00:14.800000Z</time></trkpt>
    <trkpt lat="52.229731910" lon="21.012201668"><ele>4.416</ele><time>1970-01-01T00:00:15Z</time></trkpt>
    <trkpt lat="52.229694178" lon="21.012178269"><ele>-1.092</ele><time>1970-01-01T00:00:15.200000Z</time></trkpt>
    <trkpt lat="52.229689199" lon="21.012177702"><ele>5.306</ele><time>1970-01-01T00:00:15.300000Z</time></trkpt>
    <trkpt lat="52.229699770" lon="21.012188262"><ele>-0.283</ele><time>1970-01-01T00:00:15.500000Z</time></trkpt>
    <trkpt lat="52.229685063" lon="21.012204738"><ele>0.411</ele><time>1970-01-01T00:00:15.700000Z</time></trkpt>
    <trkpt lat="52.229696921" lon="21.012210499"><ele>-2.212</ele><time>1970-01-01T00:00:15.800000Z</time></trkpt>
    <trkpt lat="52.229709325" lon="21.012191498"><ele>-3.289</ele><time>1970-01-01T00:00:16Z</time></trkpt>
    <trkpt lat="52.229703397" lon="21.012181402"><ele>2.509</ele><time>1970-01-01T00:00:16.100000Z</time></trkpt>
    <trkpt lat="52.229701874" lon="21.012200458"><ele>-0.603</ele><time>1970-01-01T00:00:16.300000Z</time></trkpt>
    <trkpt lat="52.229701743" lon="21.012181277"><ele>-0.785</ele><time>1970-01-01T00:00:16.500000Z</time></trkpt>
    <trkpt lat="52.229686171" lon="21.012223424"><ele>-1.379</ele><time>1970-01-01T00:00:16.600000Z</time></trkpt>
    <trkpt lat="52.229705079" lon="21.012198391"><ele>5.593</ele><time>1970-01-01T00:00:16.800000Z</time></trkpt>
    <trkpt lat="52.229696059" lon="21.012188891"><ele>-4.264</ele><time>1970-01-01T00:00:17Z</time></trkpt>
    <trkpt lat="52.229696726" lon="21.012175799"><ele>2.406</ele><time>1970-01-01T00:00:17.100000Z</time></trkpt>
    <trkpt lat="52.229704895" lon="21.012209246"><ele>-2.196</ele><time>1970-01-01T00:00:17.300000Z</time></trkpt>
    <trkpt lat="52.229682642" lon="21.012217434"><ele>2.524</ele><time>1970-01-01T00:00:17.500000Z</time></trkpt>
    <trkpt lat="52.229702730" lon="21.012203372"><ele>-0.509</ele><time>1970-01-01T00:00:17.600000Z</time></trkpt>
    <trkpt lat="52.229696060" lon="21.012185482"><ele>-0.071</ele><time>1970-01-01T00:00:17.800000Z</time></trkpt>
    <trkpt lat="52.229698682" lon="21.012212597"><ele>0.319</ele><time>1970-01-01T00:00:18Z</time></trkpt>
    <trkpt lat="52.229691575" lon="21.012207791"><ele>3.271</ele><time>1970-01-01T00:00:18.100000Z</time></trkpt>
    <trkpt lat="52.229676080" lon="21.012199577"><ele>1.536</ele><time>1970-01-01T00:00:18.300000Z</time></trkpt>
    <trkpt lat="52.229670031" lon="21.012207375"><ele>6.368</ele><time>1970-01-01T00:00:18.500000Z</time></trkpt>
    <trkpt lat="52.229690611" lon="21.012210529"><ele>-4.549</ele><time>1970-01-01T00:00:18.600000Z</time></trkpt>
    <trkpt lat="52.229712579" lon="21.012191216"><ele>-1.744</ele><time>1970-01-01T00:00:18.800000Z</time></trkpt>
    <trkpt lat="52.229689954" lon="21.012213089"><ele>-0.146</ele><time>1970-01-01T00:00:19Z</time></trkpt>
    <trkpt lat="52.229695141" lon="21.012170243"><ele>1.635</ele><time>1970-01-01T00:00:19.100000Z</time></trkpt>
    <trkpt lat="52.229726359" lon="21.012185672"><ele>0.954</ele><time>1970-01-01T00:00:19.300000Z</time></trkpt>
    <trkpt lat="52.229704032" lon="21.012193932"><ele>4.068</ele><time>1970-01-01T00:00:19.500000Z</time></trkpt>
    <trkpt lat="52.229695528" lon="21.012180609"><ele>-1.047</ele><time>1970-01-01T00:00:19.600000Z</time></trkpt>
    <trkpt lat="52.229686354" lon="21.012176689"><ele>-3.809</ele><time>1970-01-01T00:00:19.800000Z</time></trkpt>
    <trkpt lat="52.229707787" lon="21.012192003"><ele>-1.501</ele><time>1970-01-01T00:00:20Z</time></trkpt>
    <trkpt lat="52.229692700" lon="21.012190929"><ele>11.142</ele><time>1970-01-01T00:00:20.100000Z</time></trkpt>
    <trkpt lat="52.229697872" lon="21.012207534"><ele>-1.655</ele><time>1970-01-01T00:00:20.300000Z</time></trkpt>
    <trkpt lat="52.229675000" lon="21.012213121"><ele>-1.520</ele><time>1970-01-01T00:00:20.500000Z</time></trkpt>
    <trkpt lat="52.229704884" lon="21.012194396"><ele>1.173</ele><time>1970-01-01T00:00:20.600000Z</time></trkpt>
    <trkpt lat="52.229670267" lon="21.012204232"><ele>3.228</ele><time>1970-01-01T00:00:20.800000Z</time></trkpt>
    <trkpt lat="52.229689682" lon="21.012189972"><ele>1.580</ele><time>1970-01-01T00:00:21Z</time></trkpt>
    <trkpt lat="52.229724813" lon="21.012189892"><ele>-1.754</ele><time>1970-01-01T00:00:21.100000Z</time></trkpt>
    <trkpt lat="52.229723982" lon="21.012185956"><ele>0.247</ele><time>1970-01-01T00:00:21.300000Z</time></trkpt>
    <trkpt lat="52.229701578" lon="21.012187204"><ele>0.355</ele><time>1970-01-01T00:00:21.500000Z</time></trkpt>
    <trkpt lat="52.229684591" lon="21.012194491"><ele>0.262</ele><time>1970-01-01T00:00:21.600000Z</time></trkpt>
    <trkpt lat="52.229684812" lon="21.012175882"><ele>2.075</ele><time>1970-01-01T00:00:21.800000Z</time></trkpt>
    <trkpt lat="52.229735182" lon="21.012206149"><ele>-1.648</ele><time>1970-01-01T00:00:22Z</time></trkpt>
    <trkpt lat="52.229700831" lon="21.012158921"><ele>-2.985</ele><time>1970-01-01T00:00:22.100000Z</time></trkpt>
    <trkpt lat="52.229709072" lon="21.012200054"><ele>7.931</ele><time>1970-01-01T00:00:22.300000Z</time></trkpt>
    <trkpt lat="52.229699418" lon="21.012183824"><ele>-2.351</ele><time>1970-01-01T00:00:22.500000Z</time></trkpt>
    <trkpt lat="52.229690299" lon="21.012187541"><ele>-2.140</ele><time>1970-01-01T00:00:22.600000Z</time></trkpt>
    <trkpt lat="52.229702627" lon="21.012217331"><ele>-2.356</ele><time>1970-01-01T00:00:22.800000Z</time></trkpt>
    <trkpt lat="52.229711746" lon="21.012206216"><ele>-1.724</ele><time>1970-01-01T00:00:23Z</time></trkpt>
    <trkpt lat="52.229682314" lon="21.012207888"><ele>5.248</ele><time>1970-01-01T00:00:23.100000Z</time></trkpt>
    <trkpt lat="52.229706458" lon="21.012208316"><ele>3.280</ele><time>1970-01-01T00:00:23.300000Z</time></trkpt>
    <trkpt lat="52.229688952" lon="21.012208717"><ele>-2.567</ele><time>1970-01-01T00:00:23.500000Z</time></trkpt>
    <trkpt lat="52.229724454" lon="21.012185578"><ele>-2.226</ele><time>1970-01-01T00:00:23.600000Z</time></trkpt>
    <trkpt lat="52.229698021" lon="21.012180499"><ele>0.476</ele><time>1970-01-01T00:00:23.800000Z</time></trkpt>
    <trkpt lat="52.229709472" lon="21.012216983"><ele>3.577</ele><time>1970-01-01T00:00:24Z</time></trkpt>
    <trkpt lat="52.229695234" lon="21.012212667"><ele>0.693</ele><time>1970-01-01T00:00:24.100000Z</time></trkpt>
    <trkpt lat="52.229707766" lon="21.012197735"><ele>-3.028</ele><time>1970-01-01T00:00:24.300000Z</time></trkpt>
    <trkpt lat="52.229699549" lon="21.012192776"><ele>-1.332</ele><time>1970-01-01T00:00:24.500000Z</time></trkpt>
    <trkpt lat="52.229697782" lon="21.012197078"><ele>-2.061</ele><time>1970-01-01T00:00:24.600000Z</time></trkpt>
    <trkpt lat="52.229699712" lon="21.012178955"><ele>1.032</ele><time>1970-01-01T00:00:24.800000Z</time></trkpt>
    <trkpt lat="52.229679230" lon="21.012204150"><ele>2.557</ele><time>1970-01-01T00:00:25Z</time></trkpt>
    <trkpt lat="52.229700422" lon="21.012162958"><ele>-1.283</ele><time>1970-01-01T00:00:25.100000Z</time></trkpt>
    <trkpt lat="52.229722333" lon="21.012204669"><ele>-0.748</ele><time>1970-01-01T00:00:25.300000Z</time></trkpt>
    <trkpt lat="52.229716461" lon="21.012190481"><ele>-4.129</ele><time>1970-01-01T00:00:25.500000Z</time></trkpt>
    <trkpt lat="52.229693437" lon="21.012204278"><ele>-0.390</ele><time>1970-01-01T00:00:25.600000Z</time></trkpt>
    <trkpt lat="52.229682960" lon="21.012188703"><ele>3.161</ele><time>1970-01-01T00:00:25.800000Z</time></trkpt>
    <trkpt lat="52.229713782" lon="21.012195014"><ele>2.152</ele><time>1970-01-01T00:00:26Z</time></trkpt>
    <trkpt lat="52.229718086" lon="21.012210701"><ele>0.658</ele><time>1970-01-01T00:00:26.100000Z</time></trkpt>
    <trkpt lat="52.229685411" lon="21.012231578"><ele>7.537</ele><time>1970-01-01T00:00:26.300000Z</time></trkpt>
    <trkpt lat="52.229685317" lon="21.012197780"><ele>1.927</ele><time>1970-01-01T00:00:26.500000Z</time></trkpt>
    <trkpt lat="52.229696085" lon="21.012180945"><ele>3.606</ele><time>1970-01-01T00:00:26.600000Z</time></trkpt>
    <trkpt lat="52.229697253" lon="21.012220141"><ele>1.688</ele><time>1970-01-01T00:00:26.800000Z</time></trkpt>
    <trkpt lat="52.229723646" lon="21.012211056"><ele>3.457</ele><time>1970-01-01T00:00:27Z</time></trkpt>
    <trkpt lat="52.229684019" lon="21.012199009"><ele>-1.088</ele><time>1970-01-01T00:00:27.100000Z</time></trkpt>
    <trkpt lat="52.229713861" lon="21.012194252"><ele>2.317</ele><time>1970-01-01T00:00:27.300000Z</time></trkpt>
    <trkpt lat="52.229693483" lon="21.012195510"><ele>4.970</ele><time>1970-01-01T00:00:27.500000Z</time></trkpt>
    <trkpt lat="52.229679432" lon="21.012205613"><ele>-6.037</ele><time>1970-01-01T00:00:27.600000Z</time></trkpt>
    <trkpt lat="52.229703160" lon="21.012182910"><ele>6.079</ele><time>1970-01-01T00:00:27.800000Z</time></trkpt>
    <trkpt lat="52.229712711" lon="21.012203463"><ele>-0.045</ele><time>1970-01-01T00:00:28Z</time></trkpt>
    <trkpt lat="52.229694849" lon="21.012185802"><ele>1.613</ele><time>1970-01-01T00:00:28.100000Z</time></trkpt>
    <trkpt lat="52.229693263" lon="21.012198135"><ele>-0.033</ele><time>1970-01-01T00:00:28.300000Z</time></trkpt>
    <trkpt lat="52.229692348" lon="21.012202098"><ele>1.824</ele><time>1970-01-01T00:00:28.500000Z</time></trkpt>
    <trkpt lat="52.229691436" lon="21.012199891"><ele>-0.143</ele><time>1970-01-01T00:00:28.600000Z</time></trkpt>
    <trkpt lat="52.229687674" lon="21.012207066"><ele>2.171</ele><time>1970-01-01T00:00:28.800000Z</time></trkpt>
    <trkpt lat="52.229698436" lon="21.012196931"><ele>-0.593</ele><time>1970-01-01T00:00:29Z</time></trkpt>
    <trkpt lat="52.229706163" lon="21.012199927"><ele>0.802</ele><time>1970-01-01T00:00:29.100000Z</time></trkpt>
    <trkpt lat="52.229722674" lon="21.012207644"><ele>-2.130</ele><time>1970-01-01T00:00:29.300000Z</time></trkpt>
    <trkpt lat="52.229703493" lon="21.012185613"><ele>-2.814</ele><time>1970-01-01T00:00:29.500000Z</time></trkpt>
    <trkpt lat="52.229707582" lon="21.012209143"><ele>-0.806</ele><time>1970-01-01T00:00:29.600000Z</time></trkpt>
    <trkpt lat="52.229689112" lon="21.012205885"><ele>-0.367</ele><time>1970-01-01T00:00:29.800000Z</time></trkpt>
    <trkpt lat="52.229710787" lon="21.012180033"><ele>7.149</ele><time>1970-01-01T00:00:30Z</time></trkpt>
    <trkpt lat="52.229679817" lon="21.012186543"><ele>2.048</ele><time>1970-01-01T00:00:30.100000Z</time></trkpt>
    <trkpt lat="52.229705507" lon="21.012206736"><ele>0.908</ele><time>1970-01-01T00:00:30.300000Z</time></trkpt>
    <trkpt lat="52.229704772" lon="21.012167291"><ele>1.496</ele><time>1970-01-01T00:00:30.500000Z</time></trkpt>
    <trkpt lat="52.229696028" lon="21.012175301"><ele>-3.620</ele><time>1970-01-01T00:00:30.600000Z</time></trkpt>
    <trkpt lat="52.229703157" lon="21.012191425"><ele>-3.638</ele><time>1970-01-01T00:00:30.800000Z</time></trkpt>
    <trkpt lat="52.229699706" lon="21.012194987"><ele>2.267</ele><time>1970-01-01T00:00:31Z</time></trkpt>
    <trkpt lat="52.229704225" lon="21.012225350"><ele>3.152</ele><time>1970-01-01T00:00:31.100000Z</time></trkpt>
    <trkpt lat="52.229714260" lon="21.012195896"><ele>-1.682</ele><time>1970-01-01T00:00:31.300000Z</time></trkpt>
    <trkpt lat="52.229723638" lon="21.012218151"><ele>-2.677</ele><time>1970-01-01T00:00:31.500000Z</time></trkpt>
    <trkpt lat="52.229705663" lon="21.012189198"><ele>-1.948</ele><time>1970-01-01T00:00:31.600000Z</time></trkpt>
    <trkpt lat="52.229697155" lon="21.012198490"><ele>-0.908</ele><time>1970-01-01T00:00:31.800000Z</time></trkpt>
    <trkpt lat="52.229688412" lon="21.012206662"><ele>-3.168</ele><time>1970-01-01T00:00:32Z</time></trkpt>
    <trkpt lat="52.229727111" lon="21.012215596"><ele>0.769</ele><time>1970-01-01T00:00:32.100000Z</time></trkpt>
    <trkpt lat="52.229733067" lon="21.012186804"><ele>1.861</ele><time>1970-01-01T00:00:32.200000Z</time></trkpt>
    <trkpt lat="52.229704331" lon="21.012190877"><ele>5.758</ele><time>1970-01-01T00:00:32.400000Z</time></trkpt>
    <trkpt lat="52.229708793" lon="21.012202925"><ele>0.204</ele><time>1970-01-01T00:00:32.500000Z</time></trkpt>
    <trkpt lat="52.229698435" lon="21.012206793"><ele>0.930</ele><time>1970-01-01T00:00:32.600000Z</time></trkpt>
    <trkpt lat="52.229712131" lon="21.012177226"><ele>-2.314</ele><time>1970-01-01T00:00:32.700000Z</time></trkpt>
    <trkpt lat="52.229686271" lon="21.012199793"><ele>4.025</ele><time>1970-01-01T00:00:32.900000Z</time></trkpt>
    <trkpt lat="52.229709667" lon="21.012204067"><ele>6.182</ele><time>1970-01-01T00:00:33Z</time></trkpt>
    <trkpt lat="52.229717688" lon="21.012203003"><ele>0.550</ele><time>1970-01-01T00:00:33.100000Z</time></trkpt>
    <trkpt lat="52.229676703" lon="21.012188203"><ele>-4.302</ele><time>1970-01-01T00:00:33.200000Z</time></trkpt>
    <trkpt lat="52.229723813" lon="21.012200817"><ele>0.453</ele><time>1970-01-01T00:00:33.400000Z</time></trkpt>
    <trkpt lat="52.229679989" lon="21.012215851"><ele>5.149</ele><time>1970-01-01T00:00:33.500000Z</time></trkpt>
    <trkpt lat="52.229674486" lon="21.012199640"><ele>-0.032</ele><time>1970-01-01T00:00:33.600000Z</time></trkpt>
    <trkpt lat="52.229695661" lon="21.012225074"><ele>-0.420</ele><time>1970-01-01T00:00:33.700000Z</time></trkpt>
    <trkpt lat="52.229712979" lon="21.012194283"><ele>0.602</ele><time>1970-01-01T00:00:33.900000Z</time></trkpt>
    <trkpt lat="52.229702240" lon="21.012232851"><ele>0.494</ele><time>1970-01-01T00:00:34Z</time></trkpt>
    <trkpt lat="52.229689794" lon="21.012193362"><ele>2.415</ele><time>1970-01-01T00:00:34.100000Z</time></trkpt>
    <trkpt lat="52.229686498" lon="21.012201237"><ele>-1.212</ele><time>1970-01-01T00:00:34.200000Z</time></trkpt>
    <trkpt lat="52.229707440" lon="21.012237020"><ele>0.176</ele><time>1970-01-01T00:00:34.400000Z</time></trkpt>
    <trkpt lat="52.229702114" lon="21.012204512"><ele>-3.847</ele><time>1970-01-01T00:00:34.500000Z</time></trkpt>
    <trkpt lat="52.229704692" lon="21.012182690"><ele>-3.129</ele><time>1970-01-01T00:00:34.600000Z</time></trkpt>
    <trkpt lat="52.229683574" lon="21.012175021"><ele>2.514</ele><time>1970-01-01T00:00:34.700000Z</time></trkpt>
    <trkpt lat="52.229688623" lon="21.012182661"><ele>-1.098</ele><time>1970-01-01T00:00:34.900000Z</time></trkpt>
    <trkpt lat="52.229678690" lon="21.012192185"><ele>2.963</ele><time>1970-01-01T00:00:35Z</time></trkpt>
    <trkpt lat="52.229696237" lon="21.012201692"><ele>-2.037</ele><time>1970-01-01T00:00:35.100000Z</time></trkpt>
    <trkpt lat="52.229714566" lon="21.012206127"><ele>0.259</ele><time>1970-01-01T00:00:35.200000Z</time></trkpt>
    <trkpt lat="52.229698829" lon="21.012212746"><ele>-4.621</ele><time>1970-01-01T00:00:35.400000Z</time></trkpt>
    <trkpt lat="52.229699451" lon="21.012169478"><ele>-1.575</ele><time>1970-01-01T00:00:35.500000Z</time></trkpt>
    <trkpt lat="52.229696135" lon="21.012210606"><ele>0.259</ele><time>1970-01-01T00:00:35.600000Z</time></trkpt>
    <trkpt lat="52.229701392" lon="21.012193353"><ele>-1.826</ele><time>1970-01-01T00:00:35.700000Z</time></trkpt>
    <trkpt lat="52.229715274" lon="21.012188002"><ele>-0.569</ele><time>1970-01-01T00:00:35.900000Z</time></trkpt>
    <trkpt lat="52.229708144" lon="21.012180680"><ele>5.010</ele><time>1970-01-01T00:00:36Z</time></trkpt>
    <trkpt lat="52.229691990" lon="21.012225202"><ele>-1.130</ele><time>1970-01-01T00:00:36.100000Z</time></trkpt>
    <trkpt lat="52.229660234" lon="21.012190676"><ele>-3.788</ele><time>1970-01-01T00:00:36.200000Z</time></trkpt>
    <trkpt lat="52.229718443" lon="21.012190127"><ele>2.901</ele><time>1970-01-01T00:00:36.400000Z</time></trkpt>
    <trkpt lat="52.229699602" lon="21.012203855"><ele>-4.820</ele><time>1970-01-01T00:00:36.500000Z</time></trkpt>
    <trkpt lat="52.229694813" lon="21.012185697"><ele>-0.060</ele><time>1970-01-01T00:00:36.600000Z</time></trkpt>
    <trkpt lat="52.229716208" lon="21.012216543"><ele>1.687</ele><time>1970-01-01T00:00:36.700000Z</time></trkpt>
    <trkpt lat="52.229704781" lon="21.012203417"><ele>-1.594</ele><time>1970-01-01T00:00:36.900000Z</time></trkpt>
    <trkpt lat="52.229686375" lon="21.012216182"><ele>-4.755</ele><time>1970-01-01T00:00:37Z</time></trkpt>
    <trkpt lat="52.229721689" lon="21.012198034"><ele>0.892</ele><time>1970-01-01T00:00:37.100000Z</time></trkpt>
    <trkpt lat="52.229690943" lon="21.012205658"><ele>-0.205</ele><time>1970-01-01T00:00:37.200000Z</time></trkpt>
    <trkpt lat="52.229693954" lon="21.012200970"><ele>-2.232</ele><time>1970-01-01T00:00:37.400000Z</time></trkpt>
    <trkpt lat="52.229717311" lon="21.012199828"><ele>-6.917</ele><time>1970-01-01T00:00:37.500000Z</time></trkpt>
    <trkpt lat="52.229720569" lon="21.012208607"><ele>-4.483</ele><time>1970-01-01T00:00:37.600000Z</time></trkpt>
    <trkpt lat="52.229683195" lon="21.012208322"><ele>4.046</ele><time>1970-01-01T00:00:37.700000Z</time></trkpt>
    <trkpt lat="52.229678990" lon="21.012197589"><ele>-4.736</ele><time>1970-01-01T00:00:37.900000Z</time></trkpt>
    <trkpt lat="52.229695596" lon="21.012220451"><ele>0.143</ele><time>1970-01-01T00:00:38Z</time></trkpt>
    <trkpt lat="52.229716148" lon="21.012196294"><ele>-1.046</ele><time>1970-01-01T00:00:38.100000Z</time></trkpt>
    <trkpt lat="52.229702151" lon="21.012200328"><ele>-1.104</ele><time>1970-01-01T00:00:38.200000Z</time></trkpt>
    <trkpt lat="52.229714443" lon="21.012229390"><ele>-1.853</ele><time>1970-01-01T00:00:38.400000Z</time></trkpt>
    <trkpt lat="52.229696059" lon="21.012185389"><ele>-3.721</ele><time>1970-01-01T00:00:38.500000Z</time></trkpt>
    <trkpt lat="52.229687904" lon="21.012210339"><ele>3.040</ele><time>1970-01-01T00:00:38.600000Z</time></trkpt>
    <trkpt lat="52.229693551" lon="21.012219770"><ele>1.549</ele><time>1970-01-01T00:00:38.700000Z</time></trkpt>
    <trkpt lat="52.229697914" lon="21.012210790"><ele>-1.767</ele><time>1970-01-01T00:00:38.900000Z</time></trkpt>
    <trkpt lat="52.229705247" lon="21.012218290"><ele>1.435</ele><time>1970-01-01T00:00:39Z</time></trkpt>
    <trkpt lat="52.229703164" lon="21.012218992"><ele>1.158</ele><time>1970-01-01T00:00:39.100000Z</time></trkpt>
    <trkpt lat="52.229695622" lon="21.012199771"><ele>2.042</ele><time>1970-01-01T00:00:39.200000Z</time></trkpt>
    <trkpt lat="52.229691977" lon="21.012212495"><ele>3.308</ele><time>1970-01-01T00:00:39.400000Z</time></trkpt>
    <trkpt lat="52.229699509" lon="21.012197714"><ele>4.457</ele><time>1970-01-01T00:00:39.500000Z</time></trkpt>
    <trkpt lat="52.229712894" lon="21.012224578"><ele>0.019</ele><time>1970-01-01T00:00:39.600000Z</time></trkpt>
    <trkpt lat="52.229713327" lon="21.012189793"><ele>1.257</ele><time>1970-01-01T00:00:39.700000Z</time></trkpt>
    <trkpt lat="52.229719917" lon="21.012180325"><ele>0.950</ele><time>1970-01-01T00:00:39.900000Z</time></trkpt>
    <trkpt lat="52.229678547" lon="21.012197766"><ele>-1.546</ele><time>1970-01-01T00:00:40Z</time></trkpt>
    <trkpt lat="52.229729141" lon="21.012192367"><ele>0.881</ele><time>1970-01-01T00:00:40.100000Z</time></trkpt>
    <trkpt lat="52.229693301" lon="21.012199223"><ele>1.314</ele><time>1970-01-01T00:00:40.200000Z</time></trkpt>
    <trkpt lat="52.229683767" lon="21.012223557"><ele>1.010</ele><time>1970-01-01T00:00:40.400000Z</time></trkpt>
    <trkpt lat="52.229684404" lon="21.012221522"><ele>4.788</ele><time>1970-01-01T00:00:40.500000Z</time></trkpt>
    <trkpt lat="52.229707075" lon="21.012186040"><ele>-1.798</ele><time>1970-01-01T00:00:40.600000Z</time></trkpt>
    <trkpt lat="52.229692406" lon="21.012190705"><ele>2.496</ele><time>1970-01-01T00:00:40.700000Z</time></trkpt>
    <trkpt lat="52.229715266" lon="21.012205321"><ele>1.653</ele><time>1970-01-01T00:00:40.900000Z</time></trkpt>
    <trkpt lat="52.229677955" lon="21.012167075"><ele>1.774</ele><time>1970-01-01T00:00:41Z</time></trkpt>
    <trkpt lat="52.229701463" lon="21.012195272"><ele>-0.217</ele><time>1970-01-01T00:00:41.100000Z</time></trkpt>
    <trkpt lat="52.229717409" lon="21.012212854"><ele>4.499</ele><time>1970-01-01T00:00:41.200000Z</time></trkpt>
    <trkpt lat="52.229701744" lon="21.012166570"><ele>1.542</ele><time>1970-01-01T00:00:41.400000Z</time></trkpt>
    <trkpt lat="52.229719452" lon="21.012225803"><ele>4.311</ele><time>1970-01-01T00:00:41.500000Z</time></trkpt>
    <trkpt lat="52.229698398" lon="21.012211541"><ele>-2.334</ele><time>1970-01-01T00:00:41.600000Z</time></trkpt>
    <trkpt lat="52.229703407" lon="21.012173205"><ele>5.130</ele><time>1970-01-01T00:00:41.700000Z</time></trkpt>
    <trkpt lat="52.229693150" lon="21.012197729"><ele>4.280</ele><time>1970-01-01T00:00:41.900000Z</time></trkpt>
    <trkpt lat="52.229688174" lon="21.012224182"><ele>0.051</ele><time>1970-01-01T00:00:42Z</time></trkpt>
    <trkpt lat="52.229692846" lon="21.012177507"><ele>1.047</ele><time>1970-01-01T00:00:42.100000Z</time></trkpt>
    <trkpt lat="52.229717112" lon="21.012197196"><ele>-2.834</ele><time>1970-01-01T00:00:42.200000Z</time></trkpt>
    <trkpt lat="52.229683753" lon="21.012190452"><ele>5.034</ele><time>1970-01-01T00:00:42.400000Z</time></trkpt>
    <trkpt lat="52.229686014" lon="21.012187845"><ele>4.430</ele><time>1970-01-01T00:00:42.500000Z</time></trkpt>
    <trkpt lat="52.229707951" lon="21.012183418"><ele>1.986</ele><time>1970-01-01T00:00:42.600000Z</time></trkpt>
    <trkpt lat="52.229686366" lon="21.012206933"><ele>6.205</ele><time>1970-01-01T00:00:42.700000Z</time></trkpt>
    <trkpt lat="52.229694013" lon="21.012201922"><ele>2.276</ele><time>1970-01-01T00:00:42.900000Z</time></trkpt>
    <trkpt lat="52.229708282" lon="21.012192423"><ele>-1.753</ele><time>1970-01-01T00:00:43Z</time></trkpt>
    <trkpt lat="52.229723826" lon="21.012211091"><ele>2.100</ele><time>1970-01-01T00:00:43.100000Z</time></trkpt>
    <trkpt lat="52.229676200" lon="21.012206361"><ele>2.358</ele><time>1970-01-01T00:00:43.200000Z</time></trkpt>
    <trkpt lat="52.229696457" lon="21.012214609"><ele>0.278</ele><time>1970-01-01T00:00:43.400000Z</time></trkpt>
    <trkpt lat="52.229707105" lon="21.012218655"><ele>1.054</ele><time>1970-01-01T00:00:43.500000Z</time></trkpt>
    <trkpt lat="52.229684385" lon="21.012207191"><ele>2.992</ele><time>1970-01-01T00:00:43.600000Z</time></trkpt>
    <trkpt lat="52.229710295" lon="21.012212144"><ele>1.070</ele><time>1970-01-01T00:00:43.700000Z</time></trkpt>
    <trkpt lat="52.229695514" lon="21.012197894"><ele>-1.670</ele><time>1970-01-01T00:00:43.900000Z</time></trkpt>
    <trkpt lat="52.229699412" lon="21.012208443"><ele>0.292</ele><time>1970-01-01T00:00:44Z</time></trkpt>
    <trkpt lat="52.229689847" lon="21.012196852"><ele>1.386</ele><time>1970-01-01T00:00:44.100000Z</time></trkpt>
    <trkpt lat="52.229683852" lon="21.012206054"><ele>0.681</ele><time>1970-01-01T00:00:44.200000Z</time></trkpt>
    <trkpt lat="52.229713537" lon="21.012185148"><ele>1.490</ele><time>1970-01-01T00:00:44.400000Z</time></trkpt>
    <trkpt lat="52.229680962" lon="21.012187370"><ele>-2.397</ele><time>1970-01-01T00:00:44.500000Z</time></trkpt>
    <trkpt lat="52.229698005" lon="21.012209733"><ele>0.367</ele><time>1970-01-01T00:00:44.600000Z</time></trkpt>
    <trkpt lat="52.229705893" lon="21.012201111"><ele>5.916</ele><time>1970-01-01T00:00:44.700000Z</time></trkpt>
    <trkpt lat="52.229699458" lon="21.012180835"><ele>-4.691</ele><time>1970-01-01T00:00:44.900000Z</time></trkpt>
    <trkpt lat="52.229679141" lon="21.012184264"><ele>3.287</ele><time>1970-01-01T00:00:45Z</time></trkpt>
    <trkpt lat="52.229684915" lon="21.012199784"><ele>1.953</ele><time>1970-01-01T00:00:45.100000Z</time></trkpt>
    <trkpt lat="52.229689998" lon="21.012182343"><ele>-0.667</ele><time>1970-01-01T00:00:45.200000Z</time></trkpt>
    <trkpt lat="52.229691166" lon="21.012185639"><ele>-1.900</ele><time>1970-01-01T00:00:45.400000Z</time></trkpt>
    <trkpt lat="52.229730288" lon="21.012192887"><ele>8.563</ele><time>1970-01-01T00:00:45.500000Z</time></trkpt>
    <trkpt lat="52.229700954" lon="21.012205664"><ele>-1.157</ele><time>1970-01-01T00:00:45.600000Z</time></trkpt>
    <trkpt lat="52.229699435" lon="21.012221356"><ele>9.282</ele><time>1970-01-01T00:00:45.700000Z</time></trkpt>
    <trkpt lat="52.229733521" lon="21.012183474"><ele>-3.443</ele><time>1970-01-01T00:00:45.900000Z</time></trkpt>
    <trkpt lat="52.229718771" lon="21.012177075"><ele>-2.014</ele><time>1970-01-01T00:00:46Z</time></trkpt>
    <trkpt lat="52.229691574" lon="21.012184417"><ele>1.295</ele><time>1970-01-01T00:00:46.100000Z</time></trkpt>
    <trkpt lat="52.229700941" lon="21.012199193"><ele>2.277</ele><time>1970-01-01T00:00:46.300000Z</time></trkpt>
    <trkpt lat="52.229734251" lon="21.012213270"><ele>2.037</ele><time>1970-01-01T00:00:46.400000Z</time></trkpt>
    <trkpt lat="52.229722023" lon="21.012196601"><ele>6.548</ele><time>1970-01-01T00:00:46.500000Z</time></trkpt>
    <trkpt lat="52.229693355" lon="21.012192225"><ele>2.525</ele><time>1970-01-01T00:00:46.600000Z</time></trkpt>
    <trkpt lat="52.229688097" lon="21.012210640"><ele>2.336</ele><time>1970-01-01T00:00:46.700000Z</time></trkpt>
    <trkpt lat="52.229700795" lon="21.012182823"><ele>-0.584</ele><time>1970-01-01T00:00:46.900000Z</time></trkpt>
    <trkpt lat="52.229703613" lon="21.012194393"><ele>-4.752</ele><time>1970-01-01T00:00:47Z</time></trkpt>
    <trkpt lat="52.229685794" lon="21.012199512"><ele>1.945</ele><time>1970-01-01T00:00:47.100000Z</time></trkpt>
    <trkpt lat="52.229684270" lon="21.012208542"><ele>2.424</ele><time>1970-01-01T00:00:47.200000Z</time></trkpt>
    <trkpt lat="52.229689735" lon="21.012204299"><ele>0.598</ele><time>1970-01-01T00:00:47.400000Z</time></trkpt>
    <trkpt lat="52.229694763" lon="21.012176436"><ele>-5.314</ele><time>1970-01-01T00:00:47.500000Z</time></trkpt>
    <trkpt lat="52.229696050" lon="21.012200325"><ele>-1.796</ele><time>1970-01-01T00:00:47.600000Z</time></trkpt>
    <trkpt lat="52.229689304" lon="21.012220174"><ele>-0.330</ele><time>1970-01-01T00:00:47.700000Z</time></trkpt>
    <trkpt lat="52.229709803" lon="21.012201252"><ele>0.724</ele><time>1970-01-01T00:00:47.900000Z</time></trkpt>
    <trkpt lat="52.229703054" lon="21.012209497"><ele>-0.767</ele><time>1970-01-01T00:00:48Z</time></trkpt>
    <trkpt lat="52.229689036" lon="21.012188344"><ele>1.252</ele><time>1970-01-01T00:00:48.100000Z</time></trkpt>
    <trkpt lat="52.229674949" lon="21.012190848"><ele>-4.941</ele><time>1970-01-01T00:00:48.200000Z</time></trkpt>
    <trkpt lat="52.229709720" lon="21.012209737"><ele>2.125</ele><time>1970-01-01T00:00:48.400000Z</time></trkpt>
    <trkpt lat="52.229677585" lon="21.012204884"><ele>5.357</ele><time>1970-01-01T00:00:48.500000Z</time></trkpt>
    <trkpt lat="52.229696395" lon="21.012194501"><ele>-1.249</ele><time>1970-01-01T00:00:48.600000Z</time></trkpt>
    <trkpt lat="52.229722734" lon="21.012172370"><ele>0.978</ele><time>1970-01-01T00:00:48.700000Z</time></trkpt>
    <trkpt lat="52.229691942" lon="21.012195216"><ele>-0.240</ele><time>1970-01-01T00:00:48.900000Z</time></trkpt>
    <trkpt lat="52.229664111" lon="21.012194477"><ele>0.905</ele><time>1970-01-01T00:00:49Z</time></trkpt>
    <trkpt lat="52.229705173" lon="21.012192730"><ele>-3.735</ele><time>1970-01-01T00:00:49.100000Z</time></trkpt>
    <trkpt lat="52.229696402" lon="21.012205060"><ele>0.308</ele><time>1970-01-01T00:00:49.200000Z</time></trkpt>
    <trkpt lat="52.229676440" lon="21.012198146"><ele>1.640</ele><time>1970-01-01T00:00:49.400000Z</time></trkpt>
    <trkpt lat="52.229699877" lon="21.012168504"><ele>2.958</ele><time>1970-01-01T00:00:49.500000Z</time></trkpt>
    <trkpt lat="52.229693769" lon="21.012208990"><ele>-2.025</ele><time>1970-01-01T00:00:49.600000Z</time></trkpt>
    <trkpt lat="52.229707670" lon="21.012201899"><ele>1.276</ele><time>1970-01-01T00:00:49.700000Z</time></trkpt>
    <trkpt lat="52.229731616" lon="21.012208874"><ele>2.600</ele><time>1970-01-01T00:00:49.900000Z</time></trkpt>
    <trkpt lat="52.229696579" lon="21.012210378"><ele>-3.341</ele><time>1970-01-01T00:00:50Z</time></trkpt>
    <trkpt lat="52.229708130" lon="21.012210849"><ele>7.851</ele><time>1970-01-01T00:00:50.100000Z</time></trkpt>
    <trkpt lat="52.229684471" lon="21.012209049"><ele>1.282</ele><time>1970-01-01T00:00:50.200000Z</time></trkpt>
    <trkpt lat="52.229717450" lon="21.012187144"><ele>2.722</ele><time>1970-01-01T00:00:50.400000Z</time></trkpt>
    <trkpt lat="52.229705787" lon="21.012216471"><ele>-4.719</ele><time>1970-01-01T00:00:50.500000Z</time></trkpt>
    <trkpt lat="52.229693114" lon="21.012201410"><ele>-1.805</ele><time>1970-01-01T00:00:50.600000Z</time></trkpt>
    <trkpt lat="52.229694828" lon="21.012195512"><ele>3.251</ele><time>1970-01-01T00:00:50.700000Z</time></trkpt>
    <trkpt lat="52.229710430" lon="21.012197948"><ele>-0.450</ele><time>1970-01-01T00:00:50.900000Z</time></trkpt>
    <trkpt lat="52.229704169" lon="21.012185516"><ele>-0.305</ele><time>1970-01-01T00:00:51Z</time></trkpt>
    <trkpt lat="52.229706810" lon="21.012204910"><ele>0.260</ele><time>1970-01-01T00:00:51.100000Z</time></trkpt>
    <trkpt lat="52.229704423" lon="21.012210218"><ele>-3.533</ele><time>1970-01-01T00:00:51.200000Z</time></trkpt>
    <trkpt lat="52.229704275" lon="21.012204813"><ele>2.201</ele><time>1970-01-01T00:00:51.400000Z</time></trkpt>
    <trkpt lat="52.229711351" lon="21.012205709"><ele>-0.823</ele><time>1970-01-01T00:00:51.500000Z</time></trkpt>
    <trkpt lat="52.229684478" lon="21.012209363"><ele>8.139</ele><time>1970-01-01T00:00:51.600000Z</time></trkpt>
    <trkpt lat="52.229700148" lon="21.012176316"><ele>-1.470</ele><time>1970-01-01T00:00:51.700000Z</time></trkpt>
    <trkpt lat="52.229717267" lon="21.012199062"><ele>-5.645</ele><time>1970-01-01T00:00:51.900000Z</time></trkpt>
    <trkpt lat="52.229693264" lon="21.012202687"><ele>5.153</ele><time>1970-01-01T00:00:52Z</time></trkpt>
    <trkpt lat="52.229706716" lon="21.012194751"><ele>-5.344</ele><time>1970-01-01T00:00:52.100000Z</time></trkpt>
    <trkpt lat="52.229695254" lon="21.012213571"><ele>5.149</ele><time>1970-01-01T00:00:52.200000Z</time></trkpt>
    <trkpt lat="52.229694010" lon="21.012219711"><ele>1.686</ele><time>1970-01-01T00:00:52.400000Z</time></trkpt>
    <trkpt lat="52.229704140" lon="21.012187368"><ele>1.558</ele><time>1970-01-01T00:00:52.500000Z</time></trkpt>
    <trkpt lat="52.229721529" lon="21.012197444"><ele>5.834</ele><time>1970-01-01T00:00:52.600000Z</time></trkpt>
    <trkpt lat="52.229688980" lon="21.012208370"><ele>5.213</ele><time>1970-01-01T00:00:52.700000Z</time></trkpt>
    <trkpt lat="52.229708115" lon="21.012215058"><ele>2.974</ele><time>1970-01-01T00:00:52.900000Z</time></trkpt>
    <trkpt lat="52.229695788" lon="21.012174346"><ele>-2.615</ele><time>1970-01-01T00:00:53Z</time></trkpt>
    <trkpt lat="52.229707315" lon="21.012212837"><ele>-2.948</ele><time>1970-01-01T00:00:53.100000Z</time></trkpt>
    <trkpt lat="52.229690141" lon="21.012181429"><ele>5.179</ele><time>1970-01-01T00:00:53.200000Z</time></trkpt>
    <trkpt lat="52.229721320" lon="21.012202718"><ele>1.653</ele><time>1970-01-01T00:00:53.400000Z</time></trkpt>
    <trkpt lat="52.229678854" lon="21.012213144"><ele>2.161</ele><time>1970-01-01T00:00:53.500000Z</time></trkpt>
    <trkpt lat="52.229702171" lon="21.012211905"><ele>0.986</ele><time>1970-01-01T00:00:53.600000Z</time></trkpt>
    <trkpt lat="52.229719431" lon="21.012225338"><ele>-0.004</ele><time>1970-01-01T00:00:53.700000Z</time></trkpt>
    <trkpt lat="52.229698852" lon="21.012194704"><ele>5.236</ele><time>1970-01-01T00:00:53.900000Z</time></trkpt>
    <trkpt lat="52.229697052" lon="21.012195795"><ele>1.256</ele><time>1970-01-01T00:00:54Z</time></trkpt>
    <trkpt lat="52.229711031" lon="21.012198355"><ele>-2.322</ele><time>1970-01-01T00:00:54.100000Z</time></trkpt>
    <trkpt lat="52.229708684" lon="21.012209561"><ele>3.542</ele><time>1970-01-01T00:00:54.200000Z</time></trkpt>
    <trkpt lat="52.229689930" lon="21.012215224"><ele>2.749</ele><time>1970-01-01T00:00:54.400000Z</time></trkpt>
    <trkpt lat="52.229712034" lon="21.012185579"><ele>0.566</ele><time>1970-01-01T00:00:54.500000Z</time></trkpt>
    <trkpt lat="52.229703479" lon="21.012215838"><ele>-0.029</ele><time>1970-01-01T00:00:54.600000Z</time></trkpt>
    <trkpt lat="52.229698853" lon="21.012250012"><ele>6.527</ele><time>1970-01-01T00:00:54.700000Z</time></trkpt>
    <trkpt lat="52.229695188" lon="21.012203398"><ele>-0.613</ele><time>1970-01-01T00:00:54.900000Z</time></trkpt>
    <trkpt lat="52.229700791" lon="21.012194837"><ele>3.424</ele><time>1970-01-01T00:00:55Z</time></trkpt>
    <trkpt lat="52.229683079" lon="21.012195943"><ele>1.330</ele><time>1970-01-01T00:00:55.100000Z</time></trkpt>
    <trkpt lat="52.229706495" lon="21.012221297"><ele>-1.750</ele><time>1970-01-01T00:00:55.200000Z</time></trkpt>
    <trkpt lat="52.229688388" lon="21.012177108"><ele>1.863</ele><time>1970-01-01T00:00:55.400000Z</time></trkpt>
    <trkpt lat="52.229700936" lon="21.012201466"><ele>-1.882</ele><time>1970-01-01T00:00:55.500000Z</time></trkpt>
    <trkpt lat="52.229718513" lon="21.012193700"><ele>-1.489</ele><time>1970-01-01T00:00:55.600000Z</time></trkpt>
    <trkpt lat="52.229702868" lon="21.012235297"><ele>3.202</ele><time>1970-01-01T00:00:55.700000Z</time></trkpt>
    <trkpt lat="52.229702019" lon="21.012185352"><ele>1.391</ele><time>1970-01-01T00:00:55.900000Z</time></trkpt>
    <trkpt lat="52.229702671" lon="21.012190573"><ele>-3.464</ele><time>1970-01-01T00:00:56Z</time></trkpt>
    <trkpt lat="52.229707371" lon="21.012203522"><ele>-0.641</ele><time>1970-01-01T00:00:56.100000Z</time></trkpt>
    <trkpt lat="52.229697261" lon="21.012199707"><ele>0.663</ele><time>1970-01-01T00:00:56.200000Z</time></trkpt>
    <trkpt lat="52.229679378" lon="21.012210898"><ele>0.497</ele><time>1970-01-01T00:00:56.400000Z</time></trkpt>
    <trkpt lat="52.229732965" lon="21.012218919"><ele>3.241</ele><time>1970-01-01T00:00:56.500000Z</time></trkpt>
    <trkpt lat="52.229709613" lon="21.012197197"><ele>6.814</ele><time>1970-01-01T00:00:56.600000Z</time></trkpt>
    <trkpt lat="52.229710230" lon="21.012203218"><ele>0.491</ele><time>1970-01-01T00:00:56.700000Z</time></trkpt>
    <trkpt lat="52.229682855" lon="21.012200323"><ele>1.264</ele><time>1970-01-01T00:00:56.900000Z</time></trkpt>
    <trkpt lat="52.229714456" lon="21.012211720"><ele>7.680</ele><time>1970-01-01T00:00:57Z</time></trkpt>
    <trkpt lat="52.229719834" lon="21.012185228"><ele>-2.753</ele><time>1970-01-01T00:00:57.100000Z</time></trkpt>
    <trkpt lat="52.229703087" lon="21.012208636"><ele>0.806</ele><time>1970-01-01T00:00:57.200000Z</time></trkpt>
    <trkpt lat="52.229698451" lon="21.012172230"><ele>-1.515</ele><time>1970-01-01T00:00:57.400000Z</time></trkpt>
    <trkpt lat="52.229694258" lon="21.012208562"><ele>-1.434</ele><time>1970-01-01T00:00:57.500000Z</time></trkpt>
    <trkpt lat="52.229694887" lon="21.012206876"><ele>2.418</ele><time>1970-01-01T00:00:57.600000Z</time></trkpt>
    <trkpt lat="52.229701889" lon="21.012200564"><ele>-1.136</ele><time>1970-01-01T00:00:57.700000Z</time></trkpt>
    <trkpt lat="52.229698328" lon="21.012202910"><ele>1.814</ele><time>1970-01-01T00:00:57.900000Z</time></trkpt>
    <trkpt lat="52.229700192" lon="21.012201355"><ele>2.548</ele><time>1970-01-01T00:00:58Z</time></trkpt>
    <trkpt lat="52.229698324" lon="21.012183867"><ele>-0.102</ele><time>1970-01-01T00:00:58.100000Z</time></trkpt>
    <trkpt lat="52.229684175" lon="21.012191158"><ele>-1.566</ele><time>1970-01-01T00:00:58.200000Z</time></trkpt>
    <trkpt lat="52.229688501" lon="21.012202286"><ele>3.260</ele><time>1970-01-01T00:00:58.400000Z</time></trkpt>
    <trkpt lat="52.229666074" lon="21.012186630"><ele>-1.895</ele><time>1970-01-01T00:00:58.500000Z</time></trkpt>
    <trkpt lat="52.229687983" lon="21.012206810"><ele>-0.912</ele><time>1970-01-01T00:00:58.600000Z</time></trkpt>
    <trkpt lat="52.229699709" lon="21.012196379"><ele>-0.028</ele><time>1970-01-01T00:00:58.700000Z</time></trkpt>
    <trkpt lat="52.229710605" lon="21.012189667"><ele>1.284</ele><time>1970-01-01T00:00:58.900000Z</time></trkpt>
    <trkpt lat="52.229693995" lon="21.012218137"><ele>1.050</ele><time>1970-01-01T00:00:59Z</time></trkpt>
    <trkpt lat="52.229713912" lon="21.012211821"><ele>0.986</ele><time>1970-01-01T00:00:59.100000Z</time></trkpt>
    <trkpt lat="52.229694983" lon="21.012195912"><ele>3.552</ele><time>1970-01-01T00:00:59.200000Z</time></trkpt>
    <trkpt lat="52.229696331" lon="21.012212966"><ele>-0.175</ele><time>1970-01-01T00:00:59.400000Z</time></trkpt>
    <trkpt lat="52.229714164" lon="21.012219347"><ele>5.597</ele><time>1970-01-01T00:00:59.500000Z</time></trkpt>
    <trkpt lat="52.229706546" lon="21.012213103"><ele>4.702</ele><time>1970-01-01T00:00:59.600000Z</time></trkpt>
    <trkpt lat="52.229686146" lon="21.012191845"><ele>0.086</ele><time>1970-01-01T00:00:59.700000Z</time></trkpt>
    <trkpt lat="52.229690760" lon="21.012206668"><ele>-4.172</ele><time>1970-01-01T00:00:59.900000Z</time></trkpt>
    <trkpt lat="52.229689458" lon="21.012204821"><ele>1.487</ele><time>1970-01-01T00:01:00Z</time></trkpt>
    <trkpt lat="52.229694904" lon="21.012217176"><ele>4.217</ele><time>1970-01-01T00:01:00.100000Z</time></trkpt>
    <trkpt lat="52.229704128" lon="21.012200492"><ele>5.157</ele><time>1970-01-01T00:01:00.200000Z</time></trkpt>
    <trkpt lat="52.229706412" lon="21.012212189"><ele>11.180</ele><time>1970-01-01T00:01:00.400000Z</time></trkpt>
    <trkpt lat="52.229702029" lon="21.012209904"><ele>-1.143</ele><time>1970-01-01T00:01:00.500000Z</time></trkpt>
    <trkpt lat="52.229681175" lon="21.012195490"><ele>-6.997</ele><time>1970-01-01T00:01:00.600000Z</time></trkpt>
    <trkpt lat="52.229712614" lon="21.012211771"><ele>0.384</ele><time>1970-01-01T00:01:00.700000Z</time></trkpt>
    <trkpt lat="52.229695823" lon="21.012220975"><ele>-0.319</ele><time>1970-01-01T00:01:00.900000Z</time></trkpt>
    <trkpt lat="52.229711520" lon="21.012208019"><ele>6.743</ele><time>1970-01-01T00:01:01Z</time></trkpt>
    <trkpt lat="52.229693433" lon="21.012193122"><ele>2.587</ele><time>1970-01-01T00:01:01.100000Z</time></trkpt>
    <trkpt lat="52.229691555" lon="21.012179921"><ele>0.254</ele><time>1970-01-01T00:01:01.200000Z</time></trkpt>
    <trkpt lat="52.229687603" lon="21.012195653"><ele>0.588</ele><time>1970-01-01T00:01:01.400000Z</time></trkpt>
    <trkpt lat="52.229725266" lon="21.012187024"><ele>-2.554</ele><time>1970-01-01T00:01:01.500000Z</time></trkpt>
    <trkpt lat="52.229710796" lon="21.012211146"><ele>0.462</ele><time>1970-01-01T00:01:01.600000Z</time></trkpt>
    <trkpt lat="52.229730875" lon="21.012204076"><ele>2.858</ele><time>1970-01-01T00:01:01.700000Z</time></trkpt>
    <trkpt lat="52.229724499" lon="21.012215353"><ele>8.889</ele><time>1970-01-01T00:01:01.900000Z</time></trkpt>
    <trkpt lat="52.229715414" lon="21.012188802"><ele>1.862</ele><time>1970-01-01T00:01:02Z</time></trkpt>
    <trkpt lat="52.229693014" lon="21.012222838"><ele>0.743</ele><time>1970-01-01T00:01:02.100000Z</time></trkpt>
    <trkpt lat="52.229712592" lon="21.012202825"><ele>2.130</ele><time>1970-01-01T00:01:02.200000Z</time></trkpt>
    <trkpt lat="52.229717769" lon="21.012185515"><ele>-2.017</ele><time>1970-01-01T00:01:02.400000Z</time></trkpt>
    <trkpt lat="52.229696431" lon="21.012220744"><ele>5.648</ele><time>1970-01-01T00:01:02.500000Z</time></trkpt>
    <trkpt lat="52.229710748" lon="21.012180060"><ele>-5.410</ele><time>1970-01-01T00:01:02.600000Z</time></trkpt>
    <trkpt lat="52.229699353" lon="21.012214291"><ele>5.693</ele><time>1970-01-01T00:01:02.700000Z</time></trkpt>
    <trkpt lat="52.229733162" lon="21.012178454"><ele>3.609</ele><time>1970-01-01T00:01:02.900000Z</time></trkpt>
    <trkpt lat="52.229697205" lon="21.012202504"><ele>0.327</ele><time>1970-01-01T00:01:03Z</time></trkpt>
    <trkpt lat="52.229716919" lon="21.012188601"><ele>-3.328</ele><time>1970-01-01T00:01:03.100000Z</time></trkpt>
    <trkpt lat="52.229704070" lon="21.012209939"><ele>1.558</ele><time>1970-01-01T00:01:03.200000Z</time></trkpt>
    <trkpt lat="52.229703355" lon="21.012193286"><ele>-0.575</ele><time>1970-01-01T00:01:03.400000Z</time></trkpt>
    <trkpt lat="52.229701829" lon="21.012195074"><ele>0.983</ele><time>1970-01-01T00:01:03.500000Z</time></trkpt>
    <trkpt lat="52.229677885" lon="21.012182692"><ele>-1.411</ele><time>1970-01-01T00:01:03.600000Z</time></trkpt>
    <trkpt lat="52.229689461" lon="21.012185134"><ele>1.938</ele><time>1970-01-01T00:01:03.700000Z</time></trkpt>
    <trkpt lat="52.229719179" lon="21.012182965"><ele>-1.295</ele><time>1970-01-01T00:01:03.900000Z</time></trkpt>
    <trkpt lat="52.229693134" lon="21.012228444"><ele>0.683</ele><time>1970-01-01T00:01:04Z</time></trkpt>
    <trkpt lat="52.229675253" lon="21.012198615"><ele>3.307</ele><time>1970-01-01T00:01:04.200000Z</time></trkpt>
    <trkpt lat="52.229686106" lon="21.012180709"><ele>0.206</ele><time>1970-01-01T00:01:04.400000Z</time></trkpt>
    <trkpt lat="52.229725581" lon="21.012193125"><ele>3.363</ele><time>1970-01-01T00:01:04.600000Z</time></trkpt>
    <trkpt lat="52.229689092" lon="21.012197612"><ele>4.076</ele><time>1970-01-01T00:01:04.700000Z</time></trkpt>
    <trkpt lat="52.229693615" lon="21.012192367"><ele>-3.609</ele><time>1970-01-01T00:01:04.900000Z</time></trkpt>
    <trkpt lat="52.229706372" lon="21.012200012"><ele>1.388</ele><time>1970-01-01T00:01:05.100000Z</time></trkpt>
    <trkpt lat="52.229701988" lon="21.012202425"><ele>-2.576</ele><time>1970-01-01T00:01:05.200000Z</time></trkpt>
    <trkpt lat="52.229706872" lon="21.012224888"><ele>-1.302</ele><time>1970-01-01T00:01:05.400000Z</time></trkpt>
    <trkpt lat="52.229712051" lon="21.012207023"><ele>6.483</ele><time>1970-01-01T00:01:05.600000Z</time></trkpt>
    <trkpt lat="52.229705337" lon="21.012195906"><ele>-1.846</ele><time>1970-01-01T00:01:05.700000Z</time></trkpt>
    <trkpt lat="52.229690987" lon="21.012222004"><ele>2.712</ele><time>1970-01-01T00:01:05.900000Z</time></trkpt>
    <trkpt lat="52.229712812" lon="21.012180351"><ele>-3.386</ele><time>1970-01-01T00:01:06.100000Z</time></trkpt>
    <trkpt lat="52.229705093" lon="21.012185845"><ele>3.169</ele><time>1970-01-01T00:01:06.200000Z</time></trkpt>
    <trkpt lat="52.229719481" lon="21.012200522"><ele>0.153</ele><time>1970-01-01T00:01:06.400000Z</time></trkpt>
    <trkpt lat="52.229698675" lon="21.012193518"><ele>2.448</ele><time>1970-01-01T00:01:06.600000Z</time></trkpt>
    <trkpt lat="52.229691443" lon="21.012195419"><ele>0.135</ele><time>1970-01-01T00:01:06.700000Z</time></trkpt>
    <trkpt lat="52.229699137" lon="21.012208234"><ele>-3.031</ele><time>1970-01-01T00:01:06.900000Z</time></trkpt>
    <trkpt lat="52.229697154" lon="21.012211355"><ele>1.844</ele><time>1970-01-01T00:01:07.100000Z</time></trkpt>
    <trkpt lat="52.229726070" lon="21.012220680"><ele>-0.329</ele><time>1970-01-01T00:01:07.200000Z</time></trkpt>
    <trkpt lat="52.229692170" lon="21.012182719"><ele>-0.978</ele><time>1970-01-01T00:01:07.400000Z</time></trkpt>
    <trkpt lat="52.229694128" lon="21.012212776"><ele>0.638</ele><time>1970-01-01T00:01:07.600000Z</time></trkpt>
    <trkpt lat="52.229664651" lon="21.012198903"><ele>-0.935</ele><time>1970-01-01T00:01:07.700000Z</time></trkpt>
    <trkpt lat="52.229684498" lon="21.012219508"><ele>5.225</ele><time>1970-01-01T00:01:07.900000Z</time></trkpt>
    <trkpt lat="52.229686595" lon="21.012178840"><ele>3.462</ele><time>1970-01-01T00:01:08.100000Z</time></trkpt>
    <trkpt lat="52.229717744" lon="21.012208518"><ele>9.181</ele><time>1970-01-01T00:01:08.200000Z</time></trkpt>
    <trkpt lat="52.229692442" lon="21.012226849"><ele>0.393</ele><time>1970-01-01T00:01:08.400000Z</time></trkpt>
    <trkpt lat="52.229687344" lon="21.012214713"><ele>2.648</ele><time>1970-01-01T00:01:08.600000Z</time></trkpt>
    <trkpt lat="52.229698614" lon="21.012233171"><ele>3.571</ele><time>1970-01-01T00:01:08.700000Z</time></trkpt>
    <trkpt lat="52.229707619" lon="21.012220214"><ele>1.698</ele><time>1970-01-01T00:01:08.900000Z</time></trkpt>
    <trkpt lat="52.229687340" lon="21.012235088"><ele>2.086</ele><time>1970-01-01T00:01:09.100000Z</time></trkpt>
    <trkpt lat="52.229692458" lon="21.012230788"><ele>3.111</ele><time>1970-01-01T00:01:09.200000Z</time></trkpt>
    <trkpt lat="52.229708521" lon="21.012221631"><ele>0.513</ele><time>1970-01-01T00:01:09.400000Z</time></trkpt>
    <trkpt lat="52.229696635" lon="21.012226112"><ele>-4.550</ele><time>1970-01-01T00:01:09.600000Z</time></trkpt>
    <trkpt lat="52.229702357" lon="21.012216717"><ele>5.038</ele><time>1970-01-01T00:01:09.700000Z</time></trkpt>
    <trkpt lat="52.229715885" lon="21.012239060"><ele>-2.051</ele><time>1970-01-01T00:01:09.900000Z</time></trkpt>
    <trkpt lat="52.229683646" lon="21.012220247"><ele>6.695</ele><time>1970-01-01T00:01:10.100000Z</time></trkpt>
    <trkpt lat="52.229700545" lon="21.012213497"><ele>5.627</ele><time>1970-01-01T00:01:10.200000Z</time></trkpt>
    <trkpt lat="52.229684415" lon="21.012246989"><ele>3.564</ele><time>1970-01-01T00:01:10.400000Z</time></trkpt>
    <trkpt lat="52.229704657" lon="21.012232406"><ele>1.346</ele><time>1970-01-01T00:01:10.600000Z</time></trkpt>
    <trkpt lat="52.229703628" lon="21.012227236"><ele>1.782</ele><time>1970-01-01T00:01:10.700000Z</time></trkpt>
    <trkpt lat="52.229678036" lon="21.012229566"><ele>9.747</ele><time>1970-01-01T00:01:10.900000Z</time></trkpt>
    <trkpt lat="52.229679782" lon="21.012228018"><ele>6.352</ele><time>1970-01-01T00:01:11.100000Z</time></trkpt>
    <trkpt lat="52.229729705" lon="21.012235695"><ele>9.290</ele><time>1970-01-01T00:01:11.200000Z</time></trkpt>
    <trkpt lat="52.229689286" lon="21.012232132"><ele>7.412</ele><time>1970-01-01T00:01:11.400000Z</time></trkpt>
    <trkpt lat="52.229732053" lon="21.012200616"><ele>10.831</ele><time>1970-01-01T00:01:11.600000Z</time></trkpt>
    <trkpt lat="52.229693601" lon="21.012224375"><ele>4.303</ele><time>1970-01-01T00:01:11.700000Z</time></trkpt>
    <trkpt lat="52.229695296" lon="21.012228582"><ele>11.737</ele><time>1970-01-01T00:01:11.900000Z</time></trkpt>
    <trkpt lat="52.229695919" lon="21.012235063"><ele>7.167</ele><time>1970-01-01T00:01:12.100000Z</time></trkpt>
    <trkpt lat="52.229694038" lon="21.012225885"><ele>9.409</ele><time>1970-01-01T00:01:12.200000Z</time></trkpt>
    <trkpt lat="52.229709687" lon="21.012255357"><ele>10.095</ele><time>1970-01-01T00:01:12.400000Z</time></trkpt>
    <trkpt lat="52.229706375" lon="21.012225660"><ele>12.318</ele><time>1970-01-01T00:01:12.600000Z</time></trkpt>
    <trkpt lat="52.229684707" lon="21.012224265"><ele>12.130</ele><time>1970-01-01T00:01:12.700000Z</time></trkpt>
    <trkpt lat="52.229691103" lon="21.012256670"><ele>13.243</ele><time>1970-01-01T00:01:12.900000Z</time></trkpt>
    <trkpt lat="52.229676480" lon="21.012267977"><ele>9.769</ele><time>1970-01-01T00:01:13.100000Z</time></trkpt>
    <trkpt lat="52.229671793" lon="21.012251409"><ele>11.522</ele><time>1970-01-01T00:01:13.200000Z</time></trkpt>
    <trkpt lat="52.229712950" lon="21.012231062"><ele>11.783</ele><time>1970-01-01T00:01:13.400000Z</time></trkpt>
    <trkpt lat="52.229687550" lon="21.012251953"><ele>10.903</ele><time>1970-01-01T00:01:13.600000Z</time></trkpt>
    <trkpt lat="52.229707783" lon="21.012260007"><ele>8.291</ele><time>1970-01-01T00:01:13.700000Z</time></trkpt>
    <trkpt lat="52.229699152" lon="21.012263840"><ele>9.105</ele><time>1970-01-01T00:01:13.900000Z</time></trkpt>
    <trkpt lat="52.229695750" lon="21.012285486"><ele>8.206</ele><time>1970-01-01T00:01:14.100000Z</time></trkpt>
    <trkpt lat="52.229720663" lon="21.012285529"><ele>8.381</ele><time>1970-01-01T00:01:14.200000Z</time></trkpt>
    <trkpt lat="52.229702310" lon="21.012300319"><ele>13.028</ele><time>1970-01-01T00:01:14.500000Z</time></trkpt>
    <trkpt lat="52.229701572" lon="21.012289091"><ele>11.492</ele><time>1970-01-01T00:01:14.700000Z</time></trkpt>
    <trkpt lat="52.229675692" lon="21.012283498"><ele>10.031</ele><time>1970-01-01T00:01:14.900000Z</time></trkpt>
    <trkpt lat="52.229693265" lon="21.012284176"><ele>12.050</ele><time>1970-01-01T00:01:15.100000Z</time></trkpt>
    <trkpt lat="52.229677679" lon="21.012319488"><ele>11.076</ele><time>1970-01-01T00:01:15.200000Z</time></trkpt>
    <trkpt lat="52.229703095" lon="21.012287550"><ele>11.553</ele><time>1970-01-01T00:01:15.400000Z</time></trkpt>
    <trkpt lat="52.229711543" lon="21.012309453"><ele>10.160</ele><time>1970-01-01T00:01:15.600000Z</time></trkpt>
    <trkpt lat="52.229690761" lon="21.012319855"><ele>6.754</ele><time>1970-01-01T00:01:15.700000Z</time></trkpt>
    <trkpt lat="52.229694378" lon="21.012297673"><ele>11.663</ele><time>1970-01-01T00:01:15.900000Z</time></trkpt>
    <trkpt lat="52.229709315" lon="21.012302876"><ele>7.664</ele><time>1970-01-01T00:01:16.100000Z</time></trkpt>
    <trkpt lat="52.229689493" lon="21.012330793"><ele>11.325</ele><time>1970-01-01T00:01:16.200000Z</time></trkpt>
    <trkpt lat="52.229704162" lon="21.012270128"><ele>7.298</ele><time>1970-01-01T00:01:16.400000Z</time></trkpt>
    <trkpt lat="52.229716137" lon="21.012321799"><ele>6.827</ele><time>1970-01-01T00:01:16.600000Z</time></trkpt>
    <trkpt lat="52.229712887" lon="21.012316473"><ele>14.311</ele><time>1970-01-01T00:01:16.700000Z</time></trkpt>
    <trkpt lat="52.229707617" lon="21.012271369"><ele>4.236</ele><time>1970-01-01T00:01:16.900000Z</time></trkpt>
    <trkpt lat="52.229676656" lon="21.012291028"><ele>8.509</ele><time>1970-01-01T00:01:17.100000Z</time></trkpt>
    <trkpt lat="52.229703291" lon="21.012278351"><ele>8.251</ele><time>1970-01-01T00:01:17.200000Z</time></trkpt>
    <trkpt lat="52.229704668" lon="21.012293330"><ele>10.331</ele><time>1970-01-01T00:01:17.400000Z</time></trkpt>
    <trkpt lat="52.229692069" lon="21.012309837"><ele>3.446</ele><time>1970-01-01T00:01:17.600000Z</time></trkpt>
    <trkpt lat="52.229700265" lon="21.012316802"><ele>8.065</ele><time>1970-01-01T00:01:17.700000Z</time></trkpt>
    <trkpt lat="52.229706499" lon="21.012291789"><ele>4.882</ele><time>1970-01-01T00:01:17.900000Z</time></trkpt>
    <trkpt lat="52.229704493" lon="21.012313959"><ele>12.267</ele><time>1970-01-01T00:01:18.100000Z</time></trkpt>
    <trkpt lat="52.229679511" lon="21.012302610"><ele>9.791</ele><time>1970-01-01T00:01:18.200000Z</time></trkpt>
    <trkpt lat="52.229693027" lon="21.012309090"><ele>9.823</ele><time>1970-01-01T00:01:18.400000Z</time></trkpt>
    <trkpt lat="52.229734783" lon="21.012288913"><ele>5.115</ele><time>1970-01-01T00:01:18.600000Z</time></trkpt>
    <trkpt lat="52.229690176" lon="21.012325854"><ele>7.372</ele><time>1970-01-01T00:01:18.700000Z</time></trkpt>
    <trkpt lat="52.229682833" lon="21.012297658"><ele>8.798</ele><time>1970-01-01T00:01:18.900000Z</time></trkpt>
    <trkpt lat="52.229676756" lon="21.012288789"><ele>5.968</ele><time>1970-01-01T00:01:19.100000Z</time></trkpt>
    <trkpt lat="52.229697638" lon="21.012308857"><ele>9.729</ele><time>1970-01-01T00:01:19.200000Z</time></trkpt>
    <trkpt lat="52.229698871" lon="21.012276222"><ele>8.677</ele><time>1970-01-01T00:01:19.400000Z</time></trkpt>
    <trkpt lat="52.229704550" lon="21.012306525"><ele>5.790</ele><time>1970-01-01T00:01:19.600000Z</time></trkpt>
    <trkpt lat="52.229690138" lon="21.012308675"><ele>6.829</ele><time>1970-01-01T00:01:19.700000Z</time></trkpt>
    <trkpt lat="52.229692040" lon="21.012278342"><ele>2.414</ele><time>1970-01-01T00:01:19.900000Z</time></trkpt>
    <trkpt lat="52.229719320" lon="21.012290417"><ele>7.115</ele><time>1970-01-01T00:01:20.100000Z</time></trkpt>
    <trkpt lat="52.229697655" lon="21.012304524"><ele>4.588</ele><time>1970-01-01T00:01:20.200000Z</time></trkpt>
    <trkpt lat="52.229692758" lon="21.012298224"><ele>5.665</ele><time>1970-01-01T00:01:20.400000Z</time></trkpt>
    <trkpt lat="52.229710356" lon="21.012296870"><ele>4.779</ele><time>1970-01-01T00:01:20.600000Z</time></trkpt>
    <trkpt lat="52.229720446" lon="21.012324207"><ele>7.425</ele><time>1970-01-01T00:01:20.700000Z</time></trkpt>
    <trkpt lat="52.229712466" lon="21.012325391"><ele>8.802</ele><time>1970-01-01T00:01:20.900000Z</time></trkpt>
    <trkpt lat="52.229701746" lon="21.012322228"><ele>4.207</ele><time>1970-01-01T00:01:21.100000Z</time></trkpt>
    <trkpt lat="52.229709259" lon="21.012299349"><ele>0.328</ele><time>1970-01-01T00:01:21.200000Z</time></trkpt>
    <trkpt lat="52.229713599" lon="21.012315529"><ele>7.661</ele><time>1970-01-01T00:01:21.400000Z</time></trkpt>
    <trkpt lat="52.229724711" lon="21.012306258"><ele>9.771</ele><time>1970-01-01T00:01:21.600000Z</time></trkpt>
    <trkpt lat="52.229734983" lon="21.012315748"><ele>5.464</ele><time>1970-01-01T00:01:21.700000Z</time></trkpt>
    <trkpt lat="52.229709464" lon="21.012307655"><ele>6.220</ele><time>1970-01-01T00:01:22Z</time></trkpt>
    <trkpt lat="52.229740914" lon="21.012297734"><ele>6.529</ele><time>1970-01-01T00:01:22.200000Z</time></trkpt>
    <trkpt lat="52.229755675" lon="21.012317467"><ele>4.513</ele><time>1970-01-01T00:01:22.400000Z</time></trkpt>
    <trkpt lat="52.229755865" lon="21.012307404"><ele>4.518</ele><time>1970-01-01T00:01:22.600000Z</time></trkpt>
    <trkpt lat="52.229734156" lon="21.012316601"><ele>2.008</ele><time>1970-01-01T00:01:22.700000Z</time></trkpt>
    <trkpt lat="52.229759298" lon="21.012312240"><ele>5.037</ele><time>1970-01-01T00:01:22.900000Z</time></trkpt>
    <trkpt lat="52.229734007" lon="21.012307795"><ele>11.120</ele><time>1970-01-01T00:01:23.100000Z</time></trkpt>
    <trkpt lat="52.229749684" lon="21.012314453"><ele>11.904</ele><time>1970-01-01T00:01:23.200000Z</time></trkpt>
    <trkpt lat="52.229748854" lon="21.012303931"><ele>4.111</ele><time>1970-01-01T00:01:23.400000Z</time></trkpt>
    <trkpt lat="52.229735889" lon="21.012325927"><ele>2.533</ele><time>1970-01-01T00:01:23.600000Z</time></trkpt>
    <trkpt lat="52.229723054" lon="21.012297992"><ele>7.659</ele><time>1970-01-01T00:01:23.700000Z</time></trkpt>
    <trkpt lat="52.229739555" lon="21.012316162"><ele>7.654</ele><time>1970-01-01T00:01:23.900000Z</time></trkpt>
    <trkpt lat="52.229754000" lon="21.012308404"><ele>8.199</ele><time>1970-01-01T00:01:24.100000Z</time></trkpt>
    <trkpt lat="52.229727816" lon="21.012311477"><ele>4.954</ele><time>1970-01-01T00:01:24.200000Z</time></trkpt>
    <trkpt lat="52.229725122" lon="21.012311047"><ele>3.933</ele><time>1970-01-01T00:01:24.400000Z</time></trkpt>
    <trkpt lat="52.229737815" lon="21.012307078"><ele>9.535</ele><time>1970-01-01T00:01:24.600000Z</time></trkpt>
    <trkpt lat="52.229726064" lon="21.012293673"><ele>4.805</ele><time>1970-01-01T00:01:24.700000Z</time></trkpt>
    <trkpt lat="52.229736787" lon="21.012301023"><ele>8.195</ele><time>1970-01-01T00:01:24.900000Z</time></trkpt>
    <trkpt lat="52.229752989" lon="21.012321031"><ele>6.374</ele><time>1970-01-01T00:01:25.100000Z</time></trkpt>
    <trkpt lat="52.229737215" lon="21.012307949"><ele>-0.158</ele><time>1970-01-01T00:01:25.200000Z</time></trkpt>
    <trkpt lat="52.229756578" lon="21.012299408"><ele>6.886</ele><time>1970-01-01T00:01:25.400000Z</time></trkpt>
    <trkpt lat="52.229746406" lon="21.012315109"><ele>8.479</ele><time>1970-01-01T00:01:25.600000Z</time></trkpt>
    <trkpt lat="52.229749605" lon="21.012313615"><ele>0.973</ele><time>1970-01-01T00:01:25.700000Z</time></trkpt>
    <trkpt lat="52.229737405" lon="21.012337682"><ele>0.644</ele><time>1970-01-01T00:01:25.900000Z</time></trkpt>
    <trkpt lat="52.229745750" lon="21.012313161"><ele>2.134</ele><time>1970-01-01T00:01:26.100000Z</time></trkpt>
    <trkpt lat="52.229744721" lon="21.012291599"><ele>7.427</ele><time>1970-01-01T00:01:26.200000Z</time></trkpt>
    <trkpt lat="52.229737529" lon="21.012306877"><ele>13.075</ele><time>1970-01-01T00:01:26.400000Z</time></trkpt>
    <trkpt lat="52.229771772" lon="21.012325697"><ele>3.410</ele><time>1970-01-01T00:01:26.600000Z</time></trkpt>
    <trkpt lat="52.229722313" lon="21.012324568"><ele>4.416</ele><time>1970-01-01T00:01:26.700000Z</time></trkpt>
    <trkpt lat="52.229757932" lon="21.012307492"><ele>8.837</ele><time>1970-01-01T00:01:26.900000Z</time></trkpt>
    <trkpt lat="52.229738383" lon="21.012302965"><ele>11.716</ele><time>1970-01-01T00:01:27.100000Z</time></trkpt>
    <trkpt lat="52.229755513" lon="21.012318652"><ele>6.656</ele><time>1970-01-01T00:01:27.200000Z</time></trkpt>
    <trkpt lat="52.229771736" lon="21.012303394"><ele>-1.589</ele><time>1970-01-01T00:01:27.400000Z</time></trkpt>
    <trkpt lat="52.229785392" lon="21.012316300"><ele>10.661</ele><time>1970-01-01T00:01:27.600000Z</time></trkpt>
    <trkpt lat="52.229743851" lon="21.012294807"><ele>5.769</ele><time>1970-01-01T00:01:27.700000Z</time></trkpt>
    <trkpt lat="52.229751271" lon="21.012303588"><ele>4.504</ele><time>1970-01-01T00:01:27.900000Z</time></trkpt>
    <trkpt lat="52.229763457" lon="21.012310768"><ele>2.686</ele><time>1970-01-01T00:01:28.100000Z</time></trkpt>
    <trkpt lat="52.229786451" lon="21.012304525"><ele>5.239</ele><time>1970-01-01T00:01:28.200000Z</time></trkpt>
    <trkpt lat="52.229767852" lon="21.012322691"><ele>5.427</ele><time>1970-01-01T00:01:28.400000Z</time></trkpt>
    <trkpt lat="52.229754125" lon="21.012325831"><ele>8.362</ele><time>1970-01-01T00:01:28.600000Z</time></trkpt>
    <trkpt lat="52.229792151" lon="21.012321104"><ele>1.939</ele><time>1970-01-01T00:01:28.700000Z</time></trkpt>
    <trkpt lat="52.229782475" lon="21.012307102"><ele>11.058</ele><time>1970-01-01T00:01:28.900000Z</time></trkpt>
    <trkpt lat="52.229788457" lon="21.012310506"><ele>2.811</ele><time>1970-01-01T00:01:29.100000Z</time></trkpt>
    <trkpt lat="52.229776776" lon="21.012312244"><ele>1.831</ele><time>1970-01-01T00:01:29.200000Z</time></trkpt>
    <trkpt lat="52.229780851" lon="21.012289343"><ele>3.853</ele><time>1970-01-01T00:01:29.400000Z</time></trkpt>
    <trkpt lat="52.229780753" lon="21.012310589"><ele>9.279</ele><time>1970-01-01T00:01:29.600000Z</time></trkpt>
    <trkpt lat="52.229774484" lon="21.012308331"><ele>8.022</ele><time>1970-01-01T00:01:29.700000Z</time></trkpt>
    <trkpt lat="52.229799446" lon="21.012312930"><ele>10.087</ele><time>1970-01-01T00:01:29.900000Z</time></trkpt>
    <trkpt lat="52.229808456" lon="21.012320728"><ele>7.969</ele><time>1970-01-01T00:01:30.300000Z</time></trkpt>
    <trkpt lat="52.229804680" lon="21.012301810"><ele>6.340</ele><time>1970-01-01T00:01:30.400000Z</time></trkpt>
    <trkpt lat="52.229771489" lon="21.012318537"><ele>3.125</ele><time>1970-01-01T00:01:30.600000Z</time></trkpt>
    <trkpt lat="52.229804321" lon="21.012317217"><ele>11.512</ele><time>1970-01-01T00:01:30.700000Z</time></trkpt>
    <trkpt lat="52.229806617" lon="21.012287390"><ele>8.194</ele><time>1970-01-01T00:01:30.900000Z</time></trkpt>
    <trkpt lat="52.229802063" lon="21.012285292"><ele>7.112</ele><time>1970-01-01T00:01:31.100000Z</time></trkpt>
    <trkpt lat="52.229824602" lon="21.012301971"><ele>7.096</ele><time>1970-01-01T00:01:31.200000Z</time></trkpt>
    <trkpt lat="52.229784751" lon="21.012288611"><ele>2.272</ele><time>1970-01-01T00:01:31.400000Z</time></trkpt>
    <trkpt lat="52.229805704" lon="21.012319057"><ele>0.238</ele><time>1970-01-01T00:01:31.600000Z</time></trkpt>
    <trkpt lat="52.229815198" lon="21.012331219"><ele>3.744</ele><time>1970-01-01T00:01:31.700000Z</time></trkpt>
    <trkpt lat="52.229816944" lon="21.012322662"><ele>7.039</ele><time>1970-01-01T00:01:31.900000Z</time></trkpt>
    <trkpt lat="52.229807397" lon="21.012300917"><ele>3.381</ele><time>1970-01-01T00:01:32.100000Z</time></trkpt>
    <trkpt lat="52.229783061" lon="21.012304368"><ele>2.752</ele><time>1970-01-01T00:01:32.200000Z</time></trkpt>
    <trkpt lat="52.229808944" lon="21.012299048"><ele>9.265</ele><time>1970-01-01T00:01:32.400000Z</time></trkpt>
    <trkpt lat="52.229809610" lon="21.012320478"><ele>6.121</ele><time>1970-01-01T00:01:32.600000Z</time></trkpt>
    <trkpt lat="52.229814686" lon="21.012305040"><ele>8.845</ele><time>1970-01-01T00:01:32.700000Z</time></trkpt>
    <trkpt lat="52.229812633" lon="21.012313059"><ele>3.478</ele><time>1970-01-01T00:01:32.900000Z</time></trkpt>
    <trkpt lat="52.229791314" lon="21.012313682"><ele>6.620</ele><time>1970-01-01T00:01:33.100000Z</time></trkpt>
    <trkpt lat="52.229803290" lon="21.012296405"><ele>5.496</ele><time>1970-01-01T00:01:33.200000Z</time></trkpt>
    <trkpt lat="52.229805302" lon="21.012316970"><ele>0.662</ele><time>1970-01-01T00:01:33.400000Z</time></trkpt>
    <trkpt lat="52.229817633" lon="21.012313553"><ele>7.382</ele><time>1970-01-01T00:01:33.600000Z</time></trkpt>
    <trkpt lat="52.229814274" lon="21.012310402"><ele>6.443</ele><time>1970-01-01T00:01:33.700000Z</time></trkpt>
    <trkpt lat="52.229800332" lon="21.012308897"><ele>6.415</ele><time>1970-01-01T00:01:33.900000Z</time></trkpt>
    <trkpt lat="52.229792243" lon="21.012336901"><ele>5.076</ele><time>1970-01-01T00:01:34.100000Z</time></trkpt>
    <trkpt lat="52.229814420" lon="21.012321873"><ele>5.592</ele><time>1970-01-01T00:01:34.200000Z</time></trkpt>
    <trkpt lat="52.229797921" lon="21.012341819"><ele>7.404</ele><time>1970-01-01T00:01:34.400000Z</time></trkpt>
    <trkpt lat="52.229830448" lon="21.012342827"><ele>5.432</ele><time>1970-01-01T00:01:34.600000Z</time></trkpt>
    <trkpt lat="52.229812272" lon="21.012350973"><ele>10.853</ele><time>1970-01-01T00:01:34.700000Z</time></trkpt>
    <trkpt lat="52.229797585" lon="21.012370272"><ele>3.336</ele><time>1970-01-01T00:01:34.900000Z</time></trkpt>
    <trkpt lat="52.229810654" lon="21.012363901"><ele>4.842</ele><time>1970-01-01T00:01:35.100000Z</time></trkpt>
    <trkpt lat="52.229795193" lon="21.012363913"><ele>4.825</ele><time>1970-01-01T00:01:35.200000Z</time></trkpt>
    <trkpt lat="52.229809471" lon="21.012364983"><ele>3.272</ele><time>1970-01-01T00:01:35.400000Z</time></trkpt>
    <trkpt lat="52.229770664" lon="21.012377567"><ele>7.664</ele><time>1970-01-01T00:01:35.600000Z</time></trkpt>
    <trkpt lat="52.229786282" lon="21.012370847"><ele>3.099</ele><time>1970-01-01T00:01:35.700000Z</time></trkpt>
    <trkpt lat="52.229815246" lon="21.012378406"><ele>11.179</ele><time>1970-01-01T00:01:35.900000Z</time></trkpt>
    <trkpt lat="52.229800528" lon="21.012361038"><ele>7.151</ele><time>1970-01-01T00:01:36.100000Z</time></trkpt>
    <trkpt lat="52.229819579" lon="21.012394350"><ele>3.282</ele><time>1970-01-01T00:01:36.200000Z</time></trkpt>
    <trkpt lat="52.229803285" lon="21.012375683"><ele>9.863</ele><time>1970-01-01T00:01:36.400000Z</time></trkpt>
    <trkpt lat="52.229805881" lon="21.012366414"><ele>3.033</ele><time>1970-01-01T00:01:36.600000Z</time></trkpt>
    <trkpt lat="52.229773018" lon="21.012403332"><ele>7.844</ele><time>1970-01-01T00:01:36.700000Z</time></trkpt>
    <trkpt lat="52.229787217" lon="21.012383976"><ele>5.140</ele><time>1970-01-01T00:01:36.900000Z</time></trkpt>
    <trkpt lat="52.229809555" lon="21.012397879"><ele>-2.211</ele><time>1970-01-01T00:01:37.100000Z</time></trkpt>
    <trkpt lat="52.229801563" lon="21.012380105"><ele>-0.211</ele><time>1970-01-01T00:01:37.200000Z</time></trkpt>
    <trkpt lat="52.229808614" lon="21.012406863"><ele>6.310</ele><time>1970-01-01T00:01:37.400000Z</time></trkpt>
    <trkpt lat="52.229795105" lon="21.012424330"><ele>-0.127</ele><time>1970-01-01T00:01:37.600000Z</time></trkpt>
    <trkpt lat="52.229807314" lon="21.012409897"><ele>0.891</ele><time>1970-01-01T00:01:37.700000Z</time></trkpt>
    <trkpt lat="52.229769253" lon="21.012388275"><ele>2.847</ele><time>1970-01-01T00:01:37.900000Z</time></trkpt>
    <trkpt lat="52.229798150" lon="21.012417346"><ele>7.148</ele><time>1970-01-01T00:01:38.100000Z</time></trkpt>
    <trkpt lat="52.229812095" lon="21.012411025"><ele>3.339</ele><time>1970-01-01T00:01:38.200000Z</time></trkpt>
    <trkpt lat="52.229828329" lon="21.012404114"><ele>3.153</ele><time>1970-01-01T00:01:38.400000Z</time></trkpt>
    <trkpt lat="52.229788180" lon="21.012402868"><ele>2.084</ele><time>1970-01-01T00:01:38.600000Z</time></trkpt>
    <trkpt lat="52.229804626" lon="21.012381579"><ele>3.123</ele><time>1970-01-01T00:01:38.700000Z</time></trkpt>
    <trkpt lat="52.229813354" lon="21.012396091"><ele>3.725</ele><time>1970-01-01T00:01:38.900000Z</time></trkpt>
    <trkpt lat="52.229787166" lon="21.012422025"><ele>4.085</ele><time>1970-01-01T00:01:39.500000Z</time></trkpt>
    <trkpt lat="52.229802087" lon="21.012418117"><ele>4.102</ele><time>1970-01-01T00:01:39.700000Z</time></trkpt>
    <trkpt lat="52.229806297" lon="21.012389948"><ele>-0.542</ele><time>1970-01-01T00:01:39.900000Z</time></trkpt>
    <trkpt lat="52.229809135" lon="21.012385238"><ele>4.191</ele><time>1970-01-01T00:01:40.100000Z</time></trkpt>
    <trkpt lat="52.229790974" lon="21.012396302"><ele>5.109</ele><time>1970-01-01T00:01:40.200000Z</time></trkpt>
    <trkpt lat="52.229794205" lon="21.012412045"><ele>2.818</ele><time>1970-01-01T00:01:40.400000Z</time></trkpt>
    <trkpt lat="52.229780632" lon="21.012426471"><ele>3.545</ele><time>1970-01-01T00:01:40.600000Z</time></trkpt>
    <trkpt lat="52.229803183" lon="21.012385719"><ele>2.157</ele><time>1970-01-01T00:01:40.700000Z</time></trkpt>
    <trkpt lat="52.229783428" lon="21.012406012"><ele>1.977</ele><time>1970-01-01T00:01:40.900000Z</time></trkpt>
    <trkpt lat="52.229808142" lon="21.012388831"><ele>1.664</ele><time>1970-01-01T00:01:41.100000Z</time></trkpt>
    <trkpt lat="52.229802661" lon="21.012400490"><ele>2.325</ele><time>1970-01-01T00:01:41.200000Z</time></trkpt>
    <trkpt lat="52.229808624" lon="21.012394833"><ele>10.044</ele><time>1970-01-01T00:01:41.400000Z</time></trkpt>
    <trkpt lat="52.229824901" lon="21.012383297"><ele>3.325</ele><time>1970-01-01T00:01:41.600000Z</time></trkpt>
    <trkpt lat="52.229823573" lon="21.012392452"><ele>0.827</ele><time>1970-01-01T00:01:41.700000Z</time></trkpt>
    <trkpt lat="52.229802246" lon="21.012397747"><ele>0.693</ele><time>1970-01-01T00:01:41.900000Z</time></trkpt>
    <trkpt lat="52.229800837" lon="21.012398100"><ele>6.687</ele><time>1970-01-01T00:01:42.100000Z</time></trkpt>
    <trkpt lat="52.229813716" lon="21.012415948"><ele>2.824</ele><time>1970-01-01T00:01:42.200000Z</time></trkpt>
    <trkpt lat="52.229820709" lon="21.012404955"><ele>4.117</ele><time>1970-01-01T00:01:42.400000Z</time></trkpt>
    <trkpt lat="52.229803605" lon="21.012410005"><ele>-0.816</ele><time>1970-01-01T00:01:42.600000Z</time></trkpt>
    <trkpt lat="52.229809000" lon="21.012398617"><ele>2.177</ele><time>1970-01-01T00:01:42.700000Z</time></trkpt>
    <trkpt lat="52.229782283" lon="21.012406795"><ele>2.971</ele><time>1970-01-01T00:01:42.900000Z</time></trkpt>
    <trkpt lat="52.229788405" lon="21.012425807"><ele>-3.042</ele><time>1970-01-01T00:01:43.100000Z</time></trkpt>
    <trkpt lat="52.229793706" lon="21.012391068"><ele>3.035</ele><time>1970-01-01T00:01:43.200000Z</time></trkpt>
    <trkpt lat="52.229807688" lon="21.012383424"><ele>-0.891</ele><time>1970-01-01T00:01:43.400000Z</time></trkpt>
    <trkpt lat="52.229795277" lon="21.012389926"><ele>-0.637</ele><time>1970-01-01T00:01:43.600000Z</time></trkpt>
    <trkpt lat="52.229822062" lon="21.012387226"><ele>-0.620</ele><time>1970-01-01T00:01:43.700000Z</time></trkpt>
    <trkpt lat="52.229795970" lon="21.012419111"><ele>8.939</ele><time>1970-01-01T00:01:43.900000Z</time></trkpt>
    <trkpt lat="52.229771123" lon="21.012396212"><ele>4.454</ele><time>1970-01-01T00:01:44.100000Z</time></trkpt>
    <trkpt lat="52.229791623" lon="21.012390167"><ele>10.218</ele><time>1970-01-01T00:01:44.200000Z</time></trkpt>
    <trkpt lat="52.229780646" lon="21.012394578"><ele>3.102</ele><time>1970-01-01T00:01:44.400000Z</time></trkpt>
    <trkpt lat="52.229800875" lon="21.012399496"><ele>5.760</ele><time>1970-01-01T00:01:44.600000Z</time></trkpt>
    <trkpt lat="52.229793680" lon="21.012414452"><ele>6.280</ele><time>1970-01-01T00:01:44.700000Z</time></trkpt>
    <trkpt lat="52.229819514" lon="21.012395161"><ele>10.211</ele><time>1970-01-01T00:01:44.900000Z</time></trkpt>
    <trkpt lat="52.229789840" lon="21.012405748"><ele>2.792</ele><time>1970-01-01T00:01:45.100000Z</time></trkpt>
    <trkpt lat="52.229792211" lon="21.012378645"><ele>2.465</ele><time>1970-01-01T00:01:45.200000Z</time></trkpt>
    <trkpt lat="52.229783880" lon="21.012403305"><ele>6.728</ele><time>1970-01-01T00:01:45.400000Z</time></trkpt>
    <trkpt lat="52.229786335" lon="21.012418672"><ele>5.593</ele><time>1970-01-01T00:01:45.600000Z</time></trkpt>
    <trkpt lat="52.229782923" lon="21.012403789"><ele>15.744</ele><time>1970-01-01T00:01:45.700000Z</time></trkpt>
    <trkpt lat="52.229779123" lon="21.012419180"><ele>11.163</ele><time>1970-01-01T00:01:45.900000Z</time></trkpt>
    <trkpt lat="52.229785100" lon="21.012444880"><ele>8.020</ele><time>1970-01-01T00:01:46.900000Z</time></trkpt>
    <trkpt lat="52.229793547" lon="21.012437533"><ele>17.893</ele><time>1970-01-01T00:01:47.100000Z</time></trkpt>
    <trkpt lat="52.229783363" lon="21.012403945"><ele>8.283</ele><time>1970-01-01T00:01:47.200000Z</time></trkpt>
    <trkpt lat="52.229793577" lon="21.012422482"><ele>9.853</ele><time>1970-01-01T00:01:47.400000Z</time></trkpt>
    <trkpt lat="52.229828634" lon="21.012436138"><ele>13.599</ele><time>1970-01-01T00:01:47.600000Z</time></trkpt>
    <trkpt lat="52.229823433" lon="21.012433913"><ele>8.834</ele><time>1970-01-01T00:01:47.700000Z</time></trkpt>
    <trkpt lat="52.229812445" lon="21.012416670"><ele>11.114</ele><time>1970-01-01T00:01:47.900000Z</time></trkpt>
    <trkpt lat="52.229798858" lon="21.012447314"><ele>9.327</ele><time>1970-01-01T00:01:48.100000Z</time></trkpt>
    <trkpt lat="52.229798854" lon="21.012428673"><ele>13.956</ele><time>1970-01-01T00:01:48.200000Z</time></trkpt>
    <trkpt lat="52.229825646" lon="21.012445319"><ele>7.376</ele><time>1970-01-01T00:01:48.400000Z</time></trkpt>
    <trkpt lat="52.229792126" lon="21.012445829"><ele>6.827</ele><time>1970-01-01T00:01:48.600000Z</time></trkpt>
    <trkpt lat="52.229786012" lon="21.012437661"><ele>10.177</ele><time>1970-01-01T00:01:48.700000Z</time></trkpt>
    <trkpt lat="52.229806907" lon="21.012440195"><ele>6.554</ele><time>1970-01-01T00:01:48.900000Z</time></trkpt>
    <trkpt lat="52.229802471" lon="21.012428724"><ele>7.576</ele><time>1970-01-01T00:01:49.100000Z</time></trkpt>
    <trkpt lat="52.229805619" lon="21.012434762"><ele>8.634</ele><time>1970-01-01T00:01:49.200000Z</time></trkpt>
    <trkpt lat="52.229821087" lon="21.012443279"><ele>8.179</ele><time>1970-01-01T00:01:49.400000Z</time></trkpt>
    <trkpt lat="52.229793981" lon="21.012441310"><ele>4.355</ele><time>1970-01-01T00:01:49.600000Z</time></trkpt>
    <trkpt lat="52.229800731" lon="21.012448219"><ele>8.273</ele><time>1970-01-01T00:01:49.700000Z</time></trkpt>
    <trkpt lat="52.229790100" lon="21.012454440"><ele>1.528</ele><time>1970-01-01T00:01:49.900000Z</time></trkpt>
    <trkpt lat="52.229799788" lon="21.012442263"><ele>1.676</ele><time>1970-01-01T00:01:50.100000Z</time></trkpt>
    <trkpt lat="52.229798515" lon="21.012469040"><ele>1.037</ele><time>1970-01-01T00:01:50.200000Z</time></trkpt>
    <trkpt lat="52.229798673" lon="21.012430881"><ele>3.730</ele><time>1970-01-01T00:01:50.400000Z</time></trkpt>
    <trkpt lat="52.229798901" lon="21.012442365"><ele>8.087</ele><time>1970-01-01T00:01:50.600000Z</time></trkpt>
    <trkpt lat="52.229812282" lon="21.012454457"><ele>4.242</ele><time>1970-01-01T00:01:50.700000Z</time></trkpt>
    <trkpt lat="52.229814633" lon="21.012446297"><ele>6.249</ele><time>1970-01-01T00:01:50.900000Z</time></trkpt>
    <trkpt lat="52.229783589" lon="21.012449646"><ele>2.073</ele><time>1970-01-01T00:01:51.100000Z</time></trkpt>
    <trkpt lat="52.229819628" lon="21.012446003"><ele>0.832</ele><time>1970-01-01T00:01:51.200000Z</time></trkpt>
    <trkpt lat="52.229805022" lon="21.012440565"><ele>4.221</ele><time>1970-01-01T00:01:51.400000Z</time></trkpt>
    <trkpt lat="52.229795914" lon="21.012431911"><ele>1.423</ele><time>1970-01-01T00:01:51.600000Z</time></trkpt>
    <trkpt lat="52.229807902" lon="21.012437061"><ele>3.786</ele><time>1970-01-01T00:01:51.700000Z</time></trkpt>
    <trkpt lat="52.229815350" lon="21.012418670"><ele>5.317</ele><time>1970-01-01T00:01:51.900000Z</time></trkpt>
    <trkpt lat="52.229801711" lon="21.012419162"><ele>-1.938</ele><time>1970-01-01T00:01:52.100000Z</time></trkpt>
    <trkpt lat="52.229798400" lon="21.012481749"><ele>4.256</ele><time>1970-01-01T00:01:52.200000Z</time></trkpt>
    <trkpt lat="52.229796948" lon="21.012441009"><ele>3.695</ele><time>1970-01-01T00:01:52.400000Z</time></trkpt>
    <trkpt lat="52.229811329" lon="21.012434991"><ele>9.131</ele><time>1970-01-01T00:01:52.600000Z</time></trkpt>
    <trkpt lat="52.229823726" lon="21.012432451"><ele>4.223</ele><time>1970-01-01T00:01:52.700000Z</time></trkpt>
    <trkpt lat="52.229808781" lon="21.012424267"><ele>5.086</ele><time>1970-01-01T00:01:52.900000Z</time></trkpt>
    <trkpt lat="52.229814055" lon="21.012439702"><ele>-0.762</ele><time>1970-01-01T00:01:53.100000Z</time></trkpt>
    <trkpt lat="52.229798252" lon="21.012418159"><ele>1.101</ele><time>1970-01-01T00:01:53.900000Z</time></trkpt>
    <trkpt lat="52.229804032" lon="21.012440306"><ele>2.405</ele><time>1970-01-01T00:01:54.100000Z</time></trkpt>
    <trkpt lat="52.229806104" lon="21.012446021"><ele>1.836</ele><time>1970-01-01T00:01:54.200000Z</time></trkpt>
    <trkpt lat="52.229805795" lon="21.012446146"><ele>2.495</ele><time>1970-01-01T00:01:54.400000Z</time></trkpt>
    <trkpt lat="52.229778921" lon="21.012465890"><ele>0.625</ele><time>1970-01-01T00:01:54.600000Z</time></trkpt>
    <trkpt lat="52.229806187" lon="21.012442275"><ele>5.321</ele><time>1970-01-01T00:01:54.700000Z</time></trkpt>
    <trkpt lat="52.229794037" lon="21.012437047"><ele>6.832</ele><time>1970-01-01T00:01:54.900000Z</time></trkpt>
    <trkpt lat="52.229796027" lon="21.012449149"><ele>0.202</ele><time>1970-01-01T00:01:55.100000Z</time></trkpt>
    <trkpt lat="52.229787335" lon="21.012443111"><ele>6.344</ele><time>1970-01-01T00:01:55.200000Z</time></trkpt>
    <trkpt lat="52.229789792" lon="21.012424907"><ele>8.833</ele><time>1970-01-01T00:01:55.400000Z</time></trkpt>
    <trkpt lat="52.229788938" lon="21.012452452"><ele>4.535</ele><time>1970-01-01T00:01:55.600000Z</time></trkpt>
    <trkpt lat="52.229803185" lon="21.012466957"><ele>8.420</ele><time>1970-01-01T00:01:55.700000Z</time></trkpt>
    <trkpt lat="52.229810514" lon="21.012438719"><ele>5.860</ele><time>1970-01-01T00:01:55.900000Z</time></trkpt>
    <trkpt lat="52.229811642" lon="21.012429916"><ele>7.812</ele><time>1970-01-01T00:01:56.100000Z</time></trkpt>
    <trkpt lat="52.229801134" lon="21.012457629"><ele>-4.218</ele><time>1970-01-01T00:01:56.200000Z</time></trkpt>
    <trkpt lat="52.229793273" lon="21.012449586"><ele>4.617</ele><time>1970-01-01T00:01:56.400000Z</time></trkpt>
    <trkpt lat="52.229807498" lon="21.012439289"><ele>2.609</ele><time>1970-01-01T00:01:56.600000Z</time></trkpt>
    <trkpt lat="52.229809062" lon="21.012451694"><ele>7.585</ele><time>1970-01-01T00:01:56.700000Z</time></trkpt>
    <trkpt lat="52.229778963" lon="21.012450449"><ele>-0.235</ele><time>1970-01-01T00:01:56.900000Z</time></trkpt>
    <trkpt lat="52.229794313" lon="21.012461146"><ele>4.469</ele><time>1970-01-01T00:01:57.100000Z</time></trkpt>
    <trkpt lat="52.229806270" lon="21.012463974"><ele>7.861</ele><time>1970-01-01T00:01:57.200000Z</time></trkpt>
    <trkpt lat="52.229794837" lon="21.012458501"><ele>2.177</ele><time>1970-01-01T00:01:57.400000Z</time></trkpt>
    <trkpt lat="52.229831784" lon="21.012453380"><ele>8.202</ele><time>1970-01-01T00:01:57.600000Z</time></trkpt>
    <trkpt lat="52.229808548" lon="21.012482334"><ele>1.978</ele><time>1970-01-01T00:01:57.700000Z</time></trkpt>
    <trkpt lat="52.229789866" lon="21.012490201"><ele>6.909</ele><time>1970-01-01T00:01:57.900000Z</time></trkpt>
    <trkpt lat="52.229812007" lon="21.012483031"><ele>11.043</ele><time>1970-01-01T00:01:58.100000Z</time></trkpt>
    <trkpt lat="52.229796360" lon="21.012483655"><ele>0.921</ele><time>1970-01-01T00:01:58.200000Z</time></trkpt>
    <trkpt lat="52.229808059" lon="21.012511667"><ele>7.846</ele><time>1970-01-01T00:01:58.400000Z</time></trkpt>
    <trkpt lat="52.229815236" lon="21.012511017"><ele>1.566</ele><time>1970-01-01T00:01:58.600000Z</time></trkpt>
    <trkpt lat="52.229783125" lon="21.012505587"><ele>1.591</ele><time>1970-01-01T00:01:58.700000Z</time></trkpt>
    <trkpt lat="52.229809010" lon="21.012500270"><ele>11.013</ele><time>1970-01-01T00:01:58.900000Z</time></trkpt>
    <trkpt lat="52.229771501" lon="21.012528727"><ele>1.277</ele><time>1970-01-01T00:01:59.100000Z</time></trkpt>
    <trkpt lat="52.229814182" lon="21.012518857"><ele>7.652</ele><time>1970-01-01T00:01:59.200000Z</time></trkpt>
    <trkpt lat="52.229805193" lon="21.012519002"><ele>-0.935</ele><time>1970-01-01T00:01:59.400000Z</time></trkpt>
    <trkpt lat="52.229801285" lon="21.012537974"><ele>5.462</ele><time>1970-01-01T00:01:59.600000Z</time></trkpt>
    <trkpt lat="52.229801035" lon="21.012558422"><ele>5.815</ele><time>1970-01-01T00:01:59.700000Z</time></trkpt>
    <trkpt lat="52.229802499" lon="21.012560277"><ele>6.776</ele><time>1970-01-01T00:01:59.900000Z</time></trkpt>
    <trkpt lat="52.229781004" lon="21.012555095"><ele>2.465</ele><time>1970-01-01T00:02:00.500000Z</time></trkpt>
    <trkpt lat="52.229811588" lon="21.012570450"><ele>9.952</ele><time>1970-01-01T00:02:00.700000Z</time></trkpt>
    <trkpt lat="52.229807345" lon="21.012558013"><ele>2.132</ele><time>1970-01-01T00:02:00.900000Z</time></trkpt>
    <trkpt lat="52.229779140" lon="21.012540608"><ele>5.916</ele><time>1970-01-01T00:02:01.100000Z</time></trkpt>
    <trkpt lat="52.229796405" lon="21.012549790"><ele>2.118</ele><time>1970-01-01T00:02:01.200000Z</time></trkpt>
    <trkpt lat="52.229783623" lon="21.012553200"><ele>-0.462</ele><time>1970-01-01T00:02:01.400000Z</time></trkpt>
    <trkpt lat="52.229791761" lon="21.012559630"><ele>6.641</ele><time>1970-01-01T00:02:01.600000Z</time></trkpt>
    <trkpt lat="52.229811359" lon="21.012557372"><ele>4.359</ele><time>1970-01-01T00:02:01.700000Z</time></trkpt>
    <trkpt lat="52.229808840" lon="21.012546125"><ele>5.762</ele><time>1970-01-01T00:02:01.900000Z</time></trkpt>
    <trkpt lat="52.229793058" lon="21.012564949"><ele>7.879</ele><time>1970-01-01T00:02:02.100000Z</time></trkpt>
    <trkpt lat="52.229795670" lon="21.012548669"><ele>8.985</ele><time>1970-01-01T00:02:02.200000Z</time></trkpt>
    <trkpt lat="52.229796602" lon="21.012568985"><ele>9.548</ele><time>1970-01-01T00:02:02.400000Z</time></trkpt>
    <trkpt lat="52.229784537" lon="21.012548558"><ele>1.043</ele><time>1970-01-01T00:02:02.600000Z</time></trkpt>
    <trkpt lat="52.229804929" lon="21.012557915"><ele>0.080</ele><time>1970-01-01T00:02:02.700000Z</time></trkpt>
    <trkpt lat="52.229788710" lon="21.012565383"><ele>1.158</ele><time>1970-01-01T00:02:02.900000Z</time></trkpt>
    <trkpt lat="52.229807643" lon="21.012550012"><ele>-1.223</ele><time>1970-01-01T00:02:03.100000Z</time></trkpt>
    <trkpt lat="52.229786226" lon="21.012555641"><ele>1.128</ele><time>1970-01-01T00:02:03.200000Z</time></trkpt>
    <trkpt lat="52.229798905" lon="21.012554349"><ele>3.292</ele><time>1970-01-01T00:02:03.400000Z</time></trkpt>
    <trkpt lat="52.229799096" lon="21.012536377"><ele>1.977</ele><time>1970-01-01T00:02:03.600000Z</time></trkpt>
    <trkpt lat="52.229796577" lon="21.012548951"><ele>1.836</ele><time>1970-01-01T00:02:03.700000Z</time></trkpt>
    <trkpt lat="52.229804572" lon="21.012565875"><ele>2.237</ele><time>1970-01-01T00:02:03.900000Z</time></trkpt>
    <trkpt lat="52.229807884" lon="21.012529776"><ele>14.477</ele><time>1970-01-01T00:02:04.100000Z</time></trkpt>
    <trkpt lat="52.229789453" lon="21.012573845"><ele>-1.875</ele><time>1970-01-01T00:02:04.200000Z</time></trkpt>
    <trkpt lat="52.229803161" lon="21.012553155"><ele>-3.651</ele><time>1970-01-01T00:02:04.400000Z</time></trkpt>
    <trkpt lat="52.229807863" lon="21.012560134"><ele>-0.421</ele><time>1970-01-01T00:02:04.600000Z</time></trkpt>
    <trkpt lat="52.229798420" lon="21.012548477"><ele>-1.183</ele><time>1970-01-01T00:02:04.700000Z</time></trkpt>
    <trkpt lat="52.229806054" lon="21.012565710"><ele>3.563</ele><time>1970-01-01T00:02:04.900000Z</time></trkpt>
    <trkpt lat="52.229795649" lon="21.012567343"><ele>0.381</ele><time>1970-01-01T00:02:05.100000Z</time></trkpt>
    <trkpt lat="52.229791157" lon="21.012561818"><ele>5.119</ele><time>1970-01-01T00:02:05.200000Z</time></trkpt>
    <trkpt lat="52.229796400" lon="21.012548605"><ele>2.065</ele><time>1970-01-01T00:02:05.400000Z</time></trkpt>
    <trkpt lat="52.229814396" lon="21.012561472"><ele>2.869</ele><time>1970-01-01T00:02:05.600000Z</time></trkpt>
    <trkpt lat="52.229786450" lon="21.012551643"><ele>-0.294</ele><time>1970-01-01T00:02:05.700000Z</time></trkpt>
    <trkpt lat="52.229790491" lon="21.012559442"><ele>0.557</ele><time>1970-01-01T00:02:05.900000Z</time></trkpt>
    <trkpt lat="52.229796492" lon="21.012547424"><ele>-2.347</ele><time>1970-01-01T00:02:06.100000Z</time></trkpt>
    <trkpt lat="52.229813591" lon="21.012561158"><ele>2.516</ele><time>1970-01-01T00:02:06.200000Z</time></trkpt>
    <trkpt lat="52.229802942" lon="21.012579956"><ele>-1.332</ele><time>1970-01-01T00:02:06.400000Z</time></trkpt>
    <trkpt lat="52.229815841" lon="21.012571991"><ele>1.515</ele><time>1970-01-01T00:02:06.600000Z</time></trkpt>
    <trkpt lat="52.229810651" lon="21.012583497"><ele>-0.824</ele><time>1970-01-01T00:02:06.700000Z</time></trkpt>
    <trkpt lat="52.229805683" lon="21.012582337"><ele>-0.016</ele><time>1970-01-01T00:02:06.900000Z</time></trkpt>
    <trkpt lat="52.229778113" lon="21.012576940"><ele>4.436</ele><time>1970-01-01T00:02:07.100000Z</time></trkpt>
    <trkpt lat="52.229805016" lon="21.012563890"><ele>5.297</ele><time>1970-01-01T00:02:07.200000Z</time></trkpt>
    <trkpt lat="52.229803190" lon="21.012559837"><ele>-1.486</ele><time>1970-01-01T00:02:07.400000Z</time></trkpt>
    <trkpt lat="52.229774073" lon="21.012582761"><ele>5.278</ele><time>1970-01-01T00:02:07.600000Z</time></trkpt>
    <trkpt lat="52.229786994" lon="21.012578830"><ele>7.126</ele><time>1970-01-01T00:02:07.700000Z</time></trkpt>
    <trkpt lat="52.229778561" lon="21.012561466"><ele>0.848</ele><time>1970-01-01T00:02:07.900000Z</time></trkpt>
    <trkpt lat="52.229828354" lon="21.012580495"><ele>-1.855</ele><time>1970-01-01T00:02:08.100000Z</time></trkpt>
    <trkpt lat="52.229799864" lon="21.012551832"><ele>-2.623</ele><time>1970-01-01T00:02:08.300000Z</time></trkpt>
    <trkpt lat="52.229794636" lon="21.012567036"><ele>1.892</ele><time>1970-01-01T00:02:09.300000Z</time></trkpt>
    <trkpt lat="52.229810336" lon="21.012563854"><ele>1.487</ele><time>1970-01-01T00:02:09.500000Z</time></trkpt>
    <trkpt lat="52.229793483" lon="21.012545926"><ele>6.871</ele><time>1970-01-01T00:02:09.700000Z</time></trkpt>
    <trkpt lat="52.229820294" lon="21.012556867"><ele>0.087</ele><time>1970-01-01T00:02:09.800000Z</time></trkpt>
    <trkpt lat="52.229798941" lon="21.012577703"><ele>-2.490</ele><time>1970-01-01T00:02:10Z</time></trkpt>
    <trkpt lat="52.229758940" lon="21.012565816"><ele>4.310</ele><time>1970-01-01T00:02:10.200000Z</time></trkpt>
    <trkpt lat="52.229770662" lon="21.012570752"><ele>0.812</ele><time>1970-01-01T00:02:10.300000Z</time></trkpt>
    <trkpt lat="52.229767221" lon="21.012581054"><ele>1.076</ele><time>1970-01-01T00:02:10.500000Z</time></trkpt>
    <trkpt lat="52.229783003" lon="21.012565002"><ele>5.331</ele><time>1970-01-01T00:02:10.700000Z</time></trkpt>
    <trkpt lat="52.229773766" lon="21.012561170"><ele>6.268</ele><time>1970-01-01T00:02:10.800000Z</time></trkpt>
    <trkpt lat="52.229784203" lon="21.012564893"><ele>-0.037</ele><time>1970-01-01T00:02:11Z</time></trkpt>
    <trkpt lat="52.229750698" lon="21.012587473"><ele>6.261</ele><time>1970-01-01T00:02:11.200000Z</time></trkpt>
    <trkpt lat="52.229778064" lon="21.012560009"><ele>0.734</ele><time>1970-01-01T00:02:11.300000Z</time></trkpt>
    <trkpt lat="52.229765393" lon="21.012554352"><ele>6.227</ele><time>1970-01-01T00:02:11.500000Z</time></trkpt>
    <trkpt lat="52.229774507" lon="21.012570981"><ele>0.861</ele><time>1970-01-01T00:02:11.700000Z</time></trkpt>
    <trkpt lat="52.229764577" lon="21.012563341"><ele>2.715</ele><time>1970-01-01T00:02:11.800000Z</time></trkpt>
    <trkpt lat="52.229774616" lon="21.012559857"><ele>5.859</ele><time>1970-01-01T00:02:12Z</time></trkpt>
    <trkpt lat="52.229775719" lon="21.012553470"><ele>2.174</ele><time>1970-01-01T00:02:12.200000Z</time></trkpt>
    <trkpt lat="52.229785544" lon="21.012561762"><ele>6.134</ele><time>1970-01-01T00:02:12.300000Z</time></trkpt>
    <trkpt lat="52.229779877" lon="21.012554578"><ele>-1.405</ele><time>1970-01-01T00:02:12.500000Z</time></trkpt>
    <trkpt lat="52.229770342" lon="21.012548081"><ele>-1.639</ele><time>1970-01-01T00:02:12.700000Z</time></trkpt>
    <trkpt lat="52.229748810" lon="21.012544701"><ele>3.173</ele><time>1970-01-01T00:02:12.800000Z</time></trkpt>
    <trkpt lat="52.229756447" lon="21.012559829"><ele>0.856</ele><time>1970-01-01T00:02:13Z</time></trkpt>
    <trkpt lat="52.229766931" lon="21.012564870"><ele>1.068</ele><time>1970-01-01T00:02:13.200000Z</time></trkpt>
    <trkpt lat="52.229764904" lon="21.012541677"><ele>2.068</ele><time>1970-01-01T00:02:13.300000Z</time></trkpt>
    <trkpt lat="52.229751558" lon="21.012577108"><ele>1.032</ele><time>1970-01-01T00:02:13.500000Z</time></trkpt>
    <trkpt lat="52.229759559" lon="21.012569179"><ele>3.167</ele><time>1970-01-01T00:02:13.700000Z</time></trkpt>
    <trkpt lat="52.229762722" lon="21.012581902"><ele>2.126</ele><time>1970-01-01T00:02:13.800000Z</time></trkpt>
    <trkpt lat="52.229766066" lon="21.012579172"><ele>2.172</ele><time>1970-01-01T00:02:14Z</time></trkpt>
    <trkpt lat="52.229740565" lon="21.012585751"><ele>6.774</ele><time>1970-01-01T00:02:14.200000Z</time></trkpt>
    <trkpt lat="52.229735034" lon="21.012539816"><ele>8.732</ele><time>1970-01-01T00:02:14.300000Z</time></trkpt>
    <trkpt lat="52.229770859" lon="21.012585752"><ele>1.556</ele><time>1970-01-01T00:02:14.500000Z</time></trkpt>
    <trkpt lat="52.229746618" lon="21.012578593"><ele>2.415</ele><time>1970-01-01T00:02:14.700000Z</time></trkpt>
    <trkpt lat="52.229741776" lon="21.012558030"><ele>1.934</ele><time>1970-01-01T00:02:14.800000Z</time></trkpt>
    <trkpt lat="52.229750079" lon="21.012547544"><ele>5.835</ele><time>1970-01-01T00:02:15Z</time></trkpt>
    <trkpt lat="52.229761704" lon="21.012573043"><ele>6.886</ele><time>1970-01-01T00:02:15.200000Z</time></trkpt>
    <trkpt lat="52.229766864" lon="21.012542846"><ele>0.629</ele><time>1970-01-01T00:02:15.300000Z</time></trkpt>
    <trkpt lat="52.229748148" lon="21.012580805"><ele>-1.387</ele><time>1970-01-01T00:02:15.500000Z</time></trkpt>
    <trkpt lat="52.229776321" lon="21.012548766"><ele>2.185</ele><time>1970-01-01T00:02:15.700000Z</time></trkpt>
    <trkpt lat="52.229750601" lon="21.012564056"><ele>1.798</ele><time>1970-01-01T00:02:15.800000Z</time></trkpt>
    <trkpt lat="52.229779016" lon="21.012555302"><ele>2.085</ele><time>1970-01-01T00:02:16Z</time></trkpt>
    <trkpt lat="52.229754248" lon="21.012559935"><ele>4.260</ele><time>1970-01-01T00:02:16.200000Z</time></trkpt>
    <trkpt lat="52.229752016" lon="21.012575493"><ele>3.173</ele><time>1970-01-01T00:02:16.300000Z</time></trkpt>
    <trkpt lat="52.229773874" lon="21.012549349"><ele>-0.848</ele><time>1970-01-01T00:02:16.500000Z</time></trkpt>
    <trkpt lat="52.229732344" lon="21.012554086"><ele>1.613</ele><time>1970-01-01T00:02:16.700000Z</time></trkpt>
    <trkpt lat="52.229772582" lon="21.012549938"><ele>-2.327</ele><time>1970-01-01T00:02:16.800000Z</time></trkpt>
    <trkpt lat="52.229749958" lon="21.012582495"><ele>0.651</ele><time>1970-01-01T00:02:17.700000Z</time></trkpt>
    <trkpt lat="52.229789891" lon="21.012582139"><ele>3.227</ele><time>1970-01-01T00:02:17.800000Z</time></trkpt>
    <trkpt lat="52.229759044" lon="21.012573350"><ele>1.135</ele><time>1970-01-01T00:02:18Z</time></trkpt>
    <trkpt lat="52.229779351" lon="21.012574106"><ele>5.417</ele><time>1970-01-01T00:02:18.200000Z</time></trkpt>
    <trkpt lat="52.229770622" lon="21.012572744"><ele>2.091</ele><time>1970-01-01T00:02:18.300000Z</time></trkpt>
    <trkpt lat="52.229745101" lon="21.012570848"><ele>7.683</ele><time>1970-01-01T00:02:18.500000Z</time></trkpt>
    <trkpt lat="52.229764502" lon="21.012546151"><ele>-0.704</ele><time>1970-01-01T00:02:18.700000Z</time></trkpt>
    <trkpt lat="52.229747591" lon="21.012562555"><ele>7.034</ele><time>1970-01-01T00:02:18.800000Z</time></trkpt>
    <trkpt lat="52.229755542" lon="21.012566446"><ele>5.954</ele><time>1970-01-01T00:02:19Z</time></trkpt>
    <trkpt lat="52.229789891" lon="21.012574164"><ele>4.301</ele><time>1970-01-01T00:02:19.200000Z</time></trkpt>
    <trkpt lat="52.229765702" lon="21.012570967"><ele>4.371</ele><time>1970-01-01T00:02:19.300000Z</time></trkpt>
    <trkpt lat="52.229769452" lon="21.012573723"><ele>3.312</ele><time>1970-01-01T00:02:19.500000Z</time></trkpt>
    <trkpt lat="52.229758300" lon="21.012559646"><ele>-1.787</ele><time>1970-01-01T00:02:19.700000Z</time></trkpt>
    <trkpt lat="52.229757880" lon="21.012588309"><ele>0.710</ele><time>1970-01-01T00:02:19.800000Z</time></trkpt>
    <trkpt lat="52.229744481" lon="21.012568997"><ele>3.786</ele><time>1970-01-01T00:02:20Z</time></trkpt>
    <trkpt lat="52.229761949" lon="21.012578600"><ele>1.746</ele><time>1970-01-01T00:02:20.200000Z</time></trkpt>
    <trkpt lat="52.229744545" lon="21.012564955"><ele>3.414</ele><time>1970-01-01T00:02:20.300000Z</time></trkpt>
    <trkpt lat="52.229768645" lon="21.012560591"><ele>-3.398</ele><time>1970-01-01T00:02:20.500000Z</time></trkpt>
    <trkpt lat="52.229748175" lon="21.012563839"><ele>2.078</ele><time>1970-01-01T00:02:20.700000Z</time></trkpt>
    <trkpt lat="52.229786415" lon="21.012571748"><ele>3.038</ele><time>1970-01-01T00:02:20.800000Z</time></trkpt>
    <trkpt lat="52.229753272" lon="21.012573316"><ele>-1.428</ele><time>1970-01-01T00:02:21Z</time></trkpt>
    <trkpt lat="52.229771064" lon="21.012587813"><ele>3.417</ele><time>1970-01-01T00:02:21.200000Z</time></trkpt>
    <trkpt lat="52.229756632" lon="21.012561425"><ele>-0.668</ele><time>1970-01-01T00:02:21.300000Z</time></trkpt>
    <trkpt lat="52.229763657" lon="21.012563531"><ele>4.861</ele><time>1970-01-01T00:02:21.500000Z</time></trkpt>
    <trkpt lat="52.229769369" lon="21.012567340"><ele>2.283</ele><time>1970-01-01T00:02:21.700000Z</time></trkpt>
    <trkpt lat="52.229757547" lon="21.012558157"><ele>3.617</ele><time>1970-01-01T00:02:21.800000Z</time></trkpt>
    <trkpt lat="52.229760832" lon="21.012569972"><ele>3.023</ele><time>1970-01-01T00:02:22Z</time></trkpt>
    <trkpt lat="52.229742624" lon="21.012539893"><ele>0.561</ele><time>1970-01-01T00:02:22.200000Z</time></trkpt>
    <trkpt lat="52.229764655" lon="21.012560684"><ele>4.943</ele><time>1970-01-01T00:02:22.300000Z</time></trkpt>
    <trkpt lat="52.229734400" lon="21.012563065"><ele>5.776</ele><time>1970-01-01T00:02:22.500000Z</time></trkpt>
    <trkpt lat="52.229766566" lon="21.012571485"><ele>3.341</ele><time>1970-01-01T00:02:22.700000Z</time></trkpt>
    <trkpt lat="52.229751835" lon="21.012563496"><ele>6.534</ele><time>1970-01-01T00:02:22.800000Z</time></trkpt>
    <trkpt lat="52.229748072" lon="21.012560130"><ele>-0.076</ele><time>1970-01-01T00:02:23Z</time></trkpt>
    <trkpt lat="52.229726745" lon="21.012549159"><ele>-2.086</ele><time>1970-01-01T00:02:23.200000Z</time></trkpt>
    <trkpt lat="52.229753821" lon="21.012543003"><ele>6.325</ele><time>1970-01-01T00:02:23.300000Z</time></trkpt>
    <trkpt lat="52.229733866" lon="21.012575358"><ele>3.685</ele><time>1970-01-01T00:02:23.500000Z</time></trkpt>
    <trkpt lat="52.229737929" lon="21.012541659"><ele>4.506</ele><time>1970-01-01T00:02:23.700000Z</time></trkpt>
    <trkpt lat="52.229763278" lon="21.012563420"><ele>0.247</ele><time>1970-01-01T00:02:23.800000Z</time></trkpt>
    <trkpt lat="52.229752343" lon="21.012566135"><ele>4.710</ele><time>1970-01-01T00:02:24Z</time></trkpt>
    <trkpt lat="52.229749838" lon="21.012586462"><ele>6.649</ele><time>1970-01-01T00:02:24.200000Z</time></trkpt>
    <trkpt lat="52.229748837" lon="21.012557486"><ele>4.390</ele><time>1970-01-01T00:02:24.300000Z</time></trkpt>
    <trkpt lat="52.229729455" lon="21.012570939"><ele>4.612</ele><time>1970-01-01T00:02:24.500000Z</time></trkpt>
    <trkpt lat="52.229706283" lon="21.012556530"><ele>1.547</ele><time>1970-01-01T00:02:24.700000Z</time></trkpt>
    <trkpt lat="52.229757209" lon="21.012573521"><ele>6.512</ele><time>1970-01-01T00:02:24.800000Z</time></trkpt>
    <trkpt lat="52.229743242" lon="21.012571419"><ele>4.476</ele><time>1970-01-01T00:02:25Z</time></trkpt>
    <trkpt lat="52.229753365" lon="21.012558322"><ele>3.431</ele><time>1970-01-01T00:02:25.200000Z</time></trkpt>
    <trkpt lat="52.229739408" lon="21.012572955"><ele>2.168</ele><time>1970-01-01T00:02:25.300000Z</time></trkpt>
    <trkpt lat="52.229714016" lon="21.012567049"><ele>-4.829</ele><time>1970-01-01T00:02:25.500000Z</time></trkpt>
    <trkpt lat="52.229726384" lon="21.012564779"><ele>3.054</ele><time>1970-01-01T00:02:25.700000Z</time></trkpt>
    <trkpt lat="52.229723051" lon="21.012568976"><ele>5.194</ele><time>1970-01-01T00:02:25.800000Z</time></trkpt>
    <trkpt lat="52.229745364" lon="21.012554351"><ele>1.224</ele><time>1970-01-01T00:02:26Z</time></trkpt>
    <trkpt lat="52.229711603" lon="21.012560174"><ele>3.981</ele><time>1970-01-01T00:02:26.200000Z</time></trkpt>
    <trkpt lat="52.229719979" lon="21.012558770"><ele>3.602</ele><time>1970-01-01T00:02:26.300000Z</time></trkpt>
    <trkpt lat="52.229739201" lon="21.012570081"><ele>6.423</ele><time>1970-01-01T00:02:27.200000Z</time></trkpt>
    <trkpt lat="52.229694133" lon="21.012577788"><ele>3.951</ele><time>1970-01-01T00:02:27.300000Z</time></trkpt>
    <trkpt lat="52.229734086" lon="21.012549596"><ele>3.083</ele><time>1970-01-01T00:02:27.500000Z</time></trkpt>
    <trkpt lat="52.229745070" lon="21.012564942"><ele>-2.542</ele><time>1970-01-01T00:02:27.700000Z</time></trkpt>
    <trkpt lat="52.229721233" lon="21.012566739"><ele>1.653</ele><time>1970-01-01T00:02:27.800000Z</time></trkpt>
    <trkpt lat="52.229730798" lon="21.012557312"><ele>-3.082</ele><time>1970-01-01T00:02:28Z</time></trkpt>
    <trkpt lat="52.229732458" lon="21.012570039"><ele>3.299</ele><time>1970-01-01T00:02:28.200000Z</time></trkpt>
    <trkpt lat="52.229751354" lon="21.012554555"><ele>3.608</ele><time>1970-01-01T00:02:28.300000Z</time></trkpt>
    <trkpt lat="52.229710779" lon="21.012577320"><ele>3.289</ele><time>1970-01-01T00:02:28.500000Z</time></trkpt>
    <trkpt lat="52.229728127" lon="21.012568875"><ele>0.390</ele><time>1970-01-01T00:02:28.700000Z</time></trkpt>
    <trkpt lat="52.229716542" lon="21.012572559"><ele>6.270</ele><time>1970-01-01T00:02:28.800000Z</time></trkpt>
    <trkpt lat="52.229741679" lon="21.012583833"><ele>1.724</ele><time>1970-01-01T00:02:29Z</time></trkpt>
    <trkpt lat="52.229722235" lon="21.012556742"><ele>4.029</ele><time>1970-01-01T00:02:29.200000Z</time></trkpt>
    <trkpt lat="52.229728157" lon="21.012547558"><ele>3.501</ele><time>1970-01-01T00:02:29.300000Z</time></trkpt>
    <trkpt lat="52.229730946" lon="21.012565182"><ele>0.178</ele><time>1970-01-01T00:02:29.500000Z</time></trkpt>
    <trkpt lat="52.229746748" lon="21.012543363"><ele>3.337</ele><time>1970-01-01T00:02:29.700000Z</time></trkpt>
    <trkpt lat="52.229750892" lon="21.012566308"><ele>1.459</ele><time>1970-01-01T00:02:29.800000Z</time></trkpt>
    <trkpt lat="52.229734722" lon="21.012589638"><ele>2.545</ele><time>1970-01-01T00:02:30Z</time></trkpt>
    <trkpt lat="52.229730708" lon="21.012576383"><ele>7.384</ele><time>1970-01-01T00:02:30.200000Z</time></trkpt>
    <trkpt lat="52.229753707" lon="21.012561905"><ele>5.986</ele><time>1970-01-01T00:02:30.300000Z</time></trkpt>
    <trkpt lat="52.229727194" lon="21.012563222"><ele>5.025</ele><time>1970-01-01T00:02:30.500000Z</time></trkpt>
    <trkpt lat="52.229739381" lon="21.012559574"><ele>3.508</ele><time>1970-01-01T00:02:30.700000Z</time></trkpt>
    <trkpt lat="52.229755908" lon="21.012567054"><ele>3.690</ele><time>1970-01-01T00:02:30.800000Z</time></trkpt>
    <trkpt lat="52.229748333" lon="21.012582047"><ele>5.577</ele><time>1970-01-01T00:02:31Z</time></trkpt>
    <trkpt lat="52.229739565" lon="21.012598105"><ele>2.946</ele><time>1970-01-01T00:02:31.200000Z</time></trkpt>
    <trkpt lat="52.229717752" lon="21.012565980"><ele>6.400</ele><time>1970-01-01T00:02:31.300000Z</time></trkpt>
    <trkpt lat="52.229732244" lon="21.012553727"><ele>1.209</ele><time>1970-01-01T00:02:31.500000Z</time></trkpt>
    <trkpt lat="52.229748840" lon="21.012565387"><ele>9.903</ele><time>1970-01-01T00:02:31.700000Z</time></trkpt>
    <trkpt lat="52.229729529" lon="21.012576370"><ele>9.351</ele><time>1970-01-01T00:02:31.800000Z</time></trkpt>
    <trkpt lat="52.229728426" lon="21.012561251"><ele>6.117</ele><time>1970-01-01T00:02:32Z</time></trkpt>
    <trkpt lat="52.229714949" lon="21.012592224"><ele>3.046</ele><time>1970-01-01T00:02:32.200000Z</time></trkpt>
    <trkpt lat="52.229736985" lon="21.012558075"><ele>3.438</ele><time>1970-01-01T00:02:32.300000Z</time></trkpt>
    <trkpt lat="52.229731421" lon="21.012559871"><ele>5.670</ele><time>1970-01-01T00:02:32.500000Z</time></trkpt>
    <trkpt lat="52.229749436" lon="21.012582870"><ele>3.834</ele><time>1970-01-01T00:02:32.700000Z</time></trkpt>
    <trkpt lat="52.229722652" lon="21.012567713"><ele>1.413</ele><time>1970-01-01T00:02:32.800000Z</time></trkpt>
    <trkpt lat="52.229721086" lon="21.012569587"><ele>6.565</ele><time>1970-01-01T00:02:33Z</time></trkpt>
    <trkpt lat="52.229723642" lon="21.012591192"><ele>6.532</ele><time>1970-01-01T00:02:33.200000Z</time></trkpt>
    <trkpt lat="52.229734920" lon="21.012552231"><ele>5.584</ele><time>1970-01-01T00:02:33.300000Z</time></trkpt>
    <trkpt lat="52.229735919" lon="21.012557565"><ele>4.545</ele><time>1970-01-01T00:02:33.500000Z</time></trkpt>
    <trkpt lat="52.229735555" lon="21.012598623"><ele>2.545</ele><time>1970-01-01T00:02:33.700000Z</time></trkpt>
    <trkpt lat="52.229733846" lon="21.012583895"><ele>-2.006</ele><time>1970-01-01T00:02:33.800000Z</time></trkpt>
    <trkpt lat="52.229729336" lon="21.012562753"><ele>4.982</ele><time>1970-01-01T00:02:34Z</time></trkpt>
    <trkpt lat="52.229728832" lon="21.012562212"><ele>0.156</ele><time>1970-01-01T00:02:34.200000Z</time></trkpt>
    <trkpt lat="52.229751221" lon="21.012571625"><ele>4.209</ele><time>1970-01-01T00:02:34.300000Z</time></trkpt>
    <trkpt lat="52.229732716" lon="21.012567941"><ele>5.786</ele><time>1970-01-01T00:02:34.500000Z</time></trkpt>
    <trkpt lat="52.229723549" lon="21.012572008"><ele>3.762</ele><time>1970-01-01T00:02:34.700000Z</time></trkpt>
    <trkpt lat="52.229715132" lon="21.012570568"><ele>0.900</ele><time>1970-01-01T00:02:34.800000Z</time></trkpt>
    <trkpt lat="52.229758781" lon="21.012560312"><ele>0.266</ele><time>1970-01-01T00:02:35Z</time></trkpt>
    <trkpt lat="52.229713668" lon="21.012561205"><ele>6.231</ele><time>1970-01-01T00:02:35.200000Z</time></trkpt>
    <trkpt lat="52.229714280" lon="21.012553070"><ele>0.805</ele><time>1970-01-01T00:02:35.300000Z</time></trkpt>
    <trkpt lat="52.229723598" lon="21.012555921"><ele>3.035</ele><time>1970-01-01T00:02:35.500000Z</time></trkpt>
    <trkpt lat="52.229701668" lon="21.012603065"><ele>3.550</ele><time>1970-01-01T00:02:35.700000Z</time></trkpt>
    <trkpt lat="52.229712957" lon="21.012567610"><ele>8.666</ele><time>1970-01-01T00:02:36.600000Z</time></trkpt>
    <trkpt lat="52.229744022" lon="21.012552807"><ele>6.863</ele><time>1970-01-01T00:02:36.800000Z</time></trkpt>
    <trkpt lat="52.229688915" lon="21.012540713"><ele>0.615</ele><time>1970-01-01T00:02:37Z</time></trkpt>
    <trkpt lat="52.229725955" lon="21.012553201"><ele>6.185</ele><time>1970-01-01T00:02:37.200000Z</time></trkpt>
    <trkpt lat="52.229730566" lon="21.012539278"><ele>1.839</ele><time>1970-01-01T00:02:37.300000Z</time></trkpt>
    <trkpt lat="52.229747638" lon="21.012550929"><ele>6.047</ele><time>1970-01-01T00:02:37.500000Z</time></trkpt>
    <trkpt lat="52.229721395" lon="21.012541422"><ele>4.872</ele><time>1970-01-01T00:02:37.700000Z</time></trkpt>
    <trkpt lat="52.229721466" lon="21.012570723"><ele>-0.506</ele><time>1970-01-01T00:02:37.800000Z</time></trkpt>
    <trkpt lat="52.229719859" lon="21.012547753"><ele>2.816</ele><time>1970-01-01T00:02:38Z</time></trkpt>
    <trkpt lat="52.229733490" lon="21.012555262"><ele>-0.357</ele><time>1970-01-01T00:02:38.200000Z</time></trkpt>
    <trkpt lat="52.229692117" lon="21.012553487"><ele>5.532</ele><time>1970-01-01T00:02:38.300000Z</time></trkpt>
    <trkpt lat="52.229726570" lon="21.012537183"><ele>3.382</ele><time>1970-01-01T00:02:38.500000Z</time></trkpt>
    <trkpt lat="52.229727902" lon="21.012543772"><ele>2.056</ele><time>1970-01-01T00:02:38.700000Z</time></trkpt>
    <trkpt lat="52.229717008" lon="21.012541788"><ele>5.612</ele><time>1970-01-01T00:02:38.800000Z</time></trkpt>
    <trkpt lat="52.229726418" lon="21.012517100"><ele>4.220</ele><time>1970-01-01T00:02:39Z</time></trkpt>
    <trkpt lat="52.229719383" lon="21.012538802"><ele>4.867</ele><time>1970-01-01T00:02:39.200000Z</time></trkpt>
    <trkpt lat="52.229716530" lon="21.012522980"><ele>7.556</ele><time>1970-01-01T00:02:39.300000Z</time></trkpt>
    <trkpt lat="52.229693294" lon="21.012547833"><ele>6.577</ele><time>1970-01-01T00:02:39.500000Z</time></trkpt>
    <trkpt lat="52.229702352" lon="21.012564920"><ele>-2.352</ele><time>1970-01-01T00:02:39.700000Z</time></trkpt>
    <trkpt lat="52.229717110" lon="21.012554614"><ele>0.055</ele><time>1970-01-01T00:02:39.800000Z</time></trkpt>
    <trkpt lat="52.229713813" lon="21.012551248"><ele>4.599</ele><time>1970-01-01T00:02:40Z</time></trkpt>
    <trkpt lat="52.229713893" lon="21.012542245"><ele>2.592</ele><time>1970-01-01T00:02:40.200000Z</time></trkpt>
    <trkpt lat="52.229707295" lon="21.012533016"><ele>-1.619</ele><time>1970-01-01T00:02:40.300000Z</time></trkpt>
    <trkpt lat="52.229682011" lon="21.012563521"><ele>7.868</ele><time>1970-01-01T00:02:40.500000Z</time></trkpt>
    <trkpt lat="52.229695002" lon="21.012549362"><ele>2.627</ele><time>1970-01-01T00:02:40.700000Z</time></trkpt>
    <trkpt lat="52.229723745" lon="21.012556801"><ele>1.556</ele><time>1970-01-01T00:02:40.800000Z</time></trkpt>
    <trkpt lat="52.229708848" lon="21.012572840"><ele>5.304</ele><time>1970-01-01T00:02:41Z</time></trkpt>
    <trkpt lat="52.229715305" lon="21.012541798"><ele>6.889</ele><time>1970-01-01T00:02:41.200000Z</time></trkpt>
    <trkpt lat="52.229697195" lon="21.012550484"><ele>6.365</ele><time>1970-01-01T00:02:41.300000Z</time></trkpt>
    <trkpt lat="52.229686751" lon="21.012551954"><ele>3.868</ele><time>1970-01-01T00:02:41.500000Z</time></trkpt>
    <trkpt lat="52.229697245" lon="21.012544672"><ele>2.342</ele><time>1970-01-01T00:02:41.700000Z</time></trkpt>
    <trkpt lat="52.229700490" lon="21.012545683"><ele>6.243</ele><time>1970-01-01T00:02:41.800000Z</time></trkpt>
    <trkpt lat="52.229708392" lon="21.012548805"><ele>6.174</ele><time>1970-01-01T00:02:42Z</time></trkpt>
    <trkpt lat="52.229707566" lon="21.012548122"><ele>8.145</ele><time>1970-01-01T00:02:42.200000Z</time></trkpt>
    <trkpt lat="52.229697370" lon="21.012544012"><ele>-4.139</ele><time>1970-01-01T00:02:42.300000Z</time></trkpt>
    <trkpt lat="52.229700730" lon="21.012569266"><ele>1.857</ele><time>1970-01-01T00:02:42.500000Z</time></trkpt>
    <trkpt lat="52.229690504" lon="21.012562680"><ele>7.400</ele><time>1970-01-01T00:02:42.700000Z</time></trkpt>
    <trkpt lat="52.229702967" lon="21.012557395"><ele>6.867</ele><time>1970-01-01T00:02:42.800000Z</time></trkpt>
    <trkpt lat="52.229714426" lon="21.012547558"><ele>3.250</ele><time>1970-01-01T00:02:43Z</time></trkpt>
    <trkpt lat="52.229704023" lon="21.012551616"><ele>10.339</ele><time>1970-01-01T00:02:43.200000Z</time></trkpt>
    <trkpt lat="52.229683854" lon="21.012538635"><ele>3.134</ele><time>1970-01-01T00:02:43.300000Z</time></trkpt>
    <trkpt lat="52.229688364" lon="21.012536135"><ele>3.228</ele><time>1970-01-01T00:02:43.500000Z</time></trkpt>
    <trkpt lat="52.229707541" lon="21.012550013"><ele>8.310</ele><time>1970-01-01T00:02:43.700000Z</time></trkpt>
    <trkpt lat="52.229717989" lon="21.012557276"><ele>8.765</ele><time>1970-01-01T00:02:43.800000Z</time></trkpt>
    <trkpt lat="52.229699315" lon="21.012544222"><ele>4.947</ele><time>1970-01-01T00:02:44Z</time></trkpt>
    <trkpt lat="52.229695373" lon="21.012548068"><ele>4.372</ele><time>1970-01-01T00:02:44.200000Z</time></trkpt>
    <trkpt lat="52.229669339" lon="21.012536005"><ele>8.180</ele><time>1970-01-01T00:02:44.300000Z</time></trkpt>
    <trkpt lat="52.229710941" lon="21.012537434"><ele>4.500</ele><time>1970-01-01T00:02:44.500000Z</time></trkpt>
    <trkpt lat="52.229704895" lon="21.012532871"><ele>6.506</ele><time>1970-01-01T00:02:44.700000Z</time></trkpt>
    <trkpt lat="52.229684248" lon="21.012542574"><ele>0.299</ele><time>1970-01-01T00:02:44.800000Z</time></trkpt>
    <trkpt lat="52.229717723" lon="21.012535347"><ele>10.102</ele><time>1970-01-01T00:02:45Z</time></trkpt>
    <trkpt lat="52.229709053" lon="21.012551549"><ele>4.309</ele><time>1970-01-01T00:02:46.100000Z</time></trkpt>
    <trkpt lat="52.229705198" lon="21.012570828"><ele>4.341</ele><time>1970-01-01T00:02:46.300000Z</time></trkpt>
    <trkpt lat="52.229691560" lon="21.012527213"><ele>4.542</ele><time>1970-01-01T00:02:46.500000Z</time></trkpt>
    <trkpt lat="52.229703845" lon="21.012513747"><ele>9.916</ele><time>1970-01-01T00:02:46.700000Z</time></trkpt>
    <trkpt lat="52.229685497" lon="21.012550523"><ele>5.984</ele><time>1970-01-01T00:02:46.800000Z</time></trkpt>
    <trkpt lat="52.229694712" lon="21.012517186"><ele>4.976</ele><time>1970-01-01T00:02:47Z</time></trkpt>
    <trkpt lat="52.229695500" lon="21.012534823"><ele>5.317</ele><time>1970-01-01T00:02:47.200000Z</time></trkpt>
    <trkpt lat="52.229689385" lon="21.012536594"><ele>2.016</ele><time>1970-01-01T00:02:47.300000Z</time></trkpt>
    <trkpt lat="52.229714857" lon="21.012525149"><ele>4.940</ele><time>1970-01-01T00:02:47.500000Z</time></trkpt>
    <trkpt lat="52.229699094" lon="21.012528835"><ele>0.195</ele><time>1970-01-01T00:02:47.700000Z</time></trkpt>
    <trkpt lat="52.229708633" lon="21.012521654"><ele>4.220</ele><time>1970-01-01T00:02:47.800000Z</time></trkpt>
    <trkpt lat="52.229685161" lon="21.012510556"><ele>2.979</ele><time>1970-01-01T00:02:48Z</time></trkpt>
    <trkpt lat="52.229691199" lon="21.012494426"><ele>6.224</ele><time>1970-01-01T00:02:48.200000Z</time></trkpt>
    <trkpt lat="52.229683620" lon="21.012520110"><ele>7.411</ele><time>1970-01-01T00:02:48.300000Z</time></trkpt>
    <trkpt lat="52.229700807" lon="21.012486366"><ele>-0.453</ele><time>1970-01-01T00:02:48.500000Z</time></trkpt>
    <trkpt lat="52.229708361" lon="21.012500843"><ele>4.638</ele><time>1970-01-01T00:02:48.700000Z</time></trkpt>
    <trkpt lat="52.229689022" lon="21.012506404"><ele>3.036</ele><time>1970-01-01T00:02:48.800000Z</time></trkpt>
    <trkpt lat="52.229693879" lon="21.012505162"><ele>0.487</ele><time>1970-01-01T00:02:49Z</time></trkpt>
    <trkpt lat="52.229710049" lon="21.012514708"><ele>7.079</ele><time>1970-01-01T00:02:49.200000Z</time></trkpt>
    <trkpt lat="52.229676969" lon="21.012524809"><ele>5.378</ele><time>1970-01-01T00:02:49.300000Z</time></trkpt>
    <trkpt lat="52.229712388" lon="21.012500890"><ele>5.484</ele><time>1970-01-01T00:02:49.500000Z</time></trkpt>
    <trkpt lat="52.229703610" lon="21.012508717"><ele>6.150</ele><time>1970-01-01T00:02:49.700000Z</time></trkpt>
    <trkpt lat="52.229701738" lon="21.012489117"><ele>4.380</ele><time>1970-01-01T00:02:49.800000Z</time></trkpt>
    <trkpt lat="52.229703572" lon="21.012507040"><ele>4.520</ele><time>1970-01-01T00:02:50Z</time></trkpt>
    <trkpt lat="52.229706328" lon="21.012509019"><ele>9.277</ele><time>1970-01-01T00:02:50.200000Z</time></trkpt>
    <trkpt lat="52.229678378" lon="21.012485267"><ele>0.279</ele><time>1970-01-01T00:02:50.300000Z</time></trkpt>
    <trkpt lat="52.229719676" lon="21.012502556"><ele>-0.368</ele><time>1970-01-01T00:02:50.500000Z</time></trkpt>
    <trkpt lat="52.229697343" lon="21.012524714"><ele>4.293</ele><time>1970-01-01T00:02:50.700000Z</time></trkpt>
    <trkpt lat="52.229684391" lon="21.012498017"><ele>3.764</ele><time>1970-01-01T00:02:50.800000Z</time></trkpt>
    <trkpt lat="52.229693765" lon="21.012494786"><ele>4.828</ele><time>1970-01-01T00:02:51Z</time></trkpt>
    <trkpt lat="52.229693599" lon="21.012504342"><ele>5.879</ele><time>1970-01-01T00:02:51.200000Z</time></trkpt>
    <trkpt lat="52.229720085" lon="21.012505959"><ele>0.936</ele><time>1970-01-01T00:02:51.300000Z</time></trkpt>
    <trkpt lat="52.229699018" lon="21.012489780"><ele>4.714</ele><time>1970-01-01T00:02:51.500000Z</time></trkpt>
    <trkpt lat="52.229707216" lon="21.012498324"><ele>-1.186</ele><time>1970-01-01T00:02:51.700000Z</time></trkpt>
    <trkpt lat="52.229710815" lon="21.012511343"><ele>7.206</ele><time>1970-01-01T00:02:51.800000Z</time></trkpt>
    <trkpt lat="52.229683797" lon="21.012502973"><ele>2.946</ele><time>1970-01-01T00:02:52Z</time></trkpt>
    <trkpt lat="52.229682557" lon="21.012515434"><ele>8.402</ele><time>1970-01-01T00:02:52.200000Z</time></trkpt>
    <trkpt lat="52.229727023" lon="21.012507388"><ele>1.118</ele><time>1970-01-01T00:02:52.300000Z</time></trkpt>
    <trkpt lat="52.229682495" lon="21.012495331"><ele>5.586</ele><time>1970-01-01T00:02:52.500000Z</time></trkpt>
    <trkpt lat="52.229671628" lon="21.012503183"><ele>3.516</ele><time>1970-01-01T00:02:52.700000Z</time></trkpt>
    <trkpt lat="52.229704865" lon="21.012490790"><ele>1.472</ele><time>1970-01-01T00:02:52.800000Z</time></trkpt>
    <trkpt lat="52.229692624" lon="21.012498394"><ele>4.640</ele><time>1970-01-01T00:02:53Z</time></trkpt>
    <trkpt lat="52.229710059" lon="21.012497099"><ele>7.503</ele><time>1970-01-01T00:02:53.200000Z</time></trkpt>
    <trkpt lat="52.229693933" lon="21.012486774"><ele>4.469</ele><time>1970-01-01T00:02:53.300000Z</time></trkpt>
    <trkpt lat="52.229687300" lon="21.012504172"><ele>0.423</ele><time>1970-01-01T00:02:53.500000Z</time></trkpt>
    <trkpt lat="52.229699650" lon="21.012496608"><ele>3.232</ele><time>1970-01-01T00:02:53.700000Z</time></trkpt>
    <trkpt lat="52.229692261" lon="21.012503102"><ele>1.132</ele><time>1970-01-01T00:02:53.800000Z</time></trkpt>
    <trkpt lat="52.229689360" lon="21.012496081"><ele>3.912</ele><time>1970-01-01T00:02:54Z</time></trkpt>
    <trkpt lat="52.229698254" lon="21.012483635"><ele>3.184</ele><time>1970-01-01T00:02:54.900000Z</time></trkpt>
    <trkpt lat="52.229718278" lon="21.012510518"><ele>4.334</ele><time>1970-01-01T00:02:55.100000Z</time></trkpt>
    <trkpt lat="52.229686248" lon="21.012494107"><ele>8.684</ele><time>1970-01-01T00:02:55.300000Z</time></trkpt>
    <trkpt lat="52.229676332" lon="21.012523615"><ele>2.772</ele><time>1970-01-01T00:02:55.500000Z</time></trkpt>
    <trkpt lat="52.229700960" lon="21.012488447"><ele>1.669</ele><time>1970-01-01T00:02:55.700000Z</time></trkpt>
    <trkpt lat="52.229699681" lon="21.012489460"><ele>3.636</ele><time>1970-01-01T00:02:55.800000Z</time></trkpt>
    <trkpt lat="52.229694433" lon="21.012511060"><ele>3.512</ele><time>1970-01-01T00:02:56Z</time></trkpt>
    <trkpt lat="52.229694265" lon="21.012483224"><ele>8.179</ele><time>1970-01-01T00:02:56.200000Z</time></trkpt>
    <trkpt lat="52.229702302" lon="21.012509660"><ele>2.792</ele><time>1970-01-01T00:02:56.300000Z</time></trkpt>
    <trkpt lat="52.229695389" lon="21.012511978"><ele>2.295</ele><time>1970-01-01T00:02:56.500000Z</time></trkpt>
    <trkpt lat="52.229682773" lon="21.012492414"><ele>3.854</ele><time>1970-01-01T00:02:56.700000Z</time></trkpt>
    <trkpt lat="52.229688069" lon="21.012493419"><ele>1.797</ele><time>1970-01-01T00:02:56.800000Z</time></trkpt>
    <trkpt lat="52.229703827" lon="21.012474777"><ele>4.133</ele><time>1970-01-01T00:02:57Z</time></trkpt>
    <trkpt lat="52.229704766" lon="21.012504973"><ele>-1.116</ele><time>1970-01-01T00:02:57.200000Z</time></trkpt>
    <trkpt lat="52.229687301" lon="21.012488278"><ele>-2.410</ele><time>1970-01-01T00:02:57.300000Z</time></trkpt>
    <trkpt lat="52.229700120" lon="21.012523924"><ele>-0.830</ele><time>1970-01-01T00:02:57.500000Z</time></trkpt>
    <trkpt lat="52.229696058" lon="21.012486390"><ele>0.401</ele><time>1970-01-01T00:02:57.700000Z</time></trkpt>
    <trkpt lat="52.229684824" lon="21.012486517"><ele>1.607</ele><time>1970-01-01T00:02:57.800000Z</time></trkpt>
    <trkpt lat="52.229694534" lon="21.012501093"><ele>2.005</ele><time>1970-01-01T00:02:58Z</time></trkpt>
    <trkpt lat="52.229696265" lon="21.012498390"><ele>6.551</ele><time>1970-01-01T00:02:58.200000Z</time></trkpt>
    <trkpt lat="52.229690043" lon="21.012503070"><ele>-0.816</ele><time>1970-01-01T00:02:58.300000Z</time></trkpt>
    <trkpt lat="52.229696592" lon="21.012482053"><ele>8.191</ele><time>1970-01-01T00:02:58.500000Z</time></trkpt>
    <trkpt lat="52.229672805" lon="21.012512773"><ele>2.290</ele><time>1970-01-01T00:02:58.700000Z</time></trkpt>
    <trkpt lat="52.229701209" lon="21.012506250"><ele>1.592</ele><time>1970-01-01T00:02:58.800000Z</time></trkpt>
    <trkpt lat="52.229689744" lon="21.012502028"><ele>0.144</ele><time>1970-01-01T00:02:59Z</time></trkpt>
    <trkpt lat="52.229711040" lon="21.012485974"><ele>3.137</ele><time>1970-01-01T00:02:59.200000Z</time></trkpt>
    <trkpt lat="52.229713109" lon="21.012485736"><ele>5.623</ele><time>1970-01-01T00:02:59.300000Z</time></trkpt>
    <trkpt lat="52.229684815" lon="21.012497342"><ele>3.306</ele><time>1970-01-01T00:02:59.500000Z</time></trkpt>
    <trkpt lat="52.229678484" lon="21.012508461"><ele>9.442</ele><time>1970-01-01T00:02:59.700000Z</time></trkpt>
    <trkpt lat="52.229687302" lon="21.012521583"><ele>5.588</ele><time>1970-01-01T00:02:59.800000Z</time></trkpt>
    <trkpt lat="52.229709358" lon="21.012488803"><ele>-1.904</ele><time>1970-01-01T00:03:00.200000Z</time></trkpt>
    <trkpt lat="52.229698571" lon="21.012518428"><ele>5.303</ele><time>1970-01-01T00:03:00.300000Z</time></trkpt>
    <trkpt lat="52.229712085" lon="21.012509171"><ele>-1.090</ele><time>1970-01-01T00:03:00.500000Z</time></trkpt>
    <trkpt lat="52.229693059" lon="21.012522464"><ele>7.481</ele><time>1970-01-01T00:03:00.700000Z</time></trkpt>
    <trkpt lat="52.229695286" lon="21.012479794"><ele>3.299</ele><time>1970-01-01T00:03:00.800000Z</time></trkpt>
    <trkpt lat="52.229705949" lon="21.012481301"><ele>2.390</ele><time>1970-01-01T00:03:01Z</time></trkpt>
    <trkpt lat="52.229665011" lon="21.012506188"><ele>7.126</ele><time>1970-01-01T00:03:01.200000Z</time></trkpt>
    <trkpt lat="52.229703082" lon="21.012514602"><ele>5.557</ele><time>1970-01-01T00:03:01.300000Z</time></trkpt>
    <trkpt lat="52.229691162" lon="21.012472914"><ele>7.567</ele><time>1970-01-01T00:03:01.500000Z</time></trkpt>
    <trkpt lat="52.229682638" lon="21.012493623"><ele>4.297</ele><time>1970-01-01T00:03:01.700000Z</time></trkpt>
    <trkpt lat="52.229690333" lon="21.012515811"><ele>3.669</ele><time>1970-01-01T00:03:01.800000Z</time></trkpt>
    <trkpt lat="52.229683501" lon="21.012522506"><ele>4.245</ele><time>1970-01-01T00:03:02Z</time></trkpt>
    <trkpt lat="52.229688424" lon="21.012517207"><ele>3.762</ele><time>1970-01-01T00:03:02.200000Z</time></trkpt>
    <trkpt lat="52.229700235" lon="21.012509420"><ele>1.435</ele><time>1970-01-01T00:03:02.300000Z</time></trkpt>
    <trkpt lat="52.229697534" lon="21.012533403"><ele>1.625</ele><time>1970-01-01T00:03:02.500000Z</time></trkpt>
    <trkpt lat="52.229702675" lon="21.012478457"><ele>0.457</ele><time>1970-01-01T00:03:02.700000Z</time></trkpt>
    <trkpt lat="52.229684355" lon="21.012501783"><ele>1.295</ele><time>1970-01-01T00:03:02.800000Z</time></trkpt>
    <trkpt lat="52.229701054" lon="21.012495391"><ele>1.953</ele><time>1970-01-01T00:03:03Z</time></trkpt>
    <trkpt lat="52.229690779" lon="21.012486019"><ele>3.709</ele><time>1970-01-01T00:03:03.200000Z</time></trkpt>
    <trkpt lat="52.229695566" lon="21.012495438"><ele>1.737</ele><time>1970-01-01T00:03:03.300000Z</time></trkpt>
    <trkpt lat="52.229688001" lon="21.012508101"><ele>1.248</ele><time>1970-01-01T00:03:03.500000Z</time></trkpt>
    <trkpt lat="52.229703345" lon="21.012502820"><ele>6.245</ele><time>1970-01-01T00:03:03.700000Z</time></trkpt>
    <trkpt lat="52.229702168" lon="21.012521012"><ele>6.434</ele><time>1970-01-01T00:03:03.800000Z</time></trkpt>
    <trkpt lat="52.229696797" lon="21.012501549"><ele>7.074</ele><time>1970-01-01T00:03:04Z</time></trkpt>
    <trkpt lat="52.229694802" lon="21.012503033"><ele>8.293</ele><time>1970-01-01T00:03:04.200000Z</time></trkpt>
    <trkpt lat="52.229664708" lon="21.012474483"><ele>1.572</ele><time>1970-01-01T00:03:04.300000Z</time></trkpt>
    <trkpt lat="52.229702226" lon="21.012513873"><ele>1.395</ele><time>1970-01-01T00:03:04.500000Z</time></trkpt>
    <trkpt lat="52.229674314" lon="21.012503121"><ele>10.725</ele><time>1970-01-01T00:03:04.700000Z</time></trkpt>
    <trkpt lat="52.229672562" lon="21.012498063"><ele>3.313</ele><time>1970-01-01T00:03:04.800000Z</time></trkpt>
    <trkpt lat="52.229714417" lon="21.012505872"><ele>6.204</ele><time>1970-01-01T00:03:05Z</time></trkpt>
    <trkpt lat="52.229690771" lon="21.012501932"><ele>2.875</ele><time>1970-01-01T00:03:05.200000Z</time></trkpt>
    <trkpt lat="52.229688596" lon="21.012511039"><ele>5.855</ele><time>1970-01-01T00:03:05.300000Z</time></trkpt>
    <trkpt lat="52.229673205" lon="21.012472851"><ele>2.441</ele><time>1970-01-01T00:03:05.500000Z</time></trkpt>
    <trkpt lat="52.229703468" lon="21.012493603"><ele>2.443</ele><time>1970-01-01T00:03:05.700000Z</time></trkpt>
    <trkpt lat="52.229693936" lon="21.012501253"><ele>1.874</ele><time>1970-01-01T00:03:05.800000Z</time></trkpt>
    <trkpt lat="52.229676082" lon="21.012493098"><ele>0.647</ele><time>1970-01-01T00:03:06Z</time></trkpt>
    <trkpt lat="52.229671165" lon="21.012502061"><ele>6.705</ele><time>1970-01-01T00:03:06.200000Z</time></trkpt>
    <trkpt lat="52.229682616" lon="21.012487610"><ele>-0.025</ele><time>1970-01-01T00:03:06.300000Z</time></trkpt>
    <trkpt lat="52.229661008" lon="21.012510670"><ele>5.056</ele><time>1970-01-01T00:03:06.500000Z</time></trkpt>
    <trkpt lat="52.229654461" lon="21.012506657"><ele>4.931</ele><time>1970-01-01T00:03:06.700000Z</time></trkpt>
    <trkpt lat="52.229700365" lon="21.012506051"><ele>6.395</ele><time>1970-01-01T00:03:06.800000Z</time></trkpt>
    <trkpt lat="52.229676001" lon="21.012512328"><ele>7.498</ele><time>1970-01-01T00:03:07Z</time></trkpt>
    <trkpt lat="52.229661622" lon="21.012499506"><ele>0.558</ele><time>1970-01-01T00:03:07.200000Z</time></trkpt>
    <trkpt lat="52.229667954" lon="21.012481516"><ele>3.497</ele><time>1970-01-01T00:03:07.300000Z</time></trkpt>
    <trkpt lat="52.229649780" lon="21.012503990"><ele>7.036</ele><time>1970-01-01T00:03:07.500000Z</time></trkpt>
    <trkpt lat="52.229672960" lon="21.012512191"><ele>12.411</ele><time>1970-01-01T00:03:07.700000Z</time></trkpt>
    <trkpt lat="52.229680943" lon="21.012487978"><ele>3.110</ele><time>1970-01-01T00:03:07.800000Z</time></trkpt>
    <trkpt lat="52.229697101" lon="21.012486363"><ele>4.313</ele><time>1970-01-01T00:03:08Z</time></trkpt>
    <trkpt lat="52.229669144" lon="21.012484966"><ele>2.997</ele><time>1970-01-01T00:03:08.200000Z</time></trkpt>
    <trkpt lat="52.229641021" lon="21.012490312"><ele>-1.123</ele><time>1970-01-01T00:03:08.300000Z</time></trkpt>
    <trkpt lat="52.229675150" lon="21.012495697"><ele>3.896</ele><time>1970-01-01T00:03:08.500000Z</time></trkpt>
    <trkpt lat="52.229683334" lon="21.012493976"><ele>4.677</ele><time>1970-01-01T00:03:08.700000Z</time></trkpt>
    <trkpt lat="52.229659668" lon="21.012511677"><ele>8.057</ele><time>1970-01-01T00:03:08.800000Z</time></trkpt>
    <trkpt lat="52.229699583" lon="21.012485567"><ele>4.039</ele><time>1970-01-01T00:03:09Z</time></trkpt>
    <trkpt lat="52.229649242" lon="21.012490769"><ele>5.629</ele><time>1970-01-01T00:03:09.200000Z</time></trkpt>
    <trkpt lat="52.229689993" lon="21.012465466"><ele>2.329</ele><time>1970-01-01T00:03:09.300000Z</time></trkpt>
    <trkpt lat="52.229680632" lon="21.012497419"><ele>3.955</ele><time>1970-01-01T00:03:09.500000Z</time></trkpt>
    <trkpt lat="52.229663681" lon="21.012522988"><ele>5.950</ele><time>1970-01-01T00:03:09.700000Z</time></trkpt>
    <trkpt lat="52.229671225" lon="21.012497815"><ele>7.634</ele><time>1970-01-01T00:03:09.800000Z</time></trkpt>
    <trkpt lat="52.229664158" lon="21.012510968"><ele>1.940</ele><time>1970-01-01T00:03:10Z</time></trkpt>
    <trkpt lat="52.229665371" lon="21.012486828"><ele>0.859</ele><time>1970-01-01T00:03:10.200000Z</time></trkpt>
    <trkpt lat="52.229680247" lon="21.012494014"><ele>0.649</ele><time>1970-01-01T00:03:10.300000Z</time></trkpt>
    <trkpt lat="52.229676293" lon="21.012478696"><ele>3.581</ele><time>1970-01-01T00:03:10.500000Z</time></trkpt>
    <trkpt lat="52.229666366" lon="21.012490458"><ele>0.886</ele><time>1970-01-01T00:03:10.700000Z</time></trkpt>
    <trkpt lat="52.229629329" lon="21.012464526"><ele>2.760</ele><time>1970-01-01T00:03:10.800000Z</time></trkpt>
    <trkpt lat="52.229655120" lon="21.012492354"><ele>6.141</ele><time>1970-01-01T00:03:11Z</time></trkpt>
    <trkpt lat="52.229658967" lon="21.012478041"><ele>7.037</ele><time>1970-01-01T00:03:11.200000Z</time></trkpt>
    <trkpt lat="52.229659381" lon="21.012491582"><ele>-3.994</ele><time>1970-01-01T00:03:11.300000Z</time></trkpt>
    <trkpt lat="52.229637906" lon="21.012496610"><ele>-0.571</ele><time>1970-01-01T00:03:11.500000Z</time></trkpt>
    <trkpt lat="52.229647469" lon="21.012485230"><ele>1.574</ele><time>1970-01-01T00:03:11.700000Z</time></trkpt>
    <trkpt lat="52.229625164" lon="21.012498664"><ele>10.470</ele><time>1970-01-01T00:03:11.800000Z</time></trkpt>
    <trkpt lat="52.229637065" lon="21.012493297"><ele>5.870</ele><time>1970-01-01T00:03:12Z</time></trkpt>
    <trkpt lat="52.229631485" lon="21.012498412"><ele>4.054</ele><time>1970-01-01T00:03:12.200000Z</time></trkpt>
    <trkpt lat="52.229630641" lon="21.012485767"><ele>4.810</ele><time>1970-01-01T00:03:12.300000Z</time></trkpt>
    <trkpt lat="52.229632284" lon="21.012525294"><ele>2.523</ele><time>1970-01-01T00:03:12.500000Z</time></trkpt>
    <trkpt lat="52.229657813" lon="21.012500195"><ele>9.329</ele><time>1970-01-01T00:03:12.700000Z</time></trkpt>
    <trkpt lat="52.229640098" lon="21.012527039"><ele>5.800</ele><time>1970-01-01T00:03:12.800000Z</time></trkpt>
    <trkpt lat="52.229658415" lon="21.012483684"><ele>1.616</ele><time>1970-01-01T00:03:13Z</time></trkpt>
    <trkpt lat="52.229640571" lon="21.012490295"><ele>0.441</ele><time>1970-01-01T00:03:13.200000Z</time></trkpt>
    <trkpt lat="52.229653627" lon="21.012472348"><ele>2.007</ele><time>1970-01-01T00:03:13.300000Z</time></trkpt>
    <trkpt lat="52.229646315" lon="21.012491961"><ele>5.166</ele><time>1970-01-01T00:03:13.500000Z</time></trkpt>
    <trkpt lat="52.229627511" lon="21.012499296"><ele>8.211</ele><time>1970-01-01T00:03:13.700000Z</time></trkpt>
    <trkpt lat="52.229633169" lon="21.012507816"><ele>5.403</ele><time>1970-01-01T00:03:13.800000Z</time></trkpt>
    <trkpt lat="52.229640741" lon="21.012487676"><ele>4.700</ele><time>1970-01-01T00:03:14Z</time></trkpt>
    <trkpt lat="52.229631006" lon="21.012491338"><ele>4.379</ele><time>1970-01-01T00:03:14.200000Z</time></trkpt>
    <trkpt lat="52.229649870" lon="21.012498433"><ele>8.869</ele><time>1970-01-01T00:03:14.300000Z</time></trkpt>
    <trkpt lat="52.229641218" lon="21.012482696"><ele>5.921</ele><time>1970-01-01T00:03:14.500000Z</time></trkpt>
    <trkpt lat="52.229643915" lon="21.012527318"><ele>8.510</ele><time>1970-01-01T00:03:14.700000Z</time></trkpt>
    <trkpt lat="52.229634281" lon="21.012477009"><ele>1.713</ele><time>1970-01-01T00:03:14.800000Z</time></trkpt>
    <trkpt lat="52.229637376" lon="21.012472258"><ele>6.402</ele><time>1970-01-01T00:03:15Z</time></trkpt>
    <trkpt lat="52.229648561" lon="21.012485065"><ele>6.616</ele><time>1970-01-01T00:03:15.200000Z</time></trkpt>
    <trkpt lat="52.229635159" lon="21.012480659"><ele>0.144</ele><time>1970-01-01T00:03:15.300000Z</time></trkpt>
    <trkpt lat="52.229626118" lon="21.012479157"><ele>2.538</ele><time>1970-01-01T00:03:15.500000Z</time></trkpt>
    <trkpt lat="52.229620841" lon="21.012485242"><ele>4.328</ele><time>1970-01-01T00:03:15.700000Z</time></trkpt>
    <trkpt lat="52.229630046" lon="21.012487272"><ele>4.259</ele><time>1970-01-01T00:03:15.800000Z</time></trkpt>
    <trkpt lat="52.229637866" lon="21.012503515"><ele>0.992</ele><time>1970-01-01T00:03:16Z</time></trkpt>
    <trkpt lat="52.229640169" lon="21.012496557"><ele>0.362</ele><time>1970-01-01T00:03:17.100000Z</time></trkpt>
    <trkpt lat="52.229646286" lon="21.012485227"><ele>5.078</ele><time>1970-01-01T00:03:17.300000Z</time></trkpt>
    <trkpt lat="52.229627722" lon="21.012487462"><ele>6.132</ele><time>1970-01-01T00:03:17.500000Z</time></trkpt>
    <trkpt lat="52.229635256" lon="21.012487681"><ele>8.396</ele><time>1970-01-01T00:03:17.700000Z</time></trkpt>
    <trkpt lat="52.229620224" lon="21.012500454"><ele>8.222</ele><time>1970-01-01T00:03:17.800000Z</time></trkpt>
    <trkpt lat="52.229655205" lon="21.012494303"><ele>5.953</ele><time>1970-01-01T00:03:18Z</time></trkpt>
    <trkpt lat="52.229627532" lon="21.012486953"><ele>6.652</ele><time>1970-01-01T00:03:18.200000Z</time></trkpt>
    <trkpt lat="52.229645128" lon="21.012483010"><ele>3.444</ele><time>1970-01-01T00:03:18.300000Z</time></trkpt>
    <trkpt lat="52.229640222" lon="21.012492485"><ele>8.721</ele><time>1970-01-01T00:03:18.500000Z</time></trkpt>
    <trkpt lat="52.229632101" lon="21.012464723"><ele>-0.165</ele><time>1970-01-01T00:03:18.700000Z</time></trkpt>
    <trkpt lat="52.229642885" lon="21.012466058"><ele>0.998</ele><time>1970-01-01T00:03:18.800000Z</time></trkpt>
    <trkpt lat="52.229656094" lon="21.012510204"><ele>5.925</ele><time>1970-01-01T00:03:19Z</time></trkpt>
    <trkpt lat="52.229644623" lon="21.012479668"><ele>9.834</ele><time>1970-01-01T00:03:19.200000Z</time></trkpt>
    <trkpt lat="52.229641145" lon="21.012514309"><ele>4.754</ele><time>1970-01-01T00:03:19.300000Z</time></trkpt>
    <trkpt lat="52.229634385" lon="21.012492286"><ele>7.411</ele><time>1970-01-01T00:03:19.500000Z</time></trkpt>
    <trkpt lat="52.229619176" lon="21.012496976"><ele>10.288</ele><time>1970-01-01T00:03:19.700000Z</time></trkpt>
    <trkpt lat="52.229633779" lon="21.012494688"><ele>8.003</ele><time>1970-01-01T00:03:19.800000Z</time></trkpt>
    <trkpt lat="52.229610340" lon="21.012493409"><ele>4.747</ele><time>1970-01-01T00:03:20Z</time></trkpt>
    <trkpt lat="52.229644601" lon="21.012502270"><ele>5.595</ele><time>1970-01-01T00:03:20.200000Z</time></trkpt>
    <trkpt lat="52.229662373" lon="21.012499643"><ele>6.964</ele><time>1970-01-01T00:03:20.300000Z</time></trkpt>
    <trkpt lat="52.229622739" lon="21.012476424"><ele>8.715</ele><time>1970-01-01T00:03:20.500000Z</time></trkpt>
    <trkpt lat="52.229623639" lon="21.012498917"><ele>7.488</ele><time>1970-01-01T00:03:20.700000Z</time></trkpt>
    <trkpt lat="52.229632566" lon="21.012505925"><ele>4.288</ele><time>1970-01-01T00:03:20.800000Z</time></trkpt>
    <trkpt lat="52.229631886" lon="21.012523397"><ele>5.702</ele><time>1970-01-01T00:03:21Z</time></trkpt>
    <trkpt lat="52.229652160" lon="21.012496064"><ele>3.589</ele><time>1970-01-01T00:03:21.200000Z</time></trkpt>
    <trkpt lat="52.229651611" lon="21.012506946"><ele>1.661</ele><time>1970-01-01T00:03:21.300000Z</time></trkpt>
    <trkpt lat="52.229628877" lon="21.012501561"><ele>3.207</ele><time>1970-01-01T00:03:21.500000Z</time></trkpt>
    <trkpt lat="52.229640847" lon="21.012507067"><ele>2.313</ele><time>1970-01-01T00:03:21.700000Z</time></trkpt>
    <trkpt lat="52.229662016" lon="21.012513926"><ele>7.301</ele><time>1970-01-01T00:03:21.800000Z</time></trkpt>
    <trkpt lat="52.229632228" lon="21.012517077"><ele>3.875</ele><time>1970-01-01T00:03:22Z</time></trkpt>
    <trkpt lat="52.229653331" lon="21.012525521"><ele>6.566</ele><time>1970-01-01T00:03:22.200000Z</time></trkpt>
    <trkpt lat="52.229637850" lon="21.012515911"><ele>6.019</ele><time>1970-01-01T00:03:22.300000Z</time></trkpt>
    <trkpt lat="52.229631442" lon="21.012506564"><ele>6.961</ele><time>1970-01-01T00:03:22.500000Z</time></trkpt>
    <trkpt lat="52.229640947" lon="21.012512088"><ele>6.672</ele><time>1970-01-01T00:03:22.700000Z</time></trkpt>
    <trkpt lat="52.229650301" lon="21.012505107"><ele>5.297</ele><time>1970-01-01T00:03:22.800000Z</time></trkpt>
    <trkpt lat="52.229645885" lon="21.012520115"><ele>9.065</ele><time>1970-01-01T00:03:23Z</time></trkpt>
    <trkpt lat="52.229650373" lon="21.012505934"><ele>2.219</ele><time>1970-01-01T00:03:23.200000Z</time></trkpt>
    <trkpt lat="52.229634065" lon="21.012512109"><ele>8.402</ele><time>1970-01-01T00:03:23.300000Z</time></trkpt>
    <trkpt lat="52.229630583" lon="21.012513497"><ele>13.531</ele><time>1970-01-01T00:03:23.500000Z</time></trkpt>
    <trkpt lat="52.229643961" lon="21.012512778"><ele>7.478</ele><time>1970-01-01T00:03:23.700000Z</time></trkpt>
    <trkpt lat="52.229632317" lon="21.012512097"><ele>8.348</ele><time>1970-01-01T00:03:23.800000Z</time></trkpt>
    <trkpt lat="52.229631641" lon="21.012535817"><ele>5.091</ele><time>1970-01-01T00:03:24Z</time></trkpt>
    <trkpt lat="52.229649470" lon="21.012509524"><ele>2.957</ele><time>1970-01-01T00:03:24.200000Z</time></trkpt>
    <trkpt lat="52.229626604" lon="21.012551691"><ele>6.222</ele><time>1970-01-01T00:03:24.300000Z</time></trkpt>
    <trkpt lat="52.229632215" lon="21.012514293"><ele>7.855</ele><time>1970-01-01T00:03:24.500000Z</time></trkpt>
    <trkpt lat="52.229642320" lon="21.012512240"><ele>2.263</ele><time>1970-01-01T00:03:25.700000Z</time></trkpt>
    <trkpt lat="52.229633728" lon="21.012521827"><ele>8.281</ele><time>1970-01-01T00:03:25.800000Z</time></trkpt>
    <trkpt lat="52.229631984" lon="21.012520674"><ele>10.007</ele><time>1970-01-01T00:03:26Z</time></trkpt>
    <trkpt lat="52.229626531" lon="21.012516413"><ele>2.314</ele><time>1970-01-01T00:03:26.200000Z</time></trkpt>
    <trkpt lat="52.229633468" lon="21.012516743"><ele>2.826</ele><time>1970-01-01T00:03:26.300000Z</time></trkpt>
    <trkpt lat="52.229656718" lon="21.012496172"><ele>9.809</ele><time>1970-01-01T00:03:26.500000Z</time></trkpt>
    <trkpt lat="52.229645208" lon="21.012524627"><ele>0.679</ele><time>1970-01-01T00:03:26.700000Z</time></trkpt>
    <trkpt lat="52.229650138" lon="21.012519730"><ele>6.089</ele><time>1970-01-01T00:03:26.800000Z</time></trkpt>
    <trkpt lat="52.229647779" lon="21.012527799"><ele>3.777</ele><time>1970-01-01T00:03:27Z</time></trkpt>
    <trkpt lat="52.229642186" lon="21.012540007"><ele>5.800</ele><time>1970-01-01T00:03:27.200000Z</time></trkpt>
    <trkpt lat="52.229624019" lon="21.012509207"><ele>5.299</ele><time>1970-01-01T00:03:27.300000Z</time></trkpt>
    <trkpt lat="52.229636717" lon="21.012519786"><ele>1.233</ele><time>1970-01-01T00:03:27.500000Z</time></trkpt>
    <trkpt lat="52.229638393" lon="21.012504902"><ele>2.166</ele><time>1970-01-01T00:03:27.700000Z</time></trkpt>
    <trkpt lat="52.229650963" lon="21.012540303"><ele>3.398</ele><time>1970-01-01T00:03:27.800000Z</time></trkpt>
    <trkpt lat="52.229643397" lon="21.012546521"><ele>4.865</ele><time>1970-01-01T00:03:28Z</time></trkpt>
    <trkpt lat="52.229628664" lon="21.012498191"><ele>1.442</ele><time>1970-01-01T00:03:28.200000Z</time></trkpt>
    <trkpt lat="52.229666388" lon="21.012532673"><ele>5.794</ele><time>1970-01-01T00:03:28.300000Z</time></trkpt>
    <trkpt lat="52.229669648" lon="21.012520134"><ele>0.622</ele><time>1970-01-01T00:03:28.500000Z</time></trkpt>
    <trkpt lat="52.229645350" lon="21.012520104"><ele>-4.965</ele><time>1970-01-01T00:03:28.700000Z</time></trkpt>
    <trkpt lat="52.229635973" lon="21.012524750"><ele>2.872</ele><time>1970-01-01T00:03:28.800000Z</time></trkpt>
    <trkpt lat="52.229655450" lon="21.012524986"><ele>-5.504</ele><time>1970-01-01T00:03:29Z</time></trkpt>
    <trkpt lat="52.229637998" lon="21.012530088"><ele>-1.087</ele><time>1970-01-01T00:03:29.200000Z</time></trkpt>
    <trkpt lat="52.229655359" lon="21.012541204"><ele>3.047</ele><time>1970-01-01T00:03:29.300000Z</time></trkpt>
    <trkpt lat="52.229626753" lon="21.012520291"><ele>-0.461</ele><time>1970-01-01T00:03:29.500000Z</time></trkpt>
    <trkpt lat="52.229646936" lon="21.012541047"><ele>-4.038</ele><time>1970-01-01T00:03:29.700000Z</time></trkpt>
    <trkpt lat="52.229630820" lon="21.012569644"><ele>-2.777</ele><time>1970-01-01T00:03:29.800000Z</time></trkpt>
    <trkpt lat="52.229640154" lon="21.012536896"><ele>4.719</ele><time>1970-01-01T00:03:30Z</time></trkpt>
    <trkpt lat="52.229640670" lon="21.012542500"><ele>-0.060</ele><time>1970-01-01T00:03:30.200000Z</time></trkpt>
    <trkpt lat="52.229638653" lon="21.012541965"><ele>2.856</ele><time>1970-01-01T00:03:30.300000Z</time></trkpt>
    <trkpt lat="52.229640155" lon="21.012543037"><ele>3.276</ele><time>1970-01-01T00:03:30.500000Z</time></trkpt>
    <trkpt lat="52.229639050" lon="21.012532542"><ele>2.541</ele><time>1970-01-01T00:03:30.700000Z</time></trkpt>
    <trkpt lat="52.229648397" lon="21.012542391"><ele>0.750</ele><time>1970-01-01T00:03:30.800000Z</time></trkpt>
    <trkpt lat="52.229647214" lon="21.012548623"><ele>8.810</ele><time>1970-01-01T00:03:31Z</time></trkpt>
    <trkpt lat="52.229640258" lon="21.012554868"><ele>5.828</ele><time>1970-01-01T00:03:31.200000Z</time></trkpt>
    <trkpt lat="52.229619984" lon="21.012566160"><ele>1.134</ele><time>1970-01-01T00:03:31.300000Z</time></trkpt>
    <trkpt lat="52.229647175" lon="21.012543791"><ele>7.055</ele><time>1970-01-01T00:03:31.500000Z</time></trkpt>
    <trkpt lat="52.229634308" lon="21.012545926"><ele>1.347</ele><time>1970-01-01T00:03:31.700000Z</time></trkpt>
    <trkpt lat="52.229644918" lon="21.012540087"><ele>3.135</ele><time>1970-01-01T00:03:31.800000Z</time></trkpt>
    <trkpt lat="52.229600185" lon="21.012560005"><ele>8.364</ele><time>1970-01-01T00:03:32Z</time></trkpt>
    <trkpt lat="52.229617757" lon="21.012534419"><ele>4.883</ele><time>1970-01-01T00:03:32.200000Z</time></trkpt>
    <trkpt lat="52.229652804" lon="21.012555882"><ele>0.821</ele><time>1970-01-01T00:03:32.300000Z</time></trkpt>
    <trkpt lat="52.229628995" lon="21.012560031"><ele>2.150</ele><time>1970-01-01T00:03:32.500000Z</time></trkpt>
    <trkpt lat="52.229637136" lon="21.012571068"><ele>9.187</ele><time>1970-01-01T00:03:32.700000Z</time></trkpt>
    <trkpt lat="52.229630201" lon="21.012562688"><ele>10.018</ele><time>1970-01-01T00:03:32.800000Z</time></trkpt>
    <trkpt lat="52.229640277" lon="21.012554749"><ele>5.519</ele><time>1970-01-01T00:03:33Z</time></trkpt>
    <trkpt lat="52.229646812" lon="21.012560621"><ele>6.819</ele><time>1970-01-01T00:03:34.100000Z</time></trkpt>
    <trkpt lat="52.229623028" lon="21.012575828"><ele>12.438</ele><time>1970-01-01T00:03:34.300000Z</time></trkpt>
    <trkpt lat="52.229632372" lon="21.012566667"><ele>6.184</ele><time>1970-01-01T00:03:34.500000Z</time></trkpt>
    <trkpt lat="52.229642022" lon="21.012555631"><ele>7.927</ele><time>1970-01-01T00:03:34.700000Z</time></trkpt>
    <trkpt lat="52.229643751" lon="21.012577501"><ele>9.731</ele><time>1970-01-01T00:03:34.800000Z</time></trkpt>
    <trkpt lat="52.229638702" lon="21.012577065"><ele>4.072</ele><time>1970-01-01T00:03:35Z</time></trkpt>
    <trkpt lat="52.229631137" lon="21.012582661"><ele>7.016</ele><time>1970-01-01T00:03:35.200000Z</time></trkpt>
    <trkpt lat="52.229621083" lon="21.012563172"><ele>7.841</ele><time>1970-01-01T00:03:35.300000Z</time></trkpt>
    <trkpt lat="52.229644135" lon="21.012623914"><ele>5.531</ele><time>1970-01-01T00:03:35.500000Z</time></trkpt>
    <trkpt lat="52.229615306" lon="21.012587713"><ele>7.824</ele><time>1970-01-01T00:03:35.700000Z</time></trkpt>
    <trkpt lat="52.229654088" lon="21.012595053"><ele>1.395</ele><time>1970-01-01T00:03:35.800000Z</time></trkpt>
    <trkpt lat="52.229635132" lon="21.012646278"><ele>13.481</ele><time>1970-01-01T00:03:36Z</time></trkpt>
    <trkpt lat="52.229640981" lon="21.012616645"><ele>-0.578</ele><time>1970-01-01T00:03:36.200000Z</time></trkpt>
    <trkpt lat="52.229670502" lon="21.012643294"><ele>4.792</ele><time>1970-01-01T00:03:36.300000Z</time></trkpt>
    <trkpt lat="52.229632806" lon="21.012636212"><ele>7.166</ele><time>1970-01-01T00:03:36.500000Z</time></trkpt>
    <trkpt lat="52.229651378" lon="21.012628064"><ele>1.321</ele><time>1970-01-01T00:03:36.700000Z</time></trkpt>
    <trkpt lat="52.229639747" lon="21.012675152"><ele>6.215</ele><time>1970-01-01T00:03:36.800000Z</time></trkpt>
    <trkpt lat="52.229621611" lon="21.012656225"><ele>7.583</ele><time>1970-01-01T00:03:37Z</time></trkpt>
    <trkpt lat="52.229633988" lon="21.012659651"><ele>8.330</ele><time>1970-01-01T00:03:37.200000Z</time></trkpt>
    <trkpt lat="52.229633919" lon="21.012661207"><ele>6.366</ele><time>1970-01-01T00:03:37.300000Z</time></trkpt>
    <trkpt lat="52.229626885" lon="21.012651848"><ele>4.470</ele><time>1970-01-01T00:03:37.500000Z</time></trkpt>
    <trkpt lat="52.229631277" lon="21.012653397"><ele>7.845</ele><time>1970-01-01T00:03:37.700000Z</time></trkpt>
    <trkpt lat="52.229627719" lon="21.012662039"><ele>6.688</ele><time>1970-01-01T00:03:37.800000Z</time></trkpt>
    <trkpt lat="52.229638503" lon="21.012675658"><ele>4.311</ele><time>1970-01-01T00:03:38Z</time></trkpt>
    <trkpt lat="52.229636015" lon="21.012674861"><ele>3.039</ele><time>1970-01-01T00:03:38.200000Z</time></trkpt>
    <trkpt lat="52.229598885" lon="21.012688596"><ele>0.121</ele><time>1970-01-01T00:03:38.300000Z</time></trkpt>
    <trkpt lat="52.229611004" lon="21.012658566"><ele>5.335</ele><time>1970-01-01T00:03:38.500000Z</time></trkpt>
    <trkpt lat="52.229627828" lon="21.012655340"><ele>6.661</ele><time>1970-01-01T00:03:38.700000Z</time></trkpt>
    <trkpt lat="52.229609743" lon="21.012659065"><ele>6.606</ele><time>1970-01-01T00:03:38.800000Z</time></trkpt>
    <trkpt lat="52.229617402" lon="21.012652942"><ele>4.700</ele><time>1970-01-01T00:03:39Z</time></trkpt>
    <trkpt lat="52.229597496" lon="21.012665938"><ele>2.480</ele><time>1970-01-01T00:03:39.200000Z</time></trkpt>
    <trkpt lat="52.229598022" lon="21.012655553"><ele>1.320</ele><time>1970-01-01T00:03:39.300000Z</time></trkpt>
    <trkpt lat="52.229592664" lon="21.012649565"><ele>-0.898</ele><time>1970-01-01T00:03:39.500000Z</time></trkpt>
    <trkpt lat="52.229614213" lon="21.012625122"><ele>1.096</ele><time>1970-01-01T00:03:39.700000Z</time></trkpt>
    <trkpt lat="52.229604022" lon="21.012652471"><ele>-0.282</ele><time>1970-01-01T00:03:39.800000Z</time></trkpt>
    <trkpt lat="52.229621575" lon="21.012618103"><ele>-1.625</ele><time>1970-01-01T00:03:40Z</time></trkpt>
    <trkpt lat="52.229598287" lon="21.012649688"><ele>3.265</ele><time>1970-01-01T00:03:40.200000Z</time></trkpt>
    <trkpt lat="52.229574354" lon="21.012649846"><ele>-1.944</ele><time>1970-01-01T00:03:40.300000Z</time></trkpt>
    <trkpt lat="52.229594581" lon="21.012648506"><ele>-2.537</ele><time>1970-01-01T00:03:40.500000Z</time></trkpt>
    <trkpt lat="52.229594064" lon="21.012631629"><ele>2.157</ele><time>1970-01-01T00:03:40.700000Z</time></trkpt>
    <trkpt lat="52.229587819" lon="21.012649659"><ele>-0.087</ele><time>1970-01-01T00:03:40.800000Z</time></trkpt>
    <trkpt lat="52.229585847" lon="21.012622923"><ele>-5.770</ele><time>1970-01-01T00:03:41Z</time></trkpt>
    <trkpt lat="52.229604021" lon="21.012623378"><ele>0.753</ele><time>1970-01-01T00:03:41.200000Z</time></trkpt>
    <trkpt lat="52.229596525" lon="21.012619688"><ele>1.927</ele><time>1970-01-01T00:03:41.300000Z</time></trkpt>
    <trkpt lat="52.229613648" lon="21.012642741"><ele>-1.099</ele><time>1970-01-01T00:03:41.500000Z</time></trkpt>
    <trkpt lat="52.229605623" lon="21.012647235"><ele>2.673</ele><time>1970-01-01T00:03:41.700000Z</time></trkpt>
    <trkpt lat="52.229599040" lon="21.012669130"><ele>0.721</ele><time>1970-01-01T00:03:41.800000Z</time></trkpt>
    <trkpt lat="52.229590697" lon="21.012656496"><ele>4.378</ele><time>1970-01-01T00:03:42Z</time></trkpt>
    <trkpt lat="52.229615011" lon="21.012631879"><ele>3.058</ele><time>1970-01-01T00:03:42.200000Z</time></trkpt>
    <trkpt lat="52.229606340" lon="21.012637921"><ele>2.030</ele><time>1970-01-01T00:03:42.300000Z</time></trkpt>
    <trkpt lat="52.229608079" lon="21.012663094"><ele>7.509</ele><time>1970-01-01T00:03:42.500000Z</time></trkpt>
    <trkpt lat="52.229584130" lon="21.012638597"><ele>3.421</ele><time>1970-01-01T00:03:42.700000Z</time></trkpt>
    <trkpt lat="52.229583546" lon="21.012650906"><ele>5.643</ele><time>1970-01-01T00:03:42.800000Z</time></trkpt>
    <trkpt lat="52.229582470" lon="21.012609184"><ele>3.168</ele><time>1970-01-01T00:03:43Z</time></trkpt>
    <trkpt lat="52.229604308" lon="21.012657023"><ele>11.533</ele><time>1970-01-01T00:03:43.200000Z</time></trkpt>
    <trkpt lat="52.229578306" lon="21.012643814"><ele>6.100</ele><time>1970-01-01T00:03:43.300000Z</time></trkpt>
    <trkpt lat="52.229597837" lon="21.012626036"><ele>4.144</ele><time>1970-01-01T00:03:43.500000Z</time></trkpt>
    <trkpt lat="52.229606364" lon="21.012643897"><ele>6.127</ele><time>1970-01-01T00:03:43.700000Z</time></trkpt>
    <trkpt lat="52.229583917" lon="21.012641090"><ele>8.886</ele><time>1970-01-01T00:03:43.800000Z</time></trkpt>
    <trkpt lat="52.229614380" lon="21.012667902"><ele>6.100</ele><time>1970-01-01T00:03:44Z</time></trkpt>
    <trkpt lat="52.229590962" lon="21.012641519"><ele>5.503</ele><time>1970-01-01T00:03:44.200000Z</time></trkpt>
    <trkpt lat="52.229595146" lon="21.012645918"><ele>10.514</ele><time>1970-01-01T00:03:44.300000Z</time></trkpt>
    <trkpt lat="52.229611910" lon="21.012655539"><ele>6.582</ele><time>1970-01-01T00:03:44.500000Z</time></trkpt>
    <trkpt lat="52.229630634" lon="21.012627818"><ele>7.395</ele><time>1970-01-01T00:03:44.700000Z</time></trkpt>
    <trkpt lat="52.229595941" lon="21.012629612"><ele>8.058</ele><time>1970-01-01T00:03:44.800000Z</time></trkpt>
    <trkpt lat="52.229595357" lon="21.012632318"><ele>6.923</ele><time>1970-01-01T00:03:45Z</time></trkpt>
    <trkpt lat="52.229602091" lon="21.012655833"><ele>8.243</ele><time>1970-01-01T00:03:45.200000Z</time></trkpt>
    <trkpt lat="52.229595485" lon="21.012624586"><ele>6.684</ele><time>1970-01-01T00:03:45.300000Z</time></trkpt>
    <trkpt lat="52.229578522" lon="21.012659676"><ele>11.153</ele><time>1970-01-01T00:03:46.200000Z</time></trkpt>
    <trkpt lat="52.229611843" lon="21.012675628"><ele>12.868</ele><time>1970-01-01T00:03:46.300000Z</time></trkpt>
    <trkpt lat="52.229612729" lon="21.012655464"><ele>11.067</ele><time>1970-01-01T00:03:46.500000Z</time></trkpt>
    <trkpt lat="52.229569435" lon="21.012668165"><ele>5.869</ele><time>1970-01-01T00:03:46.700000Z</time></trkpt>
    <trkpt lat="52.229595594" lon="21.012680680"><ele>3.539</ele><time>1970-01-01T00:03:46.800000Z</time></trkpt>
    <trkpt lat="52.229604045" lon="21.012688621"><ele>3.013</ele><time>1970-01-01T00:03:47Z</time></trkpt>
    <trkpt lat="52.229617309" lon="21.012672647"><ele>6.379</ele><time>1970-01-01T00:03:47.200000Z</time></trkpt>
    <trkpt lat="52.229587896" lon="21.012716592"><ele>5.551</ele><time>1970-01-01T00:03:47.300000Z</time></trkpt>
    <trkpt lat="52.229589146" lon="21.012675640"><ele>1.292</ele><time>1970-01-01T00:03:47.500000Z</time></trkpt>
    <trkpt lat="52.229611569" lon="21.012704128"><ele>8.855</ele><time>1970-01-01T00:03:47.700000Z</time></trkpt>
    <trkpt lat="52.229582040" lon="21.012702140"><ele>12.932</ele><time>1970-01-01T00:03:47.800000Z</time></trkpt>
    <trkpt lat="52.229591722" lon="21.012696454"><ele>9.017</ele><time>1970-01-01T00:03:48Z</time></trkpt>
    <trkpt lat="52.229579935" lon="21.012708338"><ele>11.690</ele><time>1970-01-01T00:03:48.200000Z</time></trkpt>
    <trkpt lat="52.229607996" lon="21.012716317"><ele>4.216</ele><time>1970-01-01T00:03:48.300000Z</time></trkpt>
    <trkpt lat="52.229603932" lon="21.012716150"><ele>6.875</ele><time>1970-01-01T00:03:48.500000Z</time></trkpt>
    <trkpt lat="52.229603590" lon="21.012715002"><ele>8.535</ele><time>1970-01-01T00:03:48.700000Z</time></trkpt>
    <trkpt lat="52.229593801" lon="21.012731103"><ele>14.336</ele><time>1970-01-01T00:03:48.800000Z</time></trkpt>
    <trkpt lat="52.229591613" lon="21.012733922"><ele>11.398</ele><time>1970-01-01T00:03:49Z</time></trkpt>
    <trkpt lat="52.229606877" lon="21.012731474"><ele>11.317</ele><time>1970-01-01T00:03:49.200000Z</time></trkpt>
    <trkpt lat="52.229589453" lon="21.012740858"><ele>3.096</ele><time>1970-01-01T00:03:49.300000Z</time></trkpt>
    <trkpt lat="52.229620495" lon="21.012742614"><ele>3.094</ele><time>1970-01-01T00:03:49.500000Z</time></trkpt>
    <trkpt lat="52.229585268" lon="21.012743654"><ele>5.302</ele><time>1970-01-01T00:03:49.700000Z</time></trkpt>
    <trkpt lat="52.229584676" lon="21.012745817"><ele>12.253</ele><time>1970-01-01T00:03:49.800000Z</time></trkpt>
    <trkpt lat="52.229616458" lon="21.012751569"><ele>8.580</ele><time>1970-01-01T00:03:50Z</time></trkpt>
    <trkpt lat="52.229598700" lon="21.012742693"><ele>8.658</ele><time>1970-01-01T00:03:50.200000Z</time></trkpt>
    <trkpt lat="52.229588328" lon="21.012755869"><ele>10.230</ele><time>1970-01-01T00:03:50.300000Z</time></trkpt>
    <trkpt lat="52.229604063" lon="21.012739623"><ele>8.931</ele><time>1970-01-01T00:03:50.500000Z</time></trkpt>
    <trkpt lat="52.229605140" lon="21.012743675"><ele>11.417</ele><time>1970-01-01T00:03:50.700000Z</time></trkpt>
    <trkpt lat="52.229605985" lon="21.012762253"><ele>5.415</ele><time>1970-01-01T00:03:50.800000Z</time></trkpt>
    <trkpt lat="52.229596310" lon="21.012744568"><ele>12.314</ele><time>1970-01-01T00:03:51Z</time></trkpt>
    <trkpt lat="52.229613638" lon="21.012766574"><ele>0.764</ele><time>1970-01-01T00:03:51.200000Z</time></trkpt>
    <trkpt lat="52.229606262" lon="21.012745382"><ele>4.322</ele><time>1970-01-01T00:03:51.300000Z</time></trkpt>
    <trkpt lat="52.229576310" lon="21.012760434"><ele>6.717</ele><time>1970-01-01T00:03:51.500000Z</time></trkpt>
    <trkpt lat="52.229599057" lon="21.012730275"><ele>4.546</ele><time>1970-01-01T00:03:51.700000Z</time></trkpt>
    <trkpt lat="52.229583672" lon="21.012709266"><ele>10.862</ele><time>1970-01-01T00:03:51.800000Z</time></trkpt>
    <trkpt lat="52.229594056" lon="21.012729029"><ele>10.290</ele><time>1970-01-01T00:03:52Z</time></trkpt>
    <trkpt lat="52.229601457" lon="21.012746123"><ele>10.549</ele><time>1970-01-01T00:03:52.200000Z</time></trkpt>
    <trkpt lat="52.229579399" lon="21.012752239"><ele>9.155</ele><time>1970-01-01T00:03:52.300000Z</time></trkpt>
    <trkpt lat="52.229616979" lon="21.012753041"><ele>5.742</ele><time>1970-01-01T00:03:52.500000Z</time></trkpt>
    <trkpt lat="52.229618378" lon="21.012732677"><ele>7.829</ele><time>1970-01-01T00:03:52.700000Z</time></trkpt>
    <trkpt lat="52.229611209" lon="21.012742582"><ele>6.036</ele><time>1970-01-01T00:03:52.800000Z</time></trkpt>
    <trkpt lat="52.229589635" lon="21.012754770"><ele>2.077</ele><time>1970-01-01T00:03:53Z</time></trkpt>
    <trkpt lat="52.229573473" lon="21.012741972"><ele>5.428</ele><time>1970-01-01T00:03:53.200000Z</time></trkpt>
    <trkpt lat="52.229579097" lon="21.012746185"><ele>9.936</ele><time>1970-01-01T00:03:53.300000Z</time></trkpt>
    <trkpt lat="52.229593693" lon="21.012734661"><ele>5.456</ele><time>1970-01-01T00:03:53.500000Z</time></trkpt>
    <trkpt lat="52.229582299" lon="21.012722671"><ele>10.827</ele><time>1970-01-01T00:03:53.700000Z</time></trkpt>
    <trkpt lat="52.229605728" lon="21.012742664"><ele>9.679</ele><time>1970-01-01T00:03:53.800000Z</time></trkpt>
    <trkpt lat="52.229603899" lon="21.012769169"><ele>5.837</ele><time>1970-01-01T00:03:54Z</time></trkpt>
    <trkpt lat="52.229587226" lon="21.012725138"><ele>6.833</ele><time>1970-01-01T00:03:54.200000Z</time></trkpt>
    <trkpt lat="52.229585038" lon="21.012740486"><ele>6.724</ele><time>1970-01-01T00:03:54.300000Z</time></trkpt>
    <trkpt lat="52.229597607" lon="21.012756413"><ele>2.378</ele><time>1970-01-01T00:03:54.500000Z</time></trkpt>
    <trkpt lat="52.229613421" lon="21.012743750"><ele>-0.239</ele><time>1970-01-01T00:03:54.700000Z</time></trkpt>
    <trkpt lat="52.229624489" lon="21.012727969"><ele>7.738</ele><time>1970-01-01T00:03:54.800000Z</time></trkpt>
    <trkpt lat="52.229588466" lon="21.012751473"><ele>11.045</ele><time>1970-01-01T00:03:55Z</time></trkpt>
    <trkpt lat="52.229610833" lon="21.012738927"><ele>3.546</ele><time>1970-01-01T00:03:55.200000Z</time></trkpt>
    <trkpt lat="52.229613495" lon="21.012771058"><ele>8.042</ele><time>1970-01-01T00:03:55.300000Z</time></trkpt>
    <trkpt lat="52.229619791" lon="21.012733171"><ele>10.484</ele><time>1970-01-01T00:03:55.500000Z</time></trkpt>
    <trkpt lat="52.229603440" lon="21.012744830"><ele>8.031</ele><time>1970-01-01T00:03:55.700000Z</time></trkpt>
    <trkpt lat="52.229630835" lon="21.012738998"><ele>5.048</ele><time>1970-01-01T00:03:55.800000Z</time></trkpt>
    <trkpt lat="52.229607059" lon="21.012731663"><ele>3.893</ele><time>1970-01-01T00:03:56Z</time></trkpt>
    <trkpt lat="52.229622529" lon="21.012775430"><ele>8.671</ele><time>1970-01-01T00:03:56.200000Z</time></trkpt>
    <trkpt lat="52.229674007" lon="21.012769605"><ele>2.912</ele><time>1970-01-01T00:03:56.300000Z</time></trkpt>
    <trkpt lat="52.229624640" lon="21.012741060"><ele>10.737</ele><time>1970-01-01T00:03:56.500000Z</time></trkpt>
    <trkpt lat="52.229654728" lon="21.012733020"><ele>11.048</ele><time>1970-01-01T00:03:56.700000Z</time></trkpt>
    <trkpt lat="52.229628350" lon="21.012766418"><ele>8.260</ele><time>1970-01-01T00:03:56.800000Z</time></trkpt>
    <trkpt lat="52.229641125" lon="21.012765249"><ele>5.220</ele><time>1970-01-01T00:03:57Z</time></trkpt>
    <trkpt lat="52.229638886" lon="21.012759671"><ele>1.314</ele><time>1970-01-01T00:03:57.200000Z</time></trkpt>
    <trkpt lat="52.229634561" lon="21.012758924"><ele>5.998</ele><time>1970-01-01T00:03:57.300000Z</time></trkpt>
    <trkpt lat="52.229637299" lon="21.012778385"><ele>-0.522</ele><time>1970-01-01T00:03:57.500000Z</time></trkpt>
    <trkpt lat="52.229641699" lon="21.012758904"><ele>8.560</ele><time>1970-01-01T00:03:57.700000Z</time></trkpt>
    <trkpt lat="52.229659083" lon="21.012753124"><ele>4.440</ele><time>1970-01-01T00:03:57.800000Z</time></trkpt>
    <trkpt lat="52.229650409" lon="21.012759448"><ele>4.230</ele><time>1970-01-01T00:03:58Z</time></trkpt>
    <trkpt lat="52.229664266" lon="21.012778772"><ele>6.678</ele><time>1970-01-01T00:03:58.200000Z</time></trkpt>
    <trkpt lat="52.229666691" lon="21.012745993"><ele>-0.865</ele><time>1970-01-01T00:03:58.300000Z</time></trkpt>
    <trkpt lat="52.229640207" lon="21.012752449"><ele>3.474</ele><time>1970-01-01T00:03:59.300000Z</time></trkpt>
    <trkpt lat="52.229649711" lon="21.012728560"><ele>6.400</ele><time>1970-01-01T00:03:59.500000Z</time></trkpt>
    <trkpt lat="52.229661642" lon="21.012734347"><ele>9.741</ele><time>1970-01-01T00:03:59.700000Z</time></trkpt>
    <trkpt lat="52.229670626" lon="21.012728554"><ele>4.637</ele><time>1970-01-01T00:03:59.800000Z</time></trkpt>
    <trkpt lat="52.229637529" lon="21.012767103"><ele>1.770</ele><time>1970-01-01T00:04:00.300000Z</time></trkpt>
    <trkpt lat="52.229674032" lon="21.012727456"><ele>1.255</ele><time>1970-01-01T00:04:00.500000Z</time></trkpt>
    <trkpt lat="52.229641207" lon="21.012752617"><ele>3.591</ele><time>1970-01-01T00:04:00.700000Z</time></trkpt>
    <trkpt lat="52.229652518" lon="21.012773131"><ele>3.079</ele><time>1970-01-01T00:04:00.800000Z</time></trkpt>
    <trkpt lat="52.229666342" lon="21.012751919"><ele>-0.002</ele><time>1970-01-01T00:04:01Z</time></trkpt>
    <trkpt lat="52.229684160" lon="21.012733796"><ele>6.567</ele><time>1970-01-01T00:04:01.200000Z</time></trkpt>
    <trkpt lat="52.229672489" lon="21.012762141"><ele>1.355</ele><time>1970-01-01T00:04:01.300000Z</time></trkpt>
    <trkpt lat="52.229676830" lon="21.012735901"><ele>13.347</ele><time>1970-01-01T00:04:01.500000Z</time></trkpt>
    <trkpt lat="52.229678314" lon="21.012763698"><ele>2.828</ele><time>1970-01-01T00:04:01.700000Z</time></trkpt>
    <trkpt lat="52.229707069" lon="21.012753005"><ele>2.399</ele><time>1970-01-01T00:04:01.800000Z</time></trkpt>
    <trkpt lat="52.229721643" lon="21.012727531"><ele>8.817</ele><time>1970-01-01T00:04:02Z</time></trkpt>
    <trkpt lat="52.229704681" lon="21.012772484"><ele>7.344</ele><time>1970-01-01T00:04:02.200000Z</time></trkpt>
    <trkpt lat="52.229741970" lon="21.012743540"><ele>1.388</ele><time>1970-01-01T00:04:02.300000Z</time></trkpt>
    <trkpt lat="52.229724877" lon="21.012740992"><ele>5.165</ele><time>1970-01-01T00:04:02.500000Z</time></trkpt>
    <trkpt lat="52.229713894" lon="21.012758485"><ele>6.174</ele><time>1970-01-01T00:04:02.700000Z</time></trkpt>
    <trkpt lat="52.229719668" lon="21.012745583"><ele>7.213</ele><time>1970-01-01T00:04:02.800000Z</time></trkpt>
    <trkpt lat="52.229727022" lon="21.012741710"><ele>4.295</ele><time>1970-01-01T00:04:03Z</time></trkpt>
    <trkpt lat="52.229726684" lon="21.012746990"><ele>1.634</ele><time>1970-01-01T00:04:03.200000Z</time></trkpt>
    <trkpt lat="52.229732463" lon="21.012758980"><ele>5.989</ele><time>1970-01-01T00:04:03.300000Z</time></trkpt>
    <trkpt lat="52.229748610" lon="21.012725202"><ele>4.465</ele><time>1970-01-01T00:04:03.500000Z</time></trkpt>
    <trkpt lat="52.229771699" lon="21.012762206"><ele>0.609</ele><time>1970-01-01T00:04:03.700000Z</time></trkpt>
    <trkpt lat="52.229736820" lon="21.012733747"><ele>-1.655</ele><time>1970-01-01T00:04:03.800000Z</time></trkpt>
    <trkpt lat="52.229764081" lon="21.012715399"><ele>0.604</ele><time>1970-01-01T00:04:04Z</time></trkpt>
    <trkpt lat="52.229762723" lon="21.012741785"><ele>-0.668</ele><time>1970-01-01T00:04:04.200000Z</time></trkpt>
    <trkpt lat="52.229771788" lon="21.012759111"><ele>-2.652</ele><time>1970-01-01T00:04:04.300000Z</time></trkpt>
    <trkpt lat="52.229758432" lon="21.012734204"><ele>0.969</ele><time>1970-01-01T00:04:04.500000Z</time></trkpt>
    <trkpt lat="52.229747222" lon="21.012734673"><ele>6.677</ele><time>1970-01-01T00:04:04.700000Z</time></trkpt>
    <trkpt lat="52.229744196" lon="21.012749732"><ele>5.271</ele><time>1970-01-01T00:04:04.800000Z</time></trkpt>
    <trkpt lat="52.229774260" lon="21.012758729"><ele>4.455</ele><time>1970-01-01T00:04:05Z</time></trkpt>
    <trkpt lat="52.229787086" lon="21.012756662"><ele>2.070</ele><time>1970-01-01T00:04:05.200000Z</time></trkpt>
    <trkpt lat="52.229766426" lon="21.012743492"><ele>2.068</ele><time>1970-01-01T00:04:05.300000Z</time></trkpt>
    <trkpt lat="52.229791706" lon="21.012749187"><ele>2.439</ele><time>1970-01-01T00:04:05.500000Z</time></trkpt>
    <trkpt lat="52.229766240" lon="21.012742178"><ele>1.738</ele><time>1970-01-01T00:04:05.700000Z</time></trkpt>
    <trkpt lat="52.229746763" lon="21.012743107"><ele>-7.630</ele><time>1970-01-01T00:04:05.800000Z</time></trkpt>
    <trkpt lat="52.229762874" lon="21.012757920"><ele>3.586</ele><time>1970-01-01T00:04:06Z</time></trkpt>
    <trkpt lat="52.229761088" lon="21.012750886"><ele>-1.715</ele><time>1970-01-01T00:04:06.200000Z</time></trkpt>
    <trkpt lat="52.229779293" lon="21.012742209"><ele>1.923</ele><time>1970-01-01T00:04:06.300000Z</time></trkpt>
    <trkpt lat="52.229786314" lon="21.012738597"><ele>5.016</ele><time>1970-01-01T00:04:06.500000Z</time></trkpt>
    <trkpt lat="52.229759024" lon="21.012741597"><ele>2.419</ele><time>1970-01-01T00:04:06.700000Z</time></trkpt>
    <trkpt lat="52.229778479" lon="21.012740023"><ele>2.503</ele><time>1970-01-01T00:04:06.800000Z</time></trkpt>
    <trkpt lat="52.229784485" lon="21.012754491"><ele>-0.208</ele><time>1970-01-01T00:04:07Z</time></trkpt>
    <trkpt lat="52.229772695" lon="21.012748766"><ele>6.681</ele><time>1970-01-01T00:04:07.200000Z</time></trkpt>
    <trkpt lat="52.229753886" lon="21.012744699"><ele>2.687</ele><time>1970-01-01T00:04:07.300000Z</time></trkpt>
    <trkpt lat="52.229761529" lon="21.012768382"><ele>2.483</ele><time>1970-01-01T00:04:07.500000Z</time></trkpt>
    <trkpt lat="52.229770444" lon="21.012758708"><ele>3.607</ele><time>1970-01-01T00:04:07.700000Z</time></trkpt>
    <trkpt lat="52.229768287" lon="21.012722893"><ele>5.620</ele><time>1970-01-01T00:04:07.800000Z</time></trkpt>
    <trkpt lat="52.229761382" lon="21.012732111"><ele>-0.123</ele><time>1970-01-01T00:04:08Z</time></trkpt>
    <trkpt lat="52.229774559" lon="21.012763890"><ele>8.311</ele><time>1970-01-01T00:04:08.200000Z</time></trkpt>
    <trkpt lat="52.229799621" lon="21.012765776"><ele>6.968</ele><time>1970-01-01T00:04:08.300000Z</time></trkpt>
    <trkpt lat="52.229779662" lon="21.012752224"><ele>3.197</ele><time>1970-01-01T00:04:08.500000Z</time></trkpt>
    <trkpt lat="52.229786056" lon="21.012750851"><ele>9.983</ele><time>1970-01-01T00:04:08.700000Z</time></trkpt>
    <trkpt lat="52.229757092" lon="21.012735416"><ele>7.967</ele><time>1970-01-01T00:04:08.800000Z</time></trkpt>
    <trkpt lat="52.229775094" lon="21.012719140"><ele>-1.724</ele><time>1970-01-01T00:04:09Z</time></trkpt>
    <trkpt lat="52.229765249" lon="21.012753632"><ele>7.240</ele><time>1970-01-01T00:04:09.200000Z</time></trkpt>
    <trkpt lat="52.229773398" lon="21.012763231"><ele>5.236</ele><time>1970-01-01T00:04:09.300000Z</time></trkpt>
    <trkpt lat="52.229758425" lon="21.012743703"><ele>8.615</ele><time>1970-01-01T00:04:09.500000Z</time></trkpt>
    <trkpt lat="52.229751317" lon="21.012735726"><ele>0.622</ele><time>1970-01-01T00:04:09.700000Z</time></trkpt>
    <trkpt lat="52.229756496" lon="21.012768328"><ele>7.391</ele><time>1970-01-01T00:04:09.800000Z</time></trkpt>
    <trkpt lat="52.229733561" lon="21.012741129"><ele>10.467</ele><time>1970-01-01T00:04:10Z</time></trkpt>
    <trkpt lat="52.229770357" lon="21.012742991"><ele>11.094</ele><time>1970-01-01T00:04:10.200000Z</time></trkpt>
    <trkpt lat="52.229755949" lon="21.012745286"><ele>7.010</ele><time>1970-01-01T00:04:10.300000Z</time></trkpt>
    <trkpt lat="52.229748502" lon="21.012773859"><ele>2.628</ele><time>1970-01-01T00:04:10.500000Z</time></trkpt>
    <trkpt lat="52.229775486" lon="21.012753796"><ele>5.426</ele><time>1970-01-01T00:04:10.700000Z</time></trkpt>
    <trkpt lat="52.229788773" lon="21.012760691"><ele>7.839</ele><time>1970-01-01T00:04:10.800000Z</time></trkpt>
    <trkpt lat="52.229774466" lon="21.012758942"><ele>8.680</ele><time>1970-01-01T00:04:11Z</time></trkpt>
    <trkpt lat="52.229779775" lon="21.012751617"><ele>1.574</ele><time>1970-01-01T00:04:11.200000Z</time></trkpt>
    <trkpt lat="52.229793275" lon="21.012736316"><ele>3.086</ele><time>1970-01-01T00:04:11.300000Z</time></trkpt>
    <trkpt lat="52.229771306" lon="21.012739046"><ele>5.909</ele><time>1970-01-01T00:04:11.500000Z</time></trkpt>
    <trkpt lat="52.229781312" lon="21.012744687"><ele>5.311</ele><time>1970-01-01T00:04:11.700000Z</time></trkpt>
    <trkpt lat="52.229773597" lon="21.012742118"><ele>8.741</ele><time>1970-01-01T00:04:11.800000Z</time></trkpt>
    <trkpt lat="52.229793938" lon="21.012728574"><ele>7.302</ele><time>1970-01-01T00:04:13.300000Z</time></trkpt>
    <trkpt lat="52.229773747" lon="21.012752021"><ele>1.656</ele><time>1970-01-01T00:04:13.500000Z</time></trkpt>
    <trkpt lat="52.229777544" lon="21.012741310"><ele>10.353</ele><time>1970-01-01T00:04:13.700000Z</time></trkpt>
    <trkpt lat="52.229780280" lon="21.012736730"><ele>8.030</ele><time>1970-01-01T00:04:13.800000Z</time></trkpt>
    <trkpt lat="52.229756388" lon="21.012733191"><ele>4.503</ele><time>1970-01-01T00:04:14Z</time></trkpt>
    <trkpt lat="52.229758110" lon="21.012741383"><ele>8.624</ele><time>1970-01-01T00:04:14.200000Z</time></trkpt>
    <trkpt lat="52.229761528" lon="21.012742579"><ele>4.133</ele><time>1970-01-01T00:04:14.300000Z</time></trkpt>
    <trkpt lat="52.229793076" lon="21.012732412"><ele>1.618</ele><time>1970-01-01T00:04:14.500000Z</time></trkpt>
    <trkpt lat="52.229806523" lon="21.012741760"><ele>3.686</ele><time>1970-01-01T00:04:14.700000Z</time></trkpt>
    <trkpt lat="52.229776577" lon="21.012740448"><ele>5.948</ele><time>1970-01-01T00:04:14.800000Z</time></trkpt>
    <trkpt lat="52.229760496" lon="21.012744284"><ele>3.436</ele><time>1970-01-01T00:04:15Z</time></trkpt>
    <trkpt lat="52.229762728" lon="21.012736591"><ele>12.569</ele><time>1970-01-01T00:04:15.200000Z</time></trkpt>
    <trkpt lat="52.229774819" lon="21.012712144"><ele>7.450</ele><time>1970-01-01T00:04:15.300000Z</time></trkpt>
    <trkpt lat="52.229755029" lon="21.012727869"><ele>1.723</ele><time>1970-01-01T00:04:15.500000Z</time></trkpt>
    <trkpt lat="52.229806475" lon="21.012716502"><ele>5.407</ele><time>1970-01-01T00:04:15.700000Z</time></trkpt>
    <trkpt lat="52.229746331" lon="21.012702179"><ele>9.086</ele><time>1970-01-01T00:04:15.800000Z</time></trkpt>
    <trkpt lat="52.229771697" lon="21.012703554"><ele>7.970</ele><time>1970-01-01T00:04:16Z</time></trkpt>
    <trkpt lat="52.229775313" lon="21.012696989"><ele>8.732</ele><time>1970-01-01T00:04:16.100000Z</time></trkpt>
    <trkpt lat="52.229773908" lon="21.012701635"><ele>5.862</ele><time>1970-01-01T00:04:16.300000Z</time></trkpt>
    <trkpt lat="52.229768125" lon="21.012705358"><ele>1.349</ele><time>1970-01-01T00:04:16.500000Z</time></trkpt>
    <trkpt lat="52.229794407" lon="21.012705316"><ele>7.300</ele><time>1970-01-01T00:04:16.600000Z</time></trkpt>
    <trkpt lat="52.229759919" lon="21.012706427"><ele>2.448</ele><time>1970-01-01T00:04:16.800000Z</time></trkpt>
    <trkpt lat="52.229778737" lon="21.012694937"><ele>5.514</ele><time>1970-01-01T00:04:17Z</time></trkpt>
    <trkpt lat="52.229784317" lon="21.012688602"><ele>5.317</ele><time>1970-01-01T00:04:17.100000Z</time></trkpt>
    <trkpt lat="52.229777984" lon="21.012713801"><ele>-0.157</ele><time>1970-01-01T00:04:17.300000Z</time></trkpt>
    <trkpt lat="52.229794443" lon="21.012700509"><ele>2.231</ele><time>1970-01-01T00:04:17.500000Z</time></trkpt>
    <trkpt lat="52.229768828" lon="21.012707501"><ele>6.698</ele><time>1970-01-01T00:04:17.600000Z</time></trkpt>
    <trkpt lat="52.229782368" lon="21.012711050"><ele>2.457</ele><time>1970-01-01T00:04:17.800000Z</time></trkpt>
    <trkpt lat="52.229766806" lon="21.012671573"><ele>1.842</ele><time>1970-01-01T00:04:18Z</time></trkpt>
    <trkpt lat="52.229753103" lon="21.012717818"><ele>2.607</ele><time>1970-01-01T00:04:18.100000Z</time></trkpt>
    <trkpt lat="52.229762992" lon="21.012679814"><ele>2.538</ele><time>1970-01-01T00:04:18.300000Z</time></trkpt>
    <trkpt lat="52.229760327" lon="21.012706293"><ele>1.925</ele><time>1970-01-01T00:04:18.500000Z</time></trkpt>
    <trkpt lat="52.229764746" lon="21.012702229"><ele>-1.076</ele><time>1970-01-01T00:04:18.600000Z</time></trkpt>
    <trkpt lat="52.229771840" lon="21.012690170"><ele>2.202</ele><time>1970-01-01T00:04:18.800000Z</time></trkpt>
    <trkpt lat="52.229774399" lon="21.012714603"><ele>-1.113</ele><time>1970-01-01T00:04:19Z</time></trkpt>
    <trkpt lat="52.229764016" lon="21.012696248"><ele>-4.041</ele><time>1970-01-01T00:04:19.100000Z</time></trkpt>
    <trkpt lat="52.229756652" lon="21.012684008"><ele>-1.065</ele><time>1970-01-01T00:04:19.300000Z</time></trkpt>
    <trkpt lat="52.229777394" lon="21.012687082"><ele>-2.204</ele><time>1970-01-01T00:04:19.500000Z</time></trkpt>
    <trkpt lat="52.229768177" lon="21.012675979"><ele>0.042</ele><time>1970-01-01T00:04:19.600000Z</time></trkpt>
    <trkpt lat="52.229768345" lon="21.012702216"><ele>0.417</ele><time>1970-01-01T00:04:19.800000Z</time></trkpt>
    <trkpt lat="52.229771571" lon="21.012691108"><ele>-3.539</ele><time>1970-01-01T00:04:20Z</time></trkpt>
    <trkpt lat="52.229790791" lon="21.012653761"><ele>1.095</ele><time>1970-01-01T00:04:20.100000Z</time></trkpt>
    <trkpt lat="52.229771312" lon="21.012695222"><ele>3.740</ele><time>1970-01-01T00:04:21.200000Z</time></trkpt>
    <trkpt lat="52.229786994" lon="21.012673407"><ele>1.745</ele><time>1970-01-01T00:04:21.300000Z</time></trkpt>
    <trkpt lat="52.229748400" lon="21.012677383"><ele>-2.321</ele><time>1970-01-01T00:04:21.500000Z</time></trkpt>
    <trkpt lat="52.229794033" lon="21.012699310"><ele>-1.467</ele><time>1970-01-01T00:04:21.600000Z</time></trkpt>
    <trkpt lat="52.229764916" lon="21.012683456"><ele>1.286</ele><time>1970-01-01T00:04:21.800000Z</time></trkpt>
    <trkpt lat="52.229753205" lon="21.012690718"><ele>1.903</ele><time>1970-01-01T00:04:22Z</time></trkpt>
    <trkpt lat="52.229766684" lon="21.012678169"><ele>-5.123</ele><time>1970-01-01T00:04:22.100000Z</time></trkpt>
    <trkpt lat="52.229776220" lon="21.012671987"><ele>2.703</ele><time>1970-01-01T00:04:22.300000Z</time></trkpt>
    <trkpt lat="52.229757476" lon="21.012664754"><ele>0.959</ele><time>1970-01-01T00:04:22.500000Z</time></trkpt>
    <trkpt lat="52.229770440" lon="21.012642489"><ele>0.835</ele><time>1970-01-01T00:04:22.600000Z</time></trkpt>
    <trkpt lat="52.229752018" lon="21.012660228"><ele>0.484</ele><time>1970-01-01T00:04:22.800000Z</time></trkpt>
    <trkpt lat="52.229752249" lon="21.012667742"><ele>-6.627</ele><time>1970-01-01T00:04:23Z</time></trkpt>
    <trkpt lat="52.229784589" lon="21.012628773"><ele>-2.013</ele><time>1970-01-01T00:04:23.100000Z</time></trkpt>
    <trkpt lat="52.229777436" lon="21.012647091"><ele>5.044</ele><time>1970-01-01T00:04:23.300000Z</time></trkpt>
    <trkpt lat="52.229799874" lon="21.012660931"><ele>8.019</ele><time>1970-01-01T00:04:23.500000Z</time></trkpt>
    <trkpt lat="52.229767868" lon="21.012663902"><ele>0.684</ele><time>1970-01-01T00:04:23.600000Z</time></trkpt>
    <trkpt lat="52.229791648" lon="21.012636411"><ele>3.314</ele><time>1970-01-01T00:04:23.800000Z</time></trkpt>
    <trkpt lat="52.229769045" lon="21.012650649"><ele>0.296</ele><time>1970-01-01T00:04:24Z</time></trkpt>
    <trkpt lat="52.229748209" lon="21.012630384"><ele>-2.151</ele><time>1970-01-01T00:04:24.100000Z</time></trkpt>
    <trkpt lat="52.229798417" lon="21.012620487"><ele>-0.210</ele><time>1970-01-01T00:04:24.300000Z</time></trkpt>
    <trkpt lat="52.229780631" lon="21.012632207"><ele>0.809</ele><time>1970-01-01T00:04:24.500000Z</time></trkpt>
    <trkpt lat="52.229794017" lon="21.012624016"><ele>2.440</ele><time>1970-01-01T00:04:24.600000Z</time></trkpt>
    <trkpt lat="52.229774939" lon="21.012626931"><ele>0.810</ele><time>1970-01-01T00:04:24.800000Z</time></trkpt>
    <trkpt lat="52.229769958" lon="21.012605776"><ele>1.973</ele><time>1970-01-01T00:04:25Z</time></trkpt>
    <trkpt lat="52.229771739" lon="21.012601953"><ele>-1.054</ele><time>1970-01-01T00:04:25.100000Z</time></trkpt>
    <trkpt lat="52.229762888" lon="21.012594362"><ele>0.975</ele><time>1970-01-01T00:04:25.300000Z</time></trkpt>
    <trkpt lat="52.229762810" lon="21.012584647"><ele>0.513</ele><time>1970-01-01T00:04:25.500000Z</time></trkpt>
    <trkpt lat="52.229758338" lon="21.012593589"><ele>2.626</ele><time>1970-01-01T00:04:25.600000Z</time></trkpt>
    <trkpt lat="52.229776226" lon="21.012600876"><ele>0.917</ele><time>1970-01-01T00:04:25.800000Z</time></trkpt>
    <trkpt lat="52.229778760" lon="21.012581297"><ele>-0.102</ele><time>1970-01-01T00:04:26Z</time></trkpt>
    <trkpt lat="52.229759861" lon="21.012609918"><ele>3.420</ele><time>1970-01-01T00:04:26.100000Z</time></trkpt>
    <trkpt lat="52.229770843" lon="21.012603968"><ele>-1.880</ele><time>1970-01-01T00:04:26.300000Z</time></trkpt>
    <trkpt lat="52.229752453" lon="21.012611202"><ele>3.341</ele><time>1970-01-01T00:04:26.500000Z</time></trkpt>
    <trkpt lat="52.229719344" lon="21.012569512"><ele>3.126</ele><time>1970-01-01T00:04:26.600000Z</time></trkpt>
    <trkpt lat="52.229785918" lon="21.012591701"><ele>1.333</ele><time>1970-01-01T00:04:26.800000Z</time></trkpt>
    <trkpt lat="52.229735381" lon="21.012578107"><ele>1.527</ele><time>1970-01-01T00:04:27Z</time></trkpt>
    <trkpt lat="52.229779972" lon="21.012592678"><ele>4.118</ele><time>1970-01-01T00:04:27.100000Z</time></trkpt>
    <trkpt lat="52.229773681" lon="21.012591977"><ele>2.907</ele><time>1970-01-01T00:04:27.300000Z</time></trkpt>
    <trkpt lat="52.229771469" lon="21.012617897"><ele>0.484</ele><time>1970-01-01T00:04:27.500000Z</time></trkpt>
    <trkpt lat="52.229784288" lon="21.012603117"><ele>3.292</ele><time>1970-01-01T00:04:27.600000Z</time></trkpt>
    <trkpt lat="52.229777684" lon="21.012567482"><ele>-0.159</ele><time>1970-01-01T00:04:27.800000Z</time></trkpt>
    <trkpt lat="52.229758612" lon="21.012614163"><ele>-2.118</ele><time>1970-01-01T00:04:28Z</time></trkpt>
    <trkpt lat="52.229793613" lon="21.012597413"><ele>3.301</ele><time>1970-01-01T00:04:28.100000Z</time></trkpt>
    <trkpt lat="52.229768339" lon="21.012589734"><ele>2.385</ele><time>1970-01-01T00:04:29.100000Z</time></trkpt>
    <trkpt lat="52.229766745" lon="21.012588662"><ele>-3.084</ele><time>1970-01-01T00:04:29.300000Z</time></trkpt>
    <trkpt lat="52.229787557" lon="21.012572255"><ele>-1.195</ele><time>1970-01-01T00:04:29.500000Z</time></trkpt>
    <trkpt lat="52.229774559" lon="21.012590875"><ele>2.720</ele><time>1970-01-01T00:04:29.600000Z</time></trkpt>
    <trkpt lat="52.229776270" lon="21.012601235"><ele>1.866</ele><time>1970-01-01T00:04:29.800000Z</time></trkpt>
    <trkpt lat="52.229773612" lon="21.012596739"><ele>-0.268</ele><time>1970-01-01T00:04:30Z</time></trkpt>
    <trkpt lat="52.229782897" lon="21.012622405"><ele>1.759</ele><time>1970-01-01T00:04:30.100000Z</time></trkpt>
    <trkpt lat="52.229753873" lon="21.012592336"><ele>4.671</ele><time>1970-01-01T00:04:30.300000Z</time></trkpt>
    <trkpt lat="52.229757555" lon="21.012590264"><ele>-1.657</ele><time>1970-01-01T00:04:30.500000Z</time></trkpt>
    <trkpt lat="52.229769816" lon="21.012615967"><ele>8.917</ele><time>1970-01-01T00:04:30.600000Z</time></trkpt>
    <trkpt lat="52.229780691" lon="21.012586214"><ele>-4.337</ele><time>1970-01-01T00:04:30.800000Z</time></trkpt>
    <trkpt lat="52.229760260" lon="21.012604029"><ele>1.609</ele><time>1970-01-01T00:04:31Z</time></trkpt>
    <trkpt lat="52.229777084" lon="21.012589004"><ele>-2.438</ele><time>1970-01-01T00:04:31.100000Z</time></trkpt>
    <trkpt lat="52.229764968" lon="21.012561696"><ele>-0.024</ele><time>1970-01-01T00:04:31.300000Z</time></trkpt>
    <trkpt lat="52.229779313" lon="21.012602947"><ele>-5.024</ele><time>1970-01-01T00:04:31.500000Z</time></trkpt>
    <trkpt lat="52.229773530" lon="21.012564017"><ele>-1.738</ele><time>1970-01-01T00:04:31.600000Z</time></trkpt>
  </trkseg></trk>
</gpx>
