stamp,frame_id,latitude_deg,longitude_deg,altitude_m,status,service,position_covariance_type,cov_ee,cov_nn,cov_uu
7.980000000,drone0/gps/gps/navsat,52.229707060,21.012188120,0.612,0,0,0,0.0,0.0,0.0
8.084000000,drone0/gps/gps/navsat,52.229714094,21.012181563,0.841,0,0,0,0.0,0.0,0.0
8.188000000,drone0/gps/gps/navsat,52.229699615,21.012188705,-1.796,0,0,0,0.0,0.0,0.0
8.292000000,drone0/gps/gps/navsat,52.229697550,21.012217004,-0.288,0,0,0,0.0,0.0,0.0
8.400000000,drone0/gps/gps/navsat,52.229678180,21.012177024,2.066,0,0,0,0.0,0.0,0.0
8.600000000,drone0/gps/gps/navsat,52.229685317,21.012200053,-1.867,0,0,0,0.0,0.0,0.0
8.800000000,drone0/gps/gps/navsat,52.229686020,21.012216726,2.148,0,0,0,0.0,0.0,0.0
9.000000000,drone0/gps/gps/navsat,52.229702688,21.012191792,5.263,0,0,0,0.0,0.0,0.0
9.200000000,drone0/gps/gps/navsat,52.229730571,21.012179501,5.492,0,0,0,0.0,0.0,0.0
9.300000000,drone0/gps/gps/navsat,52.229718593,21.012226871,-5.790,0,0,0,0.0,0.0,0.0
9.500000000,drone0/gps/gps/navsat,52.229682666,21.012205927,2.003,0,0,0,0.0,0.0,0.0
9.700000000,drone0/gps/gps/navsat,52.229710194,21.012180909,0.929,0,0,0,0.0,0.0,0.0
9.800000000,drone0/gps/gps/navsat,52.229701762,21.012197513,-0.393,0,0,0,0.0,0.0,0.0
10.000000000,drone0/gps/gps/navsat,52.229688891,21.012211346,2.270,0,0,0,0.0,0.0,0.0
10.200000000,drone0/gps/gps/navsat,52.229701924,21.012201257,-2.151,0,0,0,0.0,0.0,0.0
10.300000000,drone0/gps/gps/navsat,52.229683449,21.012225341,2.052,0,0,0,0.0,0.0,0.0
10.500000000,drone0/gps/gps/navsat,52.229690908,21.012196374,5.067,0,0,0,0.0,0.0,0.0
10.700000000,drone0/gps/gps/navsat,52.229712717,21.012216552,-1.920,0,0,0,0.0,0.0,0.0
10.800000000,drone0/gps/gps/navsat,52.229702502,21.012185342,0.237,0,0,0,0.0,0.0,0.0
11.000000000,drone0/gps/gps/navsat,52.229699340,21.012185579,-1.588,0,0,0,0.0,0.0,0.0
11.200000000,drone0/gps/gps/navsat,52.229689382,21.012202288,0.994,0,0,0,0.0,0.0,0.0
11.300000000,drone0/gps/gps/navsat,52.229707582,21.012183446,0.723,0,0,0,0.0,0.0,0.0
11.500000000,drone0/gps/gps/navsat,52.229699498,21.012201346,3.378,0,0,0,0.0,0.0,0.0
11.700000000,drone0/gps/gps/navsat,52.229682084,21.012190600,1.635,0,0,0,0.0,0.0,0.0
11.800000000,drone0/gps/gps/navsat,52.229693586,21.012204358,0.675,0,0,0,0.0,0.0,0.0
12.000000000,drone0/gps/gps/navsat,52.229677440,21.012199376,0.803,0,0,0,0.0,0.0,0.0
12.200000000,drone0/gps/gps/navsat,52.229696474,21.012211791,-3.258,0,0,0,0.0,0.0,0.0
12.300000000,drone0/gps/gps/navsat,52.229714666,21.012206430,2.917,0,0,0,0.0,0.0,0.0
12.500000000,drone0/gps/gps/navsat,52.229701603,21.012177871,-2.397,0,0,0,0.0,0.0,0.0
12.700000000,drone0/gps/gps/navsat,52.229678946,21.012199669,-2.570,0,0,0,0.0,0.0,0.0
12.800000000,drone0/gps/gps/navsat,52.229701366,21.012191962,-3.238,0,0,0,0.0,0.0,0.0
13.000000000,drone0/gps/gps/navsat,52.229686640,21.012180569,0.729,0,0,0,0.0,0.0,0.0
13.200000000,drone0/gps/gps/navsat,52.229697652,21.012207488,-0.598,0,0,0,0.0,0.0,0.0
13.300000000,drone0/gps/gps/navsat,52.229729668,21.012198104,-0.485,0,0,0,0.0,0.0,0.0
13.500000000,drone0/gps/gps/navsat,52.229707334,21.012201952,2.997,0,0,0,0.0,0.0,0.0
13.700000000,drone0/gps/gps/navsat,52.229680712,21.012190726,-0.481,0,0,0,0.0,0.0,0.0
13.800000000,drone0/gps/gps/navsat,52.229685451,21.012190420,-2.337,0,0,0,0.0,0.0,0.0
14.000000000,drone0/gps/gps/navsat,52.229670028,21.012172719,-2.889,0,0,0,0.0,0.0,0.0
14.200000000,drone0/gps/gps/navsat,52.229683562,21.012209120,3.971,0,0,0,0.0,0.0,0.0
14.300000000,drone0/gps/gps/navsat,52.229696765,21.012181302,-3.591,0,0,0,0.0,0.0,0.0
14.500000000,drone0/gps/gps/navsat,52.229687552,21.012180984,-1.107,0,0,0,0.0,0.0,0.0
14.700000000,drone0/gps/gps/navsat,52.229679371,21.012187578,2.622,0,0,0,0.0,0.0,0.0
14.800000000,drone0/gps/gps/navsat,52.229695845,21.012197032,1.248,0,0,0,0.0,0.0,0.0
15.000000000,drone0/gps/gps/navsat,52.229731910,21.012201668,4.416,0,0,0,0.0,0.0,0.0
15.200000000,drone0/gps/gps/navsat,52.229694178,21.012178269,-1.092,0,0,0,0.0,0.0,0.0
15.300000000,drone0/gps/gps/navsat,52.229689199,21.012177702,5.306,0,0,0,0.0,0.0,0.0
15.500000000,drone0/gps/gps/navsat,52.229699770,21.012188262,-0.283,0,0,0,0.0,0.0,0.0
15.700000000,drone0/gps/gps/navsat,52.229685063,21.012204738,0.411,0,0,0,0.0,0.0,0.0
15.800000000,drone0/gps/gps/navsat,52.229696921,21.012210499,-2.212,0,0,0,0.0,0.0,0.0
16.000000000,drone0/gps/gps/navsat,52.229709325,21.012191498,-3.289,0,0,0,0.0,0.0,0.0
16.100000000,drone0/gps/gps/navsat,52.229703397,21.012181402,2.509,0,0,0,0.0,0.0,0.0
16.300000000,drone0/gps/gps/navsat,52.229701874,21.012200458,-0.603,0,0,0,0.0,0.0,0.0
16.500000000,drone0/gps/gps/navsat,52.229701743,21.012181277,-0.785,0,0,0,0.0,0.0,0.0
16.600000000,drone0/gps/gps/navsat,52.229686171,21.012223424,-1.379,0,0,0,0.0,0.0,0.0
16.800000000,drone0/gps/gps/navsat,52.229705079,21.012198391,5.593,0,0,0,0.0,0.0,0.0
17.000000000,drone0/gps/gps/navsat,52.229696059,21.012188891,-4.264,0,0,0,0.0,0.0,0.0
17.100000000,drone0/gps/gps/navsat,52.229696726,21.012175799,2.406,0,0,0,0.0,0.0,0.0
17.300000000,drone0/gps/gps/navsat,52.229704895,21.012209246,-2.196,0,0,0,0.0,0.0,0.0
17.500000000,drone0/gps/gps/navsat,52.229682642,21.012217434,2.524,0,0,0,0.0,0.0,0.0
17.600000000,drone0/gps/gps/navsat,52.229702730,21.012203372,-0.509,0,0,0,0.0,0.0,0.0
17.800000000,drone0/gps/gps/navsat,52.229696060,21.012185482,-0.071,0,0,0,0.0,0.0,0.0
18.000000000,drone0/gps/gps/navsat,52.229698682,21.012212597,0.319,0,0,0,0.0,0.0,0.0
18.100000000,drone0/gps/gps/navsat,52.229691575,21.012207791,3.271,0,0,0,0.0,0.0,0.0
18.300000000,drone0/gps/gps/navsat,52.229676080,21.012199577,1.536,0,0,0,0.0,0.0,0.0
18.500000000,drone0/gps/gps/navsat,52.229670031,21.012207375,6.368,0,0,0,0.0,0.0,0.0
18.600000000,drone0/gps/gps/navsat,52.229690611,21.012210529,-4.549,0,0,0,0.0,0.0,0.0
18.800000000,drone0/gps/gps/navsat,52.229712579,21.012191216,-1.744,0,0,0,0.0,0.0,0.0
19.000000000,drone0/gps/gps/navsat,52.229689954,21.012213089,-0.146,0,0,0,0.0,0.0,0.0
19.100000000,drone0/gps/gps/navsat,52.229695141,21.012170243,1.635,0,0,0,0.0,0.0,0.0
19.300000000,drone0/gps/gps/navsat,52.229726359,21.012185672,0.954,0,0,0,0.0,0.0,0.0
19.500000000,drone0/gps/gps/navsat,52.229704032,21.012193932,4.068,0,0,0,0.0,0.0,0.0
19.600000000,drone0/gps/gps/navsat,52.229695528,21.012180609,-1.047,0,0,0,0.0,0.0,0.0
19.800000000,drone0/gps/gps/navsat,52.229686354,21.012176689,-3.809,0,0,0,0.0,0.0,0.0
20.000000000,drone0/gps/gps/navsat,52.229707787,21.012192003,-1.501,0,0,0,0.0,0.0,0.0
20.100000000,drone0/gps/gps/navsat,52.229692700,21.012190929,11.142,0,0,0,0.0,0.0,0.0
20.300000000,drone0/gps/gps/navsat,52.229697872,21.012207534,-1.655,0,0,0,0.0,0.0,0.0
20.500000000,drone0/gps/gps/navsat,52.229675000,21.012213121,-1.520,0,0,0,0.0,0.0,0.0
20.600000000,drone0/gps/gps/navsat,52.229704884,21.012194396,1.173,0,0,0,0.0,0.0,0.0
20.800000000,drone0/gps/gps/navsat,52.229670267,21.012204232,3.228,0,0,0,0.0,0.0,0.0
21.000000000,drone0/gps/gps/navsat,52.229689682,21.012189972,1.580,0,0,0,0.0,0.0,0.0
21.100000000,drone0/gps/gps/navsat,52.229724813,21.012189892,-1.754,0,0,0,0.0,0.0,0.0
21.300000000,drone0/gps/gps/navsat,52.229723982,21.012185956,0.247,0,0,0,0.0,0.0,0.0
21.500000000,drone0/gps/gps/navsat,52.229701578,21.012187204,0.355,0,0,0,0.0,0.0,0.0
21.600000000,drone0/gps/gps/navsat,52.229684591,21.012194491,0.262,0,0,0,0.0,0.0,0.0
21.800000000,drone0/gps/gps/navsat,52.229684812,21.012175882,2.075,0,0,0,0.0,0.0,0.0
22.000000000,drone0/gps/gps/navsat,52.229735182,21.012206149,-1.648,0,0,0,0.0,0.0,0.0
22.100000000,drone0/gps/gps/navsat,52.229700831,21.012158921,-2.985,0,0,0,0.0,0.0,0.0
22.300000000,drone0/gps/gps/navsat,52.229709072,21.012200054,7.931,0,0,0,0.0,0.0,0.0
22.500000000,drone0/gps/gps/navsat,52.229699418,21.012183824,-2.351,0,0,0,0.0,0.0,0.0
22.600000000,drone0/gps/gps/navsat,52.229690299,21.012187541,-2.140,0,0,0,0.0,0.0,0.0
22.800000000,drone0/gps/gps/navsat,52.229702627,21.012217331,-2.356,0,0,0,0.0,0.0,0.0
23.000000000,drone0/gps/gps/navsat,52.229711746,21.012206216,-1.724,0,0,0,0.0,0.0,0.0
23.100000000,drone0/gps/gps/navsat,52.229682314,21.012207888,5.248,0,0,0,0.0,0.0,0.0
23.300000000,drone0/gps/gps/navsat,52.229706458,21.012208316,3.280,0,0,0,0.0,0.0,0.0
23.500000000,drone0/gps/gps/navsat,52.229688952,21.012208717,-2.567,0,0,0,0.0,0.0,0.0
23.600000000,drone0/gps/gps/navsat,52.229724454,21.012185578,-2.226,0,0,0,0.0,0.0,0.0
23.800000000,drone0/gps/gps/navsat,52.229698021,21.012180499,0.476,0,0,0,0.0,0.0,0.0
24.000000000,drone0/gps/gps/navsat,52.229709472,21.012216983,3.577,0,0,0,0.0,0.0,0.0
24.100000000,drone0/gps/gps/navsat,52.229695234,21.012212667,0.693,0,0,0,0.0,0.0,0.0
24.300000000,drone0/gps/gps/navsat,52.229707766,21.012197735,-3.028,0,0,0,0.0,0.0,0.0
24.500000000,drone0/gps/gps/navsat,52.229699549,21.012192776,-1.332,0,0,0,0.0,0.0,0.0
24.600000000,drone0/gps/gps/navsat,52.229697782,21.012197078,-2.061,0,0,0,0.0,0.0,0.0
24.800000000,drone0/gps/gps/navsat,52.229699712,21.012178955,1.032,0,0,0,0.0,0.0,0.0
25.000000000,drone0/gps/gps/navsat,52.229679230,21.012204150,2.557,0,0,0,0.0,0.0,0.0
25.100000000,drone0/gps/gps/navsat,52.229700422,21.012162958,-1.283,0,0,0,0.0,0.0,0.0
25.300000000,drone0/gps/gps/navsat,52.229722333,21.012204669,-0.748,0,0,0,0.0,0.0,0.0
25.500000000,drone0/gps/gps/navsat,52.229716461,21.012190481,-4.129,0,0,0,0.0,0.0,0.0
25.600000000,drone0/gps/gps/navsat,52.229693437,21.012204278,-0.390,0,0,0,0.0,0.0,0.0
25.800000000,drone0/gps/gps/navsat,52.229682960,21.012188703,3.161,0,0,0,0.0,0.0,0.0
26.000000000,drone0/gps/gps/navsat,52.229713782,21.012195014,2.152,0,0,0,0.0,0.0,0.0
26.100000000,drone0/gps/gps/navsat,52.229718086,21.012210701,0.658,0,0,0,0.0,0.0,0.0
26.300000000,drone0/gps/gps/navsat,52.229685411,21.012231578,7.537,0,0,0,0.0,0.0,0.0
26.500000000,drone0/gps/gps/navsat,52.229685317,21.012197780,1.927,0,0,0,0.0,0.0,0.0
26.600000000,drone0/gps/gps/navsat,52.229696085,21.012180945,3.606,0,0,0,0.0,0.0,0.0
26.800000000,drone0/gps/gps/navsat,52.229697253,21.012220141,1.688,0,0,0,0.0,0.0,0.0
27.000000000,drone0/gps/gps/navsat,52.229723646,21.012211056,3.457,0,0,0,0.0,0.0,0.0
27.100000000,drone0/gps/gps/navsat,52.229684019,21.012199009,-1.088,0,0,0,0.0,0.0,0.0
27.300000000,drone0/gps/gps/navsat,52.229713861,21.012194252,2.317,0,0,0,0.0,0.0,0.0
27.500000000,drone0/gps/gps/navsat,52.229693483,21.012195510,4.970,0,0,0,0.0,0.0,0.0
27.600000000,drone0/gps/gps/navsat,52.229679432,21.012205613,-6.037,0,0,0,0.0,0.0,0.0
27.800000000,drone0/gps/gps/navsat,52.229703160,21.012182910,6.079,0,0,0,0.0,0.0,0.0
28.000000000,drone0/gps/gps/navsat,52.229712711,21.012203463,-0.045,0,0,0,0.0,0.0,0.0
28.100000000,drone0/gps/gps/navsat,52.229694849,21.012185802,1.613,0,0,0,0.0,0.0,0.0
28.300000000,drone0/gps/gps/navsat,52.229693263,21.012198135,-0.033,0,0,0,0.0,0.0,0.0
28.500000000,drone0/gps/gps/navsat,52.229692348,21.012202098,1.824,0,0,0,0.0,0.0,0.0
28.600000000,drone0/gps/gps/navsat,52.229691436,21.012199891,-0.143,0,0,0,0.0,0.0,0.0
28.800000000,drone0/gps/gps/navsat,52.229687674,21.012207066,2.171,0,0,0,0.0,0.0,0.0
29.000000000,drone0/gps/gps/navsat,52.229698436,21.012196931,-0.593,0,0,0,0.0,0.0,0.0
29.100000000,drone0/gps/gps/navsat,52.229706163,21.012199927,0.802,0,0,0,0.0,0.0,0.0
29.300000000,drone0/gps/gps/navsat,52.229722674,21.012207644,-2.130,0,0,0,0.0,0.0,0.0
29.500000000,drone0/gps/gps/navsat,52.229703493,21.012185613,-2.814,0,0,0,0.0,0.0,0.0
29.600000000,drone0/gps/gps/navsat,52.229707582,21.012209143,-0.806,0,0,0,0.0,0.0,0.0
29.800000000,drone0/gps/gps/navsat,52.229689112,21.012205885,-0.367,0,0,0,0.0,0.0,0.0
30.000000000,drone0/gps/gps/navsat,52.229710787,21.012180033,7.149,0,0,0,0.0,0.0,0.0
30.100000000,drone0/gps/gps/navsat,52.229679817,21.012186543,2.048,0,0,0,0.0,0.0,0.0
30.300000000,drone0/gps/gps/navsat,52.229705507,21.012206736,0.908,0,0,0,0.0,0.0,0.0
30.500000000,drone0/gps/gps/navsat,52.229704772,21.012167291,1.496,0,0,0,0.0,0.0,0.0
30.600000000,drone0/gps/gps/navsat,52.229696028,21.012175301,-3.620,0,0,0,0.0,0.0,0.0
30.800000000,drone0/gps/gps/navsat,52.229703157,21.012191425,-3.638,0,0,0,0.0,0.0,0.0
31.000000000,drone0/gps/gps/navsat,52.229699706,21.012194987,2.267,0,0,0,0.0,0.0,0.0
31.100000000,drone0/gps/gps/navsat,52.229704225,21.012225350,3.152,0,0,0,0.0,0.0,0.0
31.300000000,drone0/gps/gps/navsat,52.229714260,21.012195896,-1.682,0,0,0,0.0,0.0,0.0
31.500000000,drone0/gps/gps/navsat,52.229723638,21.012218151,-2.677,0,0,0,0.0,0.0,0.0
31.600000000,drone0/gps/gps/navsat,52.229705663,21.012189198,-1.948,0,0,0,0.0,0.0,0.0
31.800000000,drone0/gps/gps/navsat,52.229697155,21.012198490,-0.908,0,0,0,0.0,0.0,0.0
32.000000000,drone0/gps/gps/navsat,52.229688412,21.012206662,-3.168,0,0,0,0.0,0.0,0.0
32.100000000,drone0/gps/gps/navsat,52.229727111,21.012215596,0.769,0,0,0,0.0,0.0,0.0
32.200000000,drone0/gps/gps/navsat,52.229733067,21.012186804,1.861,0,0,0,0.0,0.0,0.0
32.400000000,drone0/gps/gps/navsat,52.229704331,21.012190877,5.758,0,0,0,0.0,0.0,0.0
32.500000000,drone0/gps/gps/navsat,52.229708793,21.012202925,0.204,0,0,0,0.0,0.0,0.0
32.600000000,drone0/gps/gps/navsat,52.229698435,21.012206793,0.930,0,0,0,0.0,0.0,0.0
32.700000000,drone0/gps/gps/navsat,52.229712131,21.012177226,-2.314,0,0,0,0.0,0.0,0.0
32.900000000,drone0/gps/gps/navsat,52.229686271,21.012199793,4.025,0,0,0,0.0,0.0,0.0
33.000000000,drone0/gps/gps/navsat,52.229709667,21.012204067,6.182,0,0,0,0.0,0.0,0.0
33.100000000,drone0/gps/gps/navsat,52.229717688,21.012203003,0.550,0,0,0,0.0,0.0,0.0
33.200000000,drone0/gps/gps/navsat,52.229676703,21.012188203,-4.302,0,0,0,0.0,0.0,0.0
33.400000000,drone0/gps/gps/navsat,52.229723813,21.012200817,0.453,0,0,0,0.0,0.0,0.0
33.500000000,drone0/gps/gps/navsat,52.229679989,21.012215851,5.149,0,0,0,0.0,0.0,0.0
33.600000000,drone0/gps/gps/navsat,52.229674486,21.012199640,-0.032,0,0,0,0.0,0.0,0.0
33.700000000,drone0/gps/gps/navsat,52.229695661,21.012225074,-0.420,0,0,0,0.0,0.0,0.0
33.900000000,drone0/gps/gps/navsat,52.229712979,21.012194283,0.602,0,0,0,0.0,0.0,0.0
34.000000000,drone0/gps/gps/navsat,52.229702240,21.012232851,0.494,0,0,0,0.0,0.0,0.0
34.100000000,drone0/gps/gps/navsat,52.229689794,21.012193362,2.415,0,0,0,0.0,0.0,0.0
34.200000000,drone0/gps/gps/navsat,52.229686498,21.012201237,-1.212,0,0,0,0.0,0.0,0.0
34.400000000,drone0/gps/gps/navsat,52.229707440,21.012237020,0.176,0,0,0,0.0,0.0,0.0
34.500000000,drone0/gps/gps/navsat,52.229702114,21.012204512,-3.847,0,0,0,0.0,0.0,0.0
34.600000000,drone0/gps/gps/navsat,52.229704692,21.012182690,-3.129,0,0,0,0.0,0.0,0.0
34.700000000,drone0/gps/gps/navsat,52.229683574,21.012175021,2.514,0,0,0,0.0,0.0,0.0
34.900000000,drone0/gps/gps/navsat,52.229688623,21.012182661,-1.098,0,0,0,0.0,0.0,0.0
35.000000000,drone0/gps/gps/navsat,52.229678690,21.012192185,2.963,0,0,0,0.0,0.0,0.0
35.100000000,drone0/gps/gps/navsat,52.229696237,21.012201692,-2.037,0,0,0,0.0,0.0,0.0
35.200000000,drone0/gps/gps/navsat,52.229714566,21.012206127,0.259,0,0,0,0.0,0.0,0.0
35.400000000,drone0/gps/gps/navsat,52.229698829,21.012212746,-4.621,0,0,0,0.0,0.0,0.0
35.500000000,drone0/gps/gps/navsat,52.229699451,21.012169478,-1.575,0,0,0,0.0,0.0,0.0
35.600000000,drone0/gps/gps/navsat,52.229696135,21.012210606,0.259,0,0,0,0.0,0.0,0.0
35.700000000,drone0/gps/gps/navsat,52.229701392,21.012193353,-1.826,0,0,0,0.0,0.0,0.0
35.900000000,drone0/gps/gps/navsat,52.229715274,21.012188002,-0.569,0,0,0,0.0,0.0,0.0
36.000000000,drone0/gps/gps/navsat,52.229708144,21.012180680,5.010,0,0,0,0.0,0.0,0.0
36.100000000,drone0/gps/gps/navsat,52.229691990,21.012225202,-1.130,0,0,0,0.0,0.0,0.0
36.200000000,drone0/gps/gps/navsat,52.229660234,21.012190676,-3.788,0,0,0,0.0,0.0,0.0
36.400000000,drone0/gps/gps/navsat,52.229718443,21.012190127,2.901,0,0,0,0.0,0.0,0.0
36.500000000,drone0/gps/gps/navsat,52.229699602,21.012203855,-4.820,0,0,0,0.0,0.0,0.0
36.600000000,drone0/gps/gps/navsat,52.229694813,21.012185697,-0.060,0,0,0,0.0,0.0,0.0
36.700000000,drone0/gps/gps/navsat,52.229716208,21.012216543,1.687,0,0,0,0.0,0.0,0.0
36.900000000,drone0/gps/gps/navsat,52.229704781,21.012203417,-1.594,0,0,0,0.0,0.0,0.0
37.000000000,drone0/gps/gps/navsat,52.229686375,21.012216182,-4.755,0,0,0,0.0,0.0,0.0
37.100000000,drone0/gps/gps/navsat,52.229721689,21.012198034,0.892,0,0,0,0.0,0.0,0.0
37.200000000,drone0/gps/gps/navsat,52.229690943,21.012205658,-0.205,0,0,0,0.0,0.0,0.0
37.400000000,drone0/gps/gps/navsat,52.229693954,21.012200970,-2.232,0,0,0,0.0,0.0,0.0
37.500000000,drone0/gps/gps/navsat,52.229717311,21.012199828,-6.917,0,0,0,0.0,0.0,0.0
37.600000000,drone0/gps/gps/navsat,52.229720569,21.012208607,-4.483,0,0,0,0.0,0.0,0.0
37.700000000,drone0/gps/gps/navsat,52.229683195,21.012208322,4.046,0,0,0,0.0,0.0,0.0
37.900000000,drone0/gps/gps/navsat,52.229678990,21.012197589,-4.736,0,0,0,0.0,0.0,0.0
38.000000000,drone0/gps/gps/navsat,52.229695596,21.012220451,0.143,0,0,0,0.0,0.0,0.0
38.100000000,drone0/gps/gps/navsat,52.229716148,21.012196294,-1.046,0,0,0,0.0,0.0,0.0
38.200000000,drone0/gps/gps/navsat,52.229702151,21.012200328,-1.104,0,0,0,0.0,0.0,0.0
38.400000000,drone0/gps/gps/navsat,52.229714443,21.012229390,-1.853,0,0,0,0.0,0.0,0.0
38.500000000,drone0/gps/gps/navsat,52.229696059,21.012185389,-3.721,0,0,0,0.0,0.0,0.0
38.600000000,drone0/gps/gps/navsat,52.229687904,21.012210339,3.040,0,0,0,0.0,0.0,0.0
38.700000000,drone0/gps/gps/navsat,52.229693551,21.012219770,1.549,0,0,0,0.0,0.0,0.0
38.900000000,drone0/gps/gps/navsat,52.229697914,21.012210790,-1.767,0,0,0,0.0,0.0,0.0
39.000000000,drone0/gps/gps/navsat,52.229705247,21.012218290,1.435,0,0,0,0.0,0.0,0.0
39.100000000,drone0/gps/gps/navsat,52.229703164,21.012218992,1.158,0,0,0,0.0,0.0,0.0
39.200000000,drone0/gps/gps/navsat,52.229695622,21.012199771,2.042,0,0,0,0.0,0.0,0.0
39.400000000,drone0/gps/gps/navsat,52.229691977,21.012212495,3.308,0,0,0,0.0,0.0,0.0
39.500000000,drone0/gps/gps/navsat,52.229699509,21.012197714,4.457,0,0,0,0.0,0.0,0.0
39.600000000,drone0/gps/gps/navsat,52.229712894,21.012224578,0.019,0,0,0,0.0,0.0,0.0
39.700000000,drone0/gps/gps/navsat,52.229713327,21.012189793,1.257,0,0,0,0.0,0.0,0.0
39.900000000,drone0/gps/gps/navsat,52.229719917,21.012180325,0.950,0,0,0,0.0,0.0,0.0
40.000000000,drone0/gps/gps/navsat,52.229678547,21.012197766,-1.546,0,0,0,0.0,0.0,0.0
40.100000000,drone0/gps/gps/navsat,52.229729141,21.012192367,0.881,0,0,0,0.0,0.0,0.0
40.200000000,drone0/gps/gps/navsat,52.229693301,21.012199223,1.314,0,0,0,0.0,0.0,0.0
40.400000000,drone0/gps/gps/navsat,52.229683767,21.012223557,1.010,0,0,0,0.0,0.0,0.0
40.500000000,drone0/gps/gps/navsat,52.229684404,21.012221522,4.788,0,0,0,0.0,0.0,0.0
40.600000000,drone0/gps/gps/navsat,52.229707075,21.012186040,-1.798,0,0,0,0.0,0.0,0.0
40.700000000,drone0/gps/gps/navsat,52.229692406,21.012190705,2.496,0,0,0,0.0,0.0,0.0
40.900000000,drone0/gps/gps/navsat,52.229715266,21.012205321,1.653,0,0,0,0.0,0.0,0.0
41.000000000,drone0/gps/gps/navsat,52.229677955,21.012167075,1.774,0,0,0,0.0,0.0,0.0
41.100000000,drone0/gps/gps/navsat,52.229701463,21.012195272,-0.217,0,0,0,0.0,0.0,0.0
41.200000000,drone0/gps/gps/navsat,52.229717409,21.012212854,4.499,0,0,0,0.0,0.0,0.0
41.400000000,drone0/gps/gps/navsat,52.229701744,21.012166570,1.542,0,0,0,0.0,0.0,0.0
41.500000000,drone0/gps/gps/navsat,52.229719452,21.012225803,4.311,0,0,0,0.0,0.0,0.0
41.600000000,drone0/gps/gps/navsat,52.229698398,21.012211541,-2.334,0,0,0,0.0,0.0,0.0
41.700000000,drone0/gps/gps/navsat,52.229703407,21.012173205,5.130,0,0,0,0.0,0.0,0.0
41.900000000,drone0/gps/gps/navsat,52.229693150,21.012197729,4.280,0,0,0,0.0,0.0,0.0
42.000000000,drone0/gps/gps/navsat,52.229688174,21.012224182,0.051,0,0,0,0.0,0.0,0.0
42.100000000,drone0/gps/gps/navsat,52.229692846,21.012177507,1.047,0,0,0,0.0,0.0,0.0
42.200000000,drone0/gps/gps/navsat,52.229717112,21.012197196,-2.834,0,0,0,0.0,0.0,0.0
42.400000000,drone0/gps/gps/navsat,52.229683753,21.012190452,5.034,0,0,0,0.0,0.0,0.0
42.500000000,drone0/gps/gps/navsat,52.229686014,21.012187845,4.430,0,0,0,0.0,0.0,0.0
42.600000000,drone0/gps/gps/navsat,52.229707951,21.012183418,1.986,0,0,0,0.0,0.0,0.0
42.700000000,drone0/gps/gps/navsat,52.229686366,21.012206933,6.205,0,0,0,0.0,0.0,0.0
42.900000000,drone0/gps/gps/navsat,52.229694013,21.012201922,2.276,0,0,0,0.0,0.0,0.0
43.000000000,drone0/gps/gps/navsat,52.229708282,21.012192423,-1.753,0,0,0,0.0,0.0,0.0
43.100000000,drone0/gps/gps/navsat,52.229723826,21.012211091,2.100,0,0,0,0.0,0.0,0.0
43.200000000,drone0/gps/gps/navsat,52.229676200,21.012206361,2.358,0,0,0,0.0,0.0,0.0
43.400000000,drone0/gps/gps/navsat,52.229696457,21.012214609,0.278,0,0,0,0.0,0.0,0.0
43.500000000,drone0/gps/gps/navsat,52.229707105,21.012218655,1.054,0,0,0,0.0,0.0,0.0
43.600000000,drone0/gps/gps/navsat,52.229684385,21.012207191,2.992,0,0,0,0.0,0.0,0.0
43.700000000,drone0/gps/gps/navsat,52.229710295,21.012212144,1.070,0,0,0,0.0,0.0,0.0
43.900000000,drone0/gps/gps/navsat,52.229695514,21.012197894,-1.670,0,0,0,0.0,0.0,0.0
44.000000000,drone0/gps/gps/navsat,52.229699412,21.012208443,0.292,0,0,0,0.0,0.0,0.0
44.100000000,drone0/gps/gps/navsat,52.229689847,21.012196852,1.386,0,0,0,0.0,0.0,0.0
44.200000000,drone0/gps/gps/navsat,52.229683852,21.012206054,0.681,0,0,0,0.0,0.0,0.0
44.400000000,drone0/gps/gps/navsat,52.229713537,21.012185148,1.490,0,0,0,0.0,0.0,0.0
44.500000000,drone0/gps/gps/navsat,52.229680962,21.012187370,-2.397,0,0,0,0.0,0.0,0.0
44.600000000,drone0/gps/gps/navsat,52.229698005,21.012209733,0.367,0,0,0,0.0,0.0,0.0
44.700000000,drone0/gps/gps/navsat,52.229705893,21.012201111,5.916,0,0,0,0.0,0.0,0.0
44.900000000,drone0/gps/gps/navsat,52.229699458,21.012180835,-4.691,0,0,0,0.0,0.0,0.0
45.000000000,drone0/gps/gps/navsat,52.229679141,21.012184264,3.287,0,0,0,0.0,0.0,0.0
45.100000000,drone0/gps/gps/navsat,52.229684915,21.012199784,1.953,0,0,0,0.0,0.0,0.0
45.200000000,drone0/gps/gps/navsat,52.229689998,21.012182343,-0.667,0,0,0,0.0,0.0,0.0
45.400000000,drone0/gps/gps/navsat,52.229691166,21.012185639,-1.900,0,0,0,0.0,0.0,0.0
45.500000000,drone0/gps/gps/navsat,52.229730288,21.012192887,8.563,0,0,0,0.0,0.0,0.0
45.600000000,drone0/gps/gps/navsat,52.229700954,21.012205664,-1.157,0,0,0,0.0,0.0,0.0
45.700000000,drone0/gps/gps/navsat,52.229699435,21.012221356,9.282,0,0,0,0.0,0.0,0.0
45.900000000,drone0/gps/gps/navsat,52.229733521,21.012183474,-3.443,0,0,0,0.0,0.0,0.0
46.000000000,drone0/gps/gps/navsat,52.229718771,21.012177075,-2.014,0,0,0,0.0,0.0,0.0
46.100000000,drone0/gps/gps/navsat,52.229691574,21.012184417,1.295,0,0,0,0.0,0.0,0.0
46.300000000,drone0/gps/gps/navsat,52.229700941,21.012199193,2.277,0,0,0,0.0,0.0,0.0
46.400000000,drone0/gps/gps/navsat,52.229734251,21.012213270,2.037,0,0,0,0.0,0.0,0.0
46.500000000,drone0/gps/gps/navsat,52.229722023,21.012196601,6.548,0,0,0,0.0,0.0,0.0
46.600000000,drone0/gps/gps/navsat,52.229693355,21.012192225,2.525,0,0,0,0.0,0.0,0.0
46.700000000,drone0/gps/gps/navsat,52.229688097,21.012210640,2.336,0,0,0,0.0,0.0,0.0
46.900000000,drone0/gps/gps/navsat,52.229700795,21.012182823,-0.584,0,0,0,0.0,0.0,0.0
47.000000000,drone0/gps/gps/navsat,52.229703613,21.012194393,-4.752,0,0,0,0.0,0.0,0.0
47.100000000,drone0/gps/gps/navsat,52.229685794,21.012199512,1.945,0,0,0,0.0,0.0,0.0
47.200000000,drone0/gps/gps/navsat,52.229684270,21.012208542,2.424,0,0,0,0.0,0.0,0.0
47.400000000,drone0/gps/gps/navsat,52.229689735,21.012204299,0.598,0,0,0,0.0,0.0,0.0
47.500000000,drone0/gps/gps/navsat,52.229694763,21.012176436,-5.314,0,0,0,0.0,0.0,0.0
47.600000000,drone0/gps/gps/navsat,52.229696050,21.012200325,-1.796,0,0,0,0.0,0.0,0.0
47.700000000,drone0/gps/gps/navsat,52.229689304,21.012220174,-0.330,0,0,0,0.0,0.0,0.0
47.900000000,drone0/gps/gps/navsat,52.229709803,21.012201252,0.724,0,0,0,0.0,0.0,0.0
48.000000000,drone0/gps/gps/navsat,52.229703054,21.012209497,-0.767,0,0,0,0.0,0.0,0.0
48.100000000,drone0/gps/gps/navsat,52.229689036,21.012188344,1.252,0,0,0,0.0,0.0,0.0
48.200000000,drone0/gps/gps/navsat,52.229674949,21.012190848,-4.941,0,0,0,0.0,0.0,0.0
48.400000000,drone0/gps/gps/navsat,52.229709720,21.012209737,2.125,0,0,0,0.0,0.0,0.0
48.500000000,drone0/gps/gps/navsat,52.229677585,21.012204884,5.357,0,0,0,0.0,0.0,0.0
48.600000000,drone0/gps/gps/navsat,52.229696395,21.012194501,-1.249,0,0,0,0.0,0.0,0.0
48.700000000,drone0/gps/gps/navsat,52.229722734,21.012172370,0.978,0,0,0,0.0,0.0,0.0
48.900000000,drone0/gps/gps/navsat,52.229691942,21.012195216,-0.240,0,0,0,0.0,0.0,0.0
49.000000000,drone0/gps/gps/navsat,52.229664111,21.012194477,0.905,0,0,0,0.0,0.0,0.0
49.100000000,drone0/gps/gps/navsat,52.229705173,21.012192730,-3.735,0,0,0,0.0,0.0,0.0
49.200000000,drone0/gps/gps/navsat,52.229696402,21.012205060,0.308,0,0,0,0.0,0.0,0.0
49.400000000,drone0/gps/gps/navsat,52.229676440,21.012198146,1.640,0,0,0,0.0,0.0,0.0
49.500000000,drone0/gps/gps/navsat,52.229699877,21.012168504,2.958,0,0,0,0.0,0.0,0.0
49.600000000,drone0/gps/gps/navsat,52.229693769,21.012208990,-2.025,0,0,0,0.0,0.0,0.0
49.700000000,drone0/gps/gps/navsat,52.229707670,21.012201899,1.276,0,0,0,0.0,0.0,0.0
49.900000000,drone0/gps/gps/navsat,52.229731616,21.012208874,2.600,0,0,0,0.0,0.0,0.0
50.000000000,drone0/gps/gps/navsat,52.229696579,21.012210378,-3.341,0,0,0,0.0,0.0,0.0
50.100000000,drone0/gps/gps/navsat,52.229708130,21.012210849,7.851,0,0,0,0.0,0.0,0.0
50.200000000,drone0/gps/gps/navsat,52.229684471,21.012209049,1.282,0,0,0,0.0,0.0,0.0
50.400000000,drone0/gps/gps/navsat,52.229717450,21.012187144,2.722,0,0,0,0.0,0.0,0.0
50.500000000,drone0/gps/gps/navsat,52.229705787,21.012216471,-4.719,0,0,0,0.0,0.0,0.0
50.600000000,drone0/gps/gps/navsat,52.229693114,21.012201410,-1.805,0,0,0,0.0,0.0,0.0
50.700000000,drone0/gps/gps/navsat,52.229694828,21.012195512,3.251,0,0,0,0.0,0.0,0.0
50.900000000,drone0/gps/gps/navsat,52.229710430,21.012197948,-0.450,0,0,0,0.0,0.0,0.0
51.000000000,drone0/gps/gps/navsat,52.229704169,21.012185516,-0.305,0,0,0,0.0,0.0,0.0
51.100000000,drone0/gps/gps/navsat,52.229706810,21.012204910,0.260,0,0,0,0.0,0.0,0.0
51.200000000,drone0/gps/gps/navsat,52.229704423,21.012210218,-3.533,0,0,0,0.0,0.0,0.0
51.400000000,drone0/gps/gps/navsat,52.229704275,21.012204813,2.201,0,0,0,0.0,0.0,0.0
51.500000000,drone0/gps/gps/navsat,52.229711351,21.012205709,-0.823,0,0,0,0.0,0.0,0.0
51.600000000,drone0/gps/gps/navsat,52.229684478,21.012209363,8.139,0,0,0,0.0,0.0,0.0
51.700000000,drone0/gps/gps/navsat,52.229700148,21.012176316,-1.470,0,0,0,0.0,0.0,0.0
51.900000000,drone0/gps/gps/navsat,52.229717267,21.012199062,-5.645,0,0,0,0.0,0.0,0.0
52.000000000,drone0/gps/gps/navsat,52.229693264,21.012202687,5.153,0,0,0,0.0,0.0,0.0
52.100000000,drone0/gps/gps/navsat,52.229706716,21.012194751,-5.344,0,0,0,0.0,0.0,0.0
52.200000000,drone0/gps/gps/navsat,52.229695254,21.012213571,5.149,0,0,0,0.0,0.0,0.0
52.400000000,drone0/gps/gps/navsat,52.229694010,21.012219711,1.686,0,0,0,0.0,0.0,0.0
52.500000000,drone0/gps/gps/navsat,52.229704140,21.012187368,1.558,0,0,0,0.0,0.0,0.0
52.600000000,drone0/gps/gps/navsat,52.229721529,21.012197444,5.834,0,0,0,0.0,0.0,0.0
52.700000000,drone0/gps/gps/navsat,52.229688980,21.012208370,5.213,0,0,0,0.0,0.0,0.0
52.900000000,drone0/gps/gps/navsat,52.229708115,21.012215058,2.974,0,0,0,0.0,0.0,0.0
53.000000000,drone0/gps/gps/navsat,52.229695788,21.012174346,-2.615,0,0,0,0.0,0.0,0.0
53.100000000,drone0/gps/gps/navsat,52.229707315,21.012212837,-2.948,0,0,0,0.0,0.0,0.0
53.200000000,drone0/gps/gps/navsat,52.229690141,21.012181429,5.179,0,0,0,0.0,0.0,0.0
53.400000000,drone0/gps/gps/navsat,52.229721320,21.012202718,1.653,0,0,0,0.0,0.0,0.0
53.500000000,drone0/gps/gps/navsat,52.229678854,21.012213144,2.161,0,0,0,0.0,0.0,0.0
53.600000000,drone0/gps/gps/navsat,52.229702171,21.012211905,0.986,0,0,0,0.0,0.0,0.0
53.700000000,drone0/gps/gps/navsat,52.229719431,21.012225338,-0.004,0,0,0,0.0,0.0,0.0
53.900000000,drone0/gps/gps/navsat,52.229698852,21.012194704,5.236,0,0,0,0.0,0.0,0.0
54.000000000,drone0/gps/gps/navsat,52.229697052,21.012195795,1.256,0,0,0,0.0,0.0,0.0
54.100000000,drone0/gps/gps/navsat,52.229711031,21.012198355,-2.322,0,0,0,0.0,0.0,0.0
54.200000000,drone0/gps/gps/navsat,52.229708684,21.012209561,3.542,0,0,0,0.0,0.0,0.0
54.400000000,drone0/gps/gps/navsat,52.229689930,21.012215224,2.749,0,0,0,0.0,0.0,0.0
54.500000000,drone0/gps/gps/navsat,52.229712034,21.012185579,0.566,0,0,0,0.0,0.0,0.0
54.600000000,drone0/gps/gps/navsat,52.229703479,21.012215838,-0.029,0,0,0,0.0,0.0,0.0
54.700000000,drone0/gps/gps/navsat,52.229698853,21.012250012,6.527,0,0,0,0.0,0.0,0.0
54.900000000,drone0/gps/gps/navsat,52.229695188,21.012203398,-0.613,0,0,0,0.0,0.0,0.0
55.000000000,drone0/gps/gps/navsat,52.229700791,21.012194837,3.424,0,0,0,0.0,0.0,0.0
55.100000000,drone0/gps/gps/navsat,52.229683079,21.012195943,1.330,0,0,0,0.0,0.0,0.0
55.200000000,drone0/gps/gps/navsat,52.229706495,21.012221297,-1.750,0,0,0,0.0,0.0,0.0
55.400000000,drone0/gps/gps/navsat,52.229688388,21.012177108,1.863,0,0,0,0.0,0.0,0.0
55.500000000,drone0/gps/gps/navsat,52.229700936,21.012201466,-1.882,0,0,0,0.0,0.0,0.0
55.600000000,drone0/gps/gps/navsat,52.229718513,21.012193700,-1.489,0,0,0,0.0,0.0,0.0
55.700000000,drone0/gps/gps/navsat,52.229702868,21.012235297,3.202,0,0,0,0.0,0.0,0.0
55.900000000,drone0/gps/gps/navsat,52.229702019,21.012185352,1.391,0,0,0,0.0,0.0,0.0
56.000000000,drone0/gps/gps/navsat,52.229702671,21.012190573,-3.464,0,0,0,0.0,0.0,0.0
56.100000000,drone0/gps/gps/navsat,52.229707371,21.012203522,-0.641,0,0,0,0.0,0.0,0.0
56.200000000,drone0/gps/gps/navsat,52.229697261,21.012199707,0.663,0,0,0,0.0,0.0,0.0
56.400000000,drone0/gps/gps/navsat,52.229679378,21.012210898,0.497,0,0,0,0.0,0.0,0.0
56.500000000,drone0/gps/gps/navsat,52.229732965,21.012218919,3.241,0,0,0,0.0,0.0,0.0
56.600000000,drone0/gps/gps/navsat,52.229709613,21.012197197,6.814,0,0,0,0.0,0.0,0.0
56.700000000,drone0/gps/gps/navsat,52.229710230,21.012203218,0.491,0,0,0,0.0,0.0,0.0
56.900000000,drone0/gps/gps/navsat,52.229682855,21.012200323,1.264,0,0,0,0.0,0.0,0.0
57.000000000,drone0/gps/gps/navsat,52.229714456,21.012211720,7.680,0,0,0,0.0,0.0,0.0
57.100000000,drone0/gps/gps/navsat,52.229719834,21.012185228,-2.753,0,0,0,0.0,0.0,0.0
57.200000000,drone0/gps/gps/navsat,52.229703087,21.012208636,0.806,0,0,0,0.0,0.0,0.0
57.400000000,drone0/gps/gps/navsat,52.229698451,21.012172230,-1.515,0,0,0,0.0,0.0,0.0
57.500000000,drone0/gps/gps/navsat,52.229694258,21.012208562,-1.434,0,0,0,0.0,0.0,0.0
57.600000000,drone0/gps/gps/navsat,52.229694887,21.012206876,2.418,0,0,0,0.0,0.0,0.0
57.700000000,drone0/gps/gps/navsat,52.229701889,21.012200564,-1.136,0,0,0,0.0,0.0,0.0
57.900000000,drone0/gps/gps/navsat,52.229698328,21.012202910,1.814,0,0,0,0.0,0.0,0.0
58.000000000,drone0/gps/gps/navsat,52.229700192,21.012201355,2.548,0,0,0,0.0,0.0,0.0
58.100000000,drone0/gps/gps/navsat,52.229698324,21.012183867,-0.102,0,0,0,0.0,0.0,0.0
58.200000000,drone0/gps/gps/navsat,52.229684175,21.012191158,-1.566,0,0,0,0.0,0.0,0.0
58.400000000,drone0/gps/gps/navsat,52.229688501,21.012202286,3.260,0,0,0,0.0,0.0,0.0
58.500000000,drone0/gps/gps/navsat,52.229666074,21.012186630,-1.895,0,0,0,0.0,0.0,0.0
58.600000000,drone0/gps/gps/navsat,52.229687983,21.012206810,-0.912,0,0,0,0.0,0.0,0.0
58.700000000,drone0/gps/gps/navsat,52.229699709,21.012196379,-0.028,0,0,0,0.0,0.0,0.0
58.900000000,drone0/gps/gps/navsat,52.229710605,21.012189667,1.284,0,0,0,0.0,0.0,0.0
59.000000000,drone0/gps/gps/navsat,52.229693995,21.012218137,1.050,0,0,0,0.0,0.0,0.0
59.100000000,drone0/gps/gps/navsat,52.229713912,21.012211821,0.986,0,0,0,0.0,0.0,0.0
59.200000000,drone0/gps/gps/navsat,52.229694983,21.012195912,3.552,0,0,0,0.0,0.0,0.0
59.400000000,drone0/gps/gps/navsat,52.229696331,21.012212966,-0.175,0,0,0,0.0,0.0,0.0
59.500000000,drone0/gps/gps/navsat,52.229714164,21.012219347,5.597,0,0,0,0.0,0.0,0.0
59.600000000,drone0/gps/gps/navsat,52.229706546,21.012213103,4.702,0,0,0,0.0,0.0,0.0
59.700000000,drone0/gps/gps/navsat,52.229686146,21.012191845,0.086,0,0,0,0.0,0.0,0.0
59.900000000,drone0/gps/gps/navsat,52.229690760,21.012206668,-4.172,0,0,0,0.0,0.0,0.0
60.000000000,drone0/gps/gps/navsat,52.229689458,21.012204821,1.487,0,0,0,0.0,0.0,0.0
60.100000000,drone0/gps/gps/navsat,52.229694904,21.012217176,4.217,0,0,0,0.0,0.0,0.0
60.200000000,drone0/gps/gps/navsat,52.229704128,21.012200492,5.157,0,0,0,0.0,0.0,0.0
60.400000000,drone0/gps/gps/navsat,52.229706412,21.012212189,11.180,0,0,0,0.0,0.0,0.0
60.500000000,drone0/gps/gps/navsat,52.229702029,21.012209904,-1.143,0,0,0,0.0,0.0,0.0
60.600000000,drone0/gps/gps/navsat,52.229681175,21.012195490,-6.997,0,0,0,0.0,0.0,0.0
60.700000000,drone0/gps/gps/navsat,52.229712614,21.012211771,0.384,0,0,0,0.0,0.0,0.0
60.900000000,drone0/gps/gps/navsat,52.229695823,21.012220975,-0.319,0,0,0,0.0,0.0,0.0
61.000000000,drone0/gps/gps/navsat,52.229711520,21.012208019,6.743,0,0,0,0.0,0.0,0.0
61.100000000,drone0/gps/gps/navsat,52.229693433,21.012193122,2.587,0,0,0,0.0,0.0,0.0
61.200000000,drone0/gps/gps/navsat,52.229691555,21.012179921,0.254,0,0,0,0.0,0.0,0.0
61.400000000,drone0/gps/gps/navsat,52.229687603,21.012195653,0.588,0,0,0,0.0,0.0,0.0
61.500000000,drone0/gps/gps/navsat,52.229725266,21.012187024,-2.554,0,0,0,0.0,0.0,0.0
61.600000000,drone0/gps/gps/navsat,52.229710796,21.012211146,0.462,0,0,0,0.0,0.0,0.0
61.700000000,drone0/gps/gps/navsat,52.229730875,21.012204076,2.858,0,0,0,0.0,0.0,0.0
61.900000000,drone0/gps/gps/navsat,52.229724499,21.012215353,8.889,0,0,0,0.0,0.0,0.0
62.000000000,drone0/gps/gps/navsat,52.229715414,21.012188802,1.862,0,0,0,0.0,0.0,0.0
62.100000000,drone0/gps/gps/navsat,52.229693014,21.012222838,0.743,0,0,0,0.0,0.0,0.0
62.200000000,drone0/gps/gps/navsat,52.229712592,21.012202825,2.130,0,0,0,0.0,0.0,0.0
62.400000000,drone0/gps/gps/navsat,52.229717769,21.012185515,-2.017,0,0,0,0.0,0.0,0.0
62.500000000,drone0/gps/gps/navsat,52.229696431,21.012220744,5.648,0,0,0,0.0,0.0,0.0
62.600000000,drone0/gps/gps/navsat,52.229710748,21.012180060,-5.410,0,0,0,0.0,0.0,0.0
62.700000000,drone0/gps/gps/navsat,52.229699353,21.012214291,5.693,0,0,0,0.0,0.0,0.0
62.900000000,drone0/gps/gps/navsat,52.229733162,21.012178454,3.609,0,0,0,0.0,0.0,0.0
63.000000000,drone0/gps/gps/navsat,52.229697205,21.012202504,0.327,0,0,0,0.0,0.0,0.0
63.100000000,drone0/gps/gps/navsat,52.229716919,21.012188601,-3.328,0,0,0,0.0,0.0,0.0
63.200000000,drone0/gps/gps/navsat,52.229704070,21.012209939,1.558,0,0,0,0.0,0.0,0.0
63.400000000,drone0/gps/gps/navsat,52.229703355,21.012193286,-0.575,0,0,0,0.0,0.0,0.0
63.500000000,drone0/gps/gps/navsat,52.229701829,21.012195074,0.983,0,0,0,0.0,0.0,0.0
63.600000000,drone0/gps/gps/navsat,52.229677885,21.012182692,-1.411,0,0,0,0.0,0.0,0.0
63.700000000,drone0/gps/gps/navsat,52.229689461,21.012185134,1.938,0,0,0,0.0,0.0,0.0
63.900000000,drone0/gps/gps/navsat,52.229719179,21.012182965,-1.295,0,0,0,0.0,0.0,0.0
64.000000000,drone0/gps/gps/navsat,52.229693134,21.012228444,0.683,0,0,0,0.0,0.0,0.0
64.200000000,drone0/gps/gps/navsat,52.229675253,21.012198615,3.307,0,0,0,0.0,0.0,0.0
64.400000000,drone0/gps/gps/navsat,52.229686106,21.012180709,0.206,0,0,0,0.0,0.0,0.0
64.600000000,drone0/gps/gps/navsat,52.229725581,21.012193125,3.363,0,0,0,0.0,0.0,0.0
64.700000000,drone0/gps/gps/navsat,52.229689092,21.012197612,4.076,0,0,0,0.0,0.0,0.0
64.900000000,drone0/gps/gps/navsat,52.229693615,21.012192367,-3.609,0,0,0,0.0,0.0,0.0
65.100000000,drone0/gps/gps/navsat,52.229706372,21.012200012,1.388,0,0,0,0.0,0.0,0.0
65.200000000,drone0/gps/gps/navsat,52.229701988,21.012202425,-2.576,0,0,0,0.0,0.0,0.0
65.400000000,drone0/gps/gps/navsat,52.229706872,21.012224888,-1.302,0,0,0,0.0,0.0,0.0
65.600000000,drone0/gps/gps/navsat,52.229712051,21.012207023,6.483,0,0,0,0.0,0.0,0.0
65.700000000,drone0/gps/gps/navsat,52.229705337,21.012195906,-1.846,0,0,0,0.0,0.0,0.0
65.900000000,drone0/gps/gps/navsat,52.229690987,21.012222004,2.712,0,0,0,0.0,0.0,0.0
66.100000000,drone0/gps/gps/navsat,52.229712812,21.012180351,-3.386,0,0,0,0.0,0.0,0.0
66.200000000,drone0/gps/gps/navsat,52.229705093,21.012185845,3.169,0,0,0,0.0,0.0,0.0
66.400000000,drone0/gps/gps/navsat,52.229719481,21.012200522,0.153,0,0,0,0.0,0.0,0.0
66.600000000,drone0/gps/gps/navsat,52.229698675,21.012193518,2.448,0,0,0,0.0,0.0,0.0
66.700000000,drone0/gps/gps/navsat,52.229691443,21.012195419,0.135,0,0,0,0.0,0.0,0.0
66.900000000,drone0/gps/gps/navsat,52.229699137,21.012208234,-3.031,0,0,0,0.0,0.0,0.0
67.100000000,drone0/gps/gps/navsat,52.229697154,21.012211355,1.844,0,0,0,0.0,0.0,0.0
67.200000000,drone0/gps/gps/navsat,52.229726070,21.012220680,-0.329,0,0,0,0.0,0.0,0.0
67.400000000,drone0/gps/gps/navsat,52.229692170,21.012182719,-0.978,0,0,0,0.0,0.0,0.0
67.600000000,drone0/gps/gps/navsat,52.229694128,21.012212776,0.638,0,0,0,0.0,0.0,0.0
67.700000000,drone0/gps/gps/navsat,52.229664651,21.012198903,-0.935,0,0,0,0.0,0.0,0.0
67.900000000,drone0/gps/gps/navsat,52.229684498,21.012219508,5.225,0,0,0,0.0,0.0,0.0
68.100000000,drone0/gps/gps/navsat,52.229686595,21.012178840,3.462,0,0,0,0.0,0.0,0.0
68.200000000,drone0/gps/gps/navsat,52.229717744,21.012208518,9.181,0,0,0,0.0,0.0,0.0
68.400000000,drone0/gps/gps/navsat,52.229692442,21.012226849,0.393,0,0,0,0.0,0.0,0.0
68.600000000,drone0/gps/gps/navsat,52.229687344,21.012214713,2.648,0,0,0,0.0,0.0,0.0
68.700000000,drone0/gps/gps/navsat,52.229698614,21.012233171,3.571,0,0,0,0.0,0.0,0.0
68.900000000,drone0/gps/gps/navsat,52.229707619,21.012220214,1.698,0,0,0,0.0,0.0,0.0
69.100000000,drone0/gps/gps/navsat,52.229687340,21.012235088,2.086,0,0,0,0.0,0.0,0.0
69.200000000,drone0/gps/gps/navsat,52.229692458,21.012230788,3.111,0,0,0,0.0,0.0,0.0
69.400000000,drone0/gps/gps/navsat,52.229708521,21.012221631,0.513,0,0,0,0.0,0.0,0.0
69.600000000,drone0/gps/gps/navsat,52.229696635,21.012226112,-4.550,0,0,0,0.0,0.0,0.0
69.700000000,drone0/gps/gps/navsat,52.229702357,21.012216717,5.038,0,0,0,0.0,0.0,0.0
69.900000000,drone0/gps/gps/navsat,52.229715885,21.012239060,-2.051,0,0,0,0.0,0.0,0.0
70.100000000,drone0/gps/gps/navsat,52.229683646,21.012220247,6.695,0,0,0,0.0,0.0,0.0
70.200000000,drone0/gps/gps/navsat,52.229700545,21.012213497,5.627,0,0,0,0.0,0.0,0.0
70.400000000,drone0/gps/gps/navsat,52.229684415,21.012246989,3.564,0,0,0,0.0,0.0,0.0
70.600000000,drone0/gps/gps/navsat,52.229704657,21.012232406,1.346,0,0,0,0.0,0.0,0.0
70.700000000,drone0/gps/gps/navsat,52.229703628,21.012227236,1.782,0,0,0,0.0,0.0,0.0
70.900000000,drone0/gps/gps/navsat,52.229678036,21.012229566,9.747,0,0,0,0.0,0.0,0.0
71.100000000,drone0/gps/gps/navsat,52.229679782,21.012228018,6.352,0,0,0,0.0,0.0,0.0
71.200000000,drone0/gps/gps/navsat,52.229729705,21.012235695,9.290,0,0,0,0.0,0.0,0.0
71.400000000,drone0/gps/gps/navsat,52.229689286,21.012232132,7.412,0,0,0,0.0,0.0,0.0
71.600000000,drone0/gps/gps/navsat,52.229732053,21.012200616,10.831,0,0,0,0.0,0.0,0.0
71.700000000,drone0/gps/gps/navsat,52.229693601,21.012224375,4.303,0,0,0,0.0,0.0,0.0
71.900000000,drone0/gps/gps/navsat,52.229695296,21.012228582,11.737,0,0,0,0.0,0.0,0.0
72.100000000,drone0/gps/gps/navsat,52.229695919,21.012235063,7.167,0,0,0,0.0,0.0,0.0
72.200000000,drone0/gps/gps/navsat,52.229694038,21.012225885,9.409,0,0,0,0.0,0.0,0.0
72.400000000,drone0/gps/gps/navsat,52.229709687,21.012255357,10.095,0,0,0,0.0,0.0,0.0
72.600000000,drone0/gps/gps/navsat,52.229706375,21.012225660,12.318,0,0,0,0.0,0.0,0.0
72.700000000,drone0/gps/gps/navsat,52.229684707,21.012224265,12.130,0,0,0,0.0,0.0,0.0
72.900000000,drone0/gps/gps/navsat,52.229691103,21.012256670,13.243,0,0,0,0.0,0.0,0.0
73.100000000,drone0/gps/gps/navsat,52.229676480,21.012267977,9.769,0,0,0,0.0,0.0,0.0
73.200000000,drone0/gps/gps/navsat,52.229671793,21.012251409,11.522,0,0,0,0.0,0.0,0.0
73.400000000,drone0/gps/gps/navsat,52.229712950,21.012231062,11.783,0,0,0,0.0,0.0,0.0
73.600000000,drone0/gps/gps/navsat,52.229687550,21.012251953,10.903,0,0,0,0.0,0.0,0.0
73.700000000,drone0/gps/gps/navsat,52.229707783,21.012260007,8.291,0,0,0,0.0,0.0,0.0
73.900000000,drone0/gps/gps/navsat,52.229699152,21.012263840,9.105,0,0,0,0.0,0.0,0.0
74.100000000,drone0/gps/gps/navsat,52.229695750,21.012285486,8.206,0,0,0,0.0,0.0,0.0
74.200000000,drone0/gps/gps/navsat,52.229720663,21.012285529,8.381,0,0,0,0.0,0.0,0.0
74.500000000,drone0/gps/gps/navsat,52.229702310,21.012300319,13.028,0,0,0,0.0,0.0,0.0
74.700000000,drone0/gps/gps/navsat,52.229701572,21.012289091,11.492,0,0,0,0.0,0.0,0.0
74.900000000,drone0/gps/gps/navsat,52.229675692,21.012283498,10.031,0,0,0,0.0,0.0,0.0
75.100000000,drone0/gps/gps/navsat,52.229693265,21.012284176,12.050,0,0,0,0.0,0.0,0.0
75.200000000,drone0/gps/gps/navsat,52.229677679,21.012319488,11.076,0,0,0,0.0,0.0,0.0
75.400000000,drone0/gps/gps/navsat,52.229703095,21.012287550,11.553,0,0,0,0.0,0.0,0.0
75.600000000,drone0/gps/gps/navsat,52.229711543,21.012309453,10.160,0,0,0,0.0,0.0,0.0
75.700000000,drone0/gps/gps/navsat,52.229690761,21.012319855,6.754,0,0,0,0.0,0.0,0.0
75.900000000,drone0/gps/gps/navsat,52.229694378,21.012297673,11.663,0,0,0,0.0,0.0,0.0
76.100000000,drone0/gps/gps/navsat,52.229709315,21.012302876,7.664,0,0,0,0.0,0.0,0.0
76.200000000,drone0/gps/gps/navsat,52.229689493,21.012330793,11.325,0,0,0,0.0,0.0,0.0
76.400000000,drone0/gps/gps/navsat,52.229704162,21.012270128,7.298,0,0,0,0.0,0.0,0.0
76.600000000,drone0/gps/gps/navsat,52.229716137,21.012321799,6.827,0,0,0,0.0,0.0,0.0
76.700000000,drone0/gps/gps/navsat,52.229712887,21.012316473,14.311,0,0,0,0.0,0.0,0.0
76.900000000,drone0/gps/gps/navsat,52.229707617,21.012271369,4.236,0,0,0,0.0,0.0,0.0
77.100000000,drone0/gps/gps/navsat,52.229676656,21.012291028,8.509,0,0,0,0.0,0.0,0.0
77.200000000,drone0/gps/gps/navsat,52.229703291,21.012278351,8.251,0,0,0,0.0,0.0,0.0
77.400000000,drone0/gps/gps/navsat,52.229704668,21.012293330,10.331,0,0,0,0.0,0.0,0.0
77.600000000,drone0/gps/gps/navsat,52.229692069,21.012309837,3.446,0,0,0,0.0,0.0,0.0
77.700000000,drone0/gps/gps/navsat,52.229700265,21.012316802,8.065,0,0,0,0.0,0.0,0.0
77.900000000,drone0/gps/gps/navsat,52.229706499,21.012291789,4.882,0,0,0,0.0,0.0,0.0
78.100000000,drone0/gps/gps/navsat,52.229704493,21.012313959,12.267,0,0,0,0.0,0.0,0.0
78.200000000,drone0/gps/gps/navsat,52.229679511,21.012302610,9.791,0,0,0,0.0,0.0,0.0
78.400000000,drone0/gps/gps/navsat,52.229693027,21.012309090,9.823,0,0,0,0.0,0.0,0.0
78.600000000,drone0/gps/gps/navsat,52.229734783,21.012288913,5.115,0,0,0,0.0,0.0,0.0
78.700000000,drone0/gps/gps/navsat,52.229690176,21.012325854,7.372,0,0,0,0.0,0.0,0.0
78.900000000,drone0/gps/gps/navsat,52.229682833,21.012297658,8.798,0,0,0,0.0,0.0,0.0
79.100000000,drone0/gps/gps/navsat,52.229676756,21.012288789,5.968,0,0,0,0.0,0.0,0.0
79.200000000,drone0/gps/gps/navsat,52.229697638,21.012308857,9.729,0,0,0,0.0,0.0,0.0
79.400000000,drone0/gps/gps/navsat,52.229698871,21.012276222,8.677,0,0,0,0.0,0.0,0.0
79.600000000,drone0/gps/gps/navsat,52.229704550,21.012306525,5.790,0,0,0,0.0,0.0,0.0
79.700000000,drone0/gps/gps/navsat,52.229690138,21.012308675,6.829,0,0,0,0.0,0.0,0.0
79.900000000,drone0/gps/gps/navsat,52.229692040,21.012278342,2.414,0,0,0,0.0,0.0,0.0
80.100000000,drone0/gps/gps/navsat,52.229719320,21.012290417,7.115,0,0,0,0.0,0.0,0.0
80.200000000,drone0/gps/gps/navsat,52.229697655,21.012304524,4.588,0,0,0,0.0,0.0,0.0
80.400000000,drone0/gps/gps/navsat,52.229692758,21.012298224,5.665,0,0,0,0.0,0.0,0.0
80.600000000,drone0/gps/gps/navsat,52.229710356,21.012296870,4.779,0,0,0,0.0,0.0,0.0
80.700000000,drone0/gps/gps/navsat,52.229720446,21.012324207,7.425,0,0,0,0.0,0.0,0.0
80.900000000,drone0/gps/gps/navsat,52.229712466,21.012325391,8.802,0,0,0,0.0,0.0,0.0
81.100000000,drone0/gps/gps/navsat,52.229701746,21.012322228,4.207,0,0,0,0.0,0.0,0.0
81.200000000,drone0/gps/gps/navsat,52.229709259,21.012299349,0.328,0,0,0,0.0,0.0,0.0
81.400000000,drone0/gps/gps/navsat,52.229713599,21.012315529,7.661,0,0,0,0.0,0.0,0.0
81.600000000,drone0/gps/gps/navsat,52.229724711,21.012306258,9.771,0,0,0,0.0,0.0,0.0
81.700000000,drone0/gps/gps/navsat,52.229734983,21.012315748,5.464,0,0,0,0.0,0.0,0.0
82.000000000,drone0/gps/gps/navsat,52.229709464,21.012307655,6.220,0,0,0,0.0,0.0,0.0
82.200000000,drone0/gps/gps/navsat,52.229740914,21.012297734,6.529,0,0,0,0.0,0.0,0.0
82.400000000,drone0/gps/gps/navsat,52.229755675,21.012317467,4.513,0,0,0,0.0,0.0,0.0
82.600000000,drone0/gps/gps/navsat,52.229755865,21.012307404,4.518,0,0,0,0.0,0.0,0.0
82.700000000,drone0/gps/gps/navsat,52.229734156,21.012316601,2.008,0,0,0,0.0,0.0,0.0
82.900000000,drone0/gps/gps/navsat,52.229759298,21.012312240,5.037,0,0,0,0.0,0.0,0.0
83.100000000,drone0/gps/gps/navsat,52.229734007,21.012307795,11.120,0,0,0,0.0,0.0,0.0
83.200000000,drone0/gps/gps/navsat,52.229749684,21.012314453,11.904,0,0,0,0.0,0.0,0.0
83.400000000,drone0/gps/gps/navsat,52.229748854,21.012303931,4.111,0,0,0,0.0,0.0,0.0
83.600000000,drone0/gps/gps/navsat,52.229735889,21.012325927,2.533,0,0,0,0.0,0.0,0.0
83.700000000,drone0/gps/gps/navsat,52.229723054,21.012297992,7.659,0,0,0,0.0,0.0,0.0
83.900000000,drone0/gps/gps/navsat,52.229739555,21.012316162,7.654,0,0,0,0.0,0.0,0.0
84.100000000,drone0/gps/gps/navsat,52.229754000,21.012308404,8.199,0,0,0,0.0,0.0,0.0
84.200000000,drone0/gps/gps/navsat,52.229727816,21.012311477,4.954,0,0,0,0.0,0.0,0.0
84.400000000,drone0/gps/gps/navsat,52.229725122,21.012311047,3.933,0,0,0,0.0,0.0,0.0
84.600000000,drone0/gps/gps/navsat,52.229737815,21.012307078,9.535,0,0,0,0.0,0.0,0.0
84.700000000,drone0/gps/gps/navsat,52.229726064,21.012293673,4.805,0,0,0,0.0,0.0,0.0
84.900000000,drone0/gps/gps/navsat,52.229736787,21.012301023,8.195,0,0,0,0.0,0.0,0.0
85.100000000,drone0/gps/gps/navsat,52.229752989,21.012321031,6.374,0,0,0,0.0,0.0,0.0
85.200000000,drone0/gps/gps/navsat,52.229737215,21.012307949,-0.158,0,0,0,0.0,0.0,0.0
85.400000000,drone0/gps/gps/navsat,52.229756578,21.012299408,6.886,0,0,0,0.0,0.0,0.0
85.600000000,drone0/gps/gps/navsat,52.229746406,21.012315109,8.479,0,0,0,0.0,0.0,0.0
85.700000000,drone0/gps/gps/navsat,52.229749605,21.012313615,0.973,0,0,0,0.0,0.0,0.0
85.900000000,drone0/gps/gps/navsat,52.229737405,21.012337682,0.644,0,0,0,0.0,0.0,0.0
86.100000000,drone0/gps/gps/navsat,52.229745750,21.012313161,2.134,0,0,0,0.0,0.0,0.0
86.200000000,drone0/gps/gps/navsat,52.229744721,21.012291599,7.427,0,0,0,0.0,0.0,0.0
86.400000000,drone0/gps/gps/navsat,52.229737529,21.012306877,13.075,0,0,0,0.0,0.0,0.0
86.600000000,drone0/gps/gps/navsat,52.229771772,21.012325697,3.410,0,0,0,0.0,0.0,0.0
86.700000000,drone0/gps/gps/navsat,52.229722313,21.012324568,4.416,0,0,0,0.0,0.0,0.0
86.900000000,drone0/gps/gps/navsat,52.229757932,21.012307492,8.837,0,0,0,0.0,0.0,0.0
87.100000000,drone0/gps/gps/navsat,52.229738383,21.012302965,11.716,0,0,0,0.0,0.0,0.0
87.200000000,drone0/gps/gps/navsat,52.229755513,21.012318652,6.656,0,0,0,0.0,0.0,0.0
87.400000000,drone0/gps/gps/navsat,52.229771736,21.012303394,-1.589,0,0,0,0.0,0.0,0.0
87.600000000,drone0/gps/gps/navsat,52.229785392,21.012316300,10.661,0,0,0,0.0,0.0,0.0
87.700000000,drone0/gps/gps/navsat,52.229743851,21.012294807,5.769,0,0,0,0.0,0.0,0.0
87.900000000,drone0/gps/gps/navsat,52.229751271,21.012303588,4.504,0,0,0,0.0,0.0,0.0
88.100000000,drone0/gps/gps/navsat,52.229763457,21.012310768,2.686,0,0,0,0.0,0.0,0.0
88.200000000,drone0/gps/gps/navsat,52.229786451,21.012304525,5.239,0,0,0,0.0,0.0,0.0
88.400000000,drone0/gps/gps/navsat,52.229767852,21.012322691,5.427,0,0,0,0.0,0.0,0.0
88.600000000,drone0/gps/gps/navsat,52.229754125,21.012325831,8.362,0,0,0,0.0,0.0,0.0
88.700000000,drone0/gps/gps/navsat,52.229792151,21.012321104,1.939,0,0,0,0.0,0.0,0.0
88.900000000,drone0/gps/gps/navsat,52.229782475,21.012307102,11.058,0,0,0,0.0,0.0,0.0
89.100000000,drone0/gps/gps/navsat,52.229788457,21.012310506,2.811,0,0,0,0.0,0.0,0.0
89.200000000,drone0/gps/gps/navsat,52.229776776,21.012312244,1.831,0,0,0,0.0,0.0,0.0
89.400000000,drone0/gps/gps/navsat,52.229780851,21.012289343,3.853,0,0,0,0.0,0.0,0.0
89.600000000,drone0/gps/gps/navsat,52.229780753,21.012310589,9.279,0,0,0,0.0,0.0,0.0
89.700000000,drone0/gps/gps/navsat,52.229774484,21.012308331,8.022,0,0,0,0.0,0.0,0.0
89.900000000,drone0/gps/gps/navsat,52.229799446,21.012312930,10.087,0,0,0,0.0,0.0,0.0
90.300000000,drone0/gps/gps/navsat,52.229808456,21.012320728,7.969,0,0,0,0.0,0.0,0.0
90.400000000,drone0/gps/gps/navsat,52.229804680,21.012301810,6.340,0,0,0,0.0,0.0,0.0
90.600000000,drone0/gps/gps/navsat,52.229771489,21.012318537,3.125,0,0,0,0.0,0.0,0.0
90.700000000,drone0/gps/gps/navsat,52.229804321,21.012317217,11.512,0,0,0,0.0,0.0,0.0
90.900000000,drone0/gps/gps/navsat,52.229806617,21.012287390,8.194,0,0,0,0.0,0.0,0.0
91.100000000,drone0/gps/gps/navsat,52.229802063,21.012285292,7.112,0,0,0,0.0,0.0,0.0
91.200000000,drone0/gps/gps/navsat,52.229824602,21.012301971,7.096,0,0,0,0.0,0.0,0.0
91.400000000,drone0/gps/gps/navsat,52.229784751,21.012288611,2.272,0,0,0,0.0,0.0,0.0
91.600000000,drone0/gps/gps/navsat,52.229805704,21.012319057,0.238,0,0,0,0.0,0.0,0.0
91.700000000,drone0/gps/gps/navsat,52.229815198,21.012331219,3.744,0,0,0,0.0,0.0,0.0
91.900000000,drone0/gps/gps/navsat,52.229816944,21.012322662,7.039,0,0,0,0.0,0.0,0.0
92.100000000,drone0/gps/gps/navsat,52.229807397,21.012300917,3.381,0,0,0,0.0,0.0,0.0
92.200000000,drone0/gps/gps/navsat,52.229783061,21.012304368,2.752,0,0,0,0.0,0.0,0.0
92.400000000,drone0/gps/gps/navsat,52.229808944,21.012299048,9.265,0,0,0,0.0,0.0,0.0
92.600000000,drone0/gps/gps/navsat,52.229809610,21.012320478,6.121,0,0,0,0.0,0.0,0.0
92.700000000,drone0/gps/gps/navsat,52.229814686,21.012305040,8.845,0,0,0,0.0,0.0,0.0
92.900000000,drone0/gps/gps/navsat,52.229812633,21.012313059,3.478,0,0,0,0.0,0.0,0.0
93.100000000,drone0/gps/gps/navsat,52.229791314,21.012313682,6.620,0,0,0,0.0,0.0,0.0
93.200000000,drone0/gps/gps/navsat,52.229803290,21.012296405,5.496,0,0,0,0.0,0.0,0.0
93.400000000,drone0/gps/gps/navsat,52.229805302,21.012316970,0.662,0,0,0,0.0,0.0,0.0
93.600000000,drone0/gps/gps/navsat,52.229817633,21.012313553,7.382,0,0,0,0.0,0.0,0.0
93.700000000,drone0/gps/gps/navsat,52.229814274,21.012310402,6.443,0,0,0,0.0,0.0,0.0
93.900000000,drone0/gps/gps/navsat,52.229800332,21.012308897,6.415,0,0,0,0.0,0.0,0.0
94.100000000,drone0/gps/gps/navsat,52.229792243,21.012336901,5.076,0,0,0,0.0,0.0,0.0
94.200000000,drone0/gps/gps/navsat,52.229814420,21.012321873,5.592,0,0,0,0.0,0.0,0.0
94.400000000,drone0/gps/gps/navsat,52.229797921,21.012341819,7.404,0,0,0,0.0,0.0,0.0
94.600000000,drone0/gps/gps/navsat,52.229830448,21.012342827,5.432,0,0,0,0.0,0.0,0.0
94.700000000,drone0/gps/gps/navsat,52.229812272,21.012350973,10.853,0,0,0,0.0,0.0,0.0
94.900000000,drone0/gps/gps/navsat,52.229797585,21.012370272,3.336,0,0,0,0.0,0.0,0.0
95.100000000,drone0/gps/gps/navsat,52.229810654,21.012363901,4.842,0,0,0,0.0,0.0,0.0
95.200000000,drone0/gps/gps/navsat,52.229795193,21.012363913,4.825,0,0,0,0.0,0.0,0.0
95.400000000,drone0/gps/gps/navsat,52.229809471,21.012364983,3.272,0,0,0,0.0,0.0,0.0
95.600000000,drone0/gps/gps/navsat,52.229770664,21.012377567,7.664,0,0,0,0.0,0.0,0.0
95.700000000,drone0/gps/gps/navsat,52.229786282,21.012370847,3.099,0,0,0,0.0,0.0,0.0
95.900000000,drone0/gps/gps/navsat,52.229815246,21.012378406,11.179,0,0,0,0.0,0.0,0.0
96.100000000,drone0/gps/gps/navsat,52.229800528,21.012361038,7.151,0,0,0,0.0,0.0,0.0
96.200000000,drone0/gps/gps/navsat,52.229819579,21.012394350,3.282,0,0,0,0.0,0.0,0.0
96.400000000,drone0/gps/gps/navsat,52.229803285,21.012375683,9.863,0,0,0,0.0,0.0,0.0
96.600000000,drone0/gps/gps/navsat,52.229805881,21.012366414,3.033,0,0,0,0.0,0.0,0.0
96.700000000,drone0/gps/gps/navsat,52.229773018,21.012403332,7.844,0,0,0,0.0,0.0,0.0
96.900000000,drone0/gps/gps/navsat,52.229787217,21.012383976,5.140,0,0,0,0.0,0.0,0.0
97.100000000,drone0/gps/gps/navsat,52.229809555,21.012397879,-2.211,0,0,0,0.0,0.0,0.0
97.200000000,drone0/gps/gps/navsat,52.229801563,21.012380105,-0.211,0,0,0,0.0,0.0,0.0
97.400000000,drone0/gps/gps/navsat,52.229808614,21.012406863,6.310,0,0,0,0.0,0.0,0.0
97.600000000,drone0/gps/gps/navsat,52.229795105,21.012424330,-0.127,0,0,0,0.0,0.0,0.0
97.700000000,drone0/gps/gps/navsat,52.229807314,21.012409897,0.891,0,0,0,0.0,0.0,0.0
97.900000000,drone0/gps/gps/navsat,52.229769253,21.012388275,2.847,0,0,0,0.0,0.0,0.0
98.100000000,drone0/gps/gps/navsat,52.229798150,21.012417346,7.148,0,0,0,0.0,0.0,0.0
98.200000000,drone0/gps/gps/navsat,52.229812095,21.012411025,3.339,0,0,0,0.0,0.0,0.0
98.400000000,drone0/gps/gps/navsat,52.229828329,21.012404114,3.153,0,0,0,0.0,0.0,0.0
98.600000000,drone0/gps/gps/navsat,52.229788180,21.012402868,2.084,0,0,0,0.0,0.0,0.0
98.700000000,drone0/gps/gps/navsat,52.229804626,21.012381579,3.123,0,0,0,0.0,0.0,0.0
98.900000000,drone0/gps/gps/navsat,52.229813354,21.012396091,3.725,0,0,0,0.0,0.0,0.0
99.500000000,drone0/gps/gps/navsat,52.229787166,21.012422025,4.085,0,0,0,0.0,0.0,0.0
99.700000000,drone0/gps/gps/navsat,52.229802087,21.012418117,4.102,0,0,0,0.0,0.0,0.0
99.900000000,drone0/gps/gps/navsat,52.229806297,21.012389948,-0.542,0,0,0,0.0,0.0,0.0
100.100000000,drone0/gps/gps/navsat,52.229809135,21.012385238,4.191,0,0,0,0.0,0.0,0.0
100.200000000,drone0/gps/gps/navsat,52.229790974,21.012396302,5.109,0,0,0,0.0,0.0,0.0
100.400000000,drone0/gps/gps/navsat,52.229794205,21.012412045,2.818,0,0,0,0.0,0.0,0.0
100.600000000,drone0/gps/gps/navsat,52.229780632,21.012426471,3.545,0,0,0,0.0,0.0,0.0
100.700000000,drone0/gps/gps/navsat,52.229803183,21.012385719,2.157,0,0,0,0.0,0.0,0.0
100.900000000,drone0/gps/gps/navsat,52.229783428,21.012406012,1.977,0,0,0,0.0,0.0,0.0
101.100000000,drone0/gps/gps/navsat,52.229808142,21.012388831,1.664,0,0,0,0.0,0.0,0.0
101.200000000,drone0/gps/gps/navsat,52.229802661,21.012400490,2.325,0,0,0,0.0,0.0,0.0
101.400000000,drone0/gps/gps/navsat,52.229808624,21.012394833,10.044,0,0,0,0.0,0.0,0.0
101.600000000,drone0/gps/gps/navsat,52.229824901,21.012383297,3.325,0,0,0,0.0,0.0,0.0
101.700000000,drone0/gps/gps/navsat,52.229823573,21.012392452,0.827,0,0,0,0.0,0.0,0.0
101.900000000,drone0/gps/gps/navsat,52.229802246,21.012397747,0.693,0,0,0,0.0,0.0,0.0
102.100000000,drone0/gps/gps/navsat,52.229800837,21.012398100,6.687,0,0,0,0.0,0.0,0.0
102.200000000,drone0/gps/gps/navsat,52.229813716,21.012415948,2.824,0,0,0,0.0,0.0,0.0
102.400000000,drone0/gps/gps/navsat,52.229820709,21.012404955,4.117,0,0,0,0.0,0.0,0.0
102.600000000,drone0/gps/gps/navsat,52.229803605,21.012410005,-0.816,0,0,0,0.0,0.0,0.0
102.700000000,drone0/gps/gps/navsat,52.229809000,21.012398617,2.177,0,0,0,0.0,0.0,0.0
102.900000000,drone0/gps/gps/navsat,52.229782283,21.012406795,2.971,0,0,0,0.0,0.0,0.0
103.100000000,drone0/gps/gps/navsat,52.229788405,21.012425807,-3.042,0,0,0,0.0,0.0,0.0
103.200000000,drone0/gps/gps/navsat,52.229793706,21.012391068,3.035,0,0,0,0.0,0.0,0.0
103.400000000,drone0/gps/gps/navsat,52.229807688,21.012383424,-0.891,0,0,0,0.0,0.0,0.0
103.600000000,drone0/gps/gps/navsat,52.229795277,21.012389926,-0.637,0,0,0,0.0,0.0,0.0
103.700000000,drone0/gps/gps/navsat,52.229822062,21.012387226,-0.620,0,0,0,0.0,0.0,0.0
103.900000000,drone0/gps/gps/navsat,52.229795970,21.012419111,8.939,0,0,0,0.0,0.0,0.0
104.100000000,drone0/gps/gps/navsat,52.229771123,21.012396212,4.454,0,0,0,0.0,0.0,0.0
104.200000000,drone0/gps/gps/navsat,52.229791623,21.012390167,10.218,0,0,0,0.0,0.0,0.0
104.400000000,drone0/gps/gps/navsat,52.229780646,21.012394578,3.102,0,0,0,0.0,0.0,0.0
104.600000000,drone0/gps/gps/navsat,52.229800875,21.012399496,5.760,0,0,0,0.0,0.0,0.0
104.700000000,drone0/gps/gps/navsat,52.229793680,21.012414452,6.280,0,0,0,0.0,0.0,0.0
104.900000000,drone0/gps/gps/navsat,52.229819514,21.012395161,10.211,0,0,0,0.0,0.0,0.0
105.100000000,drone0/gps/gps/navsat,52.229789840,21.012405748,2.792,0,0,0,0.0,0.0,0.0
105.200000000,drone0/gps/gps/navsat,52.229792211,21.012378645,2.465,0,0,0,0.0,0.0,0.0
105.400000000,drone0/gps/gps/navsat,52.229783880,21.012403305,6.728,0,0,0,0.0,0.0,0.0
105.600000000,drone0/gps/gps/navsat,52.229786335,21.012418672,5.593,0,0,0,0.0,0.0,0.0
105.700000000,drone0/gps/gps/navsat,52.229782923,21.012403789,15.744,0,0,0,0.0,0.0,0.0
105.900000000,drone0/gps/gps/navsat,52.229779123,21.012419180,11.163,0,0,0,0.0,0.0,0.0
106.900000000,drone0/gps/gps/navsat,52.229785100,21.012444880,8.020,0,0,0,0.0,0.0,0.0
107.100000000,drone0/gps/gps/navsat,52.229793547,21.012437533,17.893,0,0,0,0.0,0.0,0.0
107.200000000,drone0/gps/gps/navsat,52.229783363,21.012403945,8.283,0,0,0,0.0,0.0,0.0
107.400000000,drone0/gps/gps/navsat,52.229793577,21.012422482,9.853,0,0,0,0.0,0.0,0.0
107.600000000,drone0/gps/gps/navsat,52.229828634,21.012436138,13.599,0,0,0,0.0,0.0,0.0
107.700000000,drone0/gps/gps/navsat,52.229823433,21.012433913,8.834,0,0,0,0.0,0.0,0.0
107.900000000,drone0/gps/gps/navsat,52.229812445,21.012416670,11.114,0,0,0,0.0,0.0,0.0
108.100000000,drone0/gps/gps/navsat,52.229798858,21.012447314,9.327,0,0,0,0.0,0.0,0.0
108.200000000,drone0/gps/gps/navsat,52.229798854,21.012428673,13.956,0,0,0,0.0,0.0,0.0
108.400000000,drone0/gps/gps/navsat,52.229825646,21.012445319,7.376,0,0,0,0.0,0.0,0.0
108.600000000,drone0/gps/gps/navsat,52.229792126,21.012445829,6.827,0,0,0,0.0,0.0,0.0
108.700000000,drone0/gps/gps/navsat,52.229786012,21.012437661,10.177,0,0,0,0.0,0.0,0.0
108.900000000,drone0/gps/gps/navsat,52.229806907,21.012440195,6.554,0,0,0,0.0,0.0,0.0
109.100000000,drone0/gps/gps/navsat,52.229802471,21.012428724,7.576,0,0,0,0.0,0.0,0.0
109.200000000,drone0/gps/gps/navsat,52.229805619,21.012434762,8.634,0,0,0,0.0,0.0,0.0
109.400000000,drone0/gps/gps/navsat,52.229821087,21.012443279,8.179,0,0,0,0.0,0.0,0.0
109.600000000,drone0/gps/gps/navsat,52.229793981,21.012441310,4.355,0,0,0,0.0,0.0,0.0
109.700000000,drone0/gps/gps/navsat,52.229800731,21.012448219,8.273,0,0,0,0.0,0.0,0.0
109.900000000,drone0/gps/gps/navsat,52.229790100,21.012454440,1.528,0,0,0,0.0,0.0,0.0
110.100000000,drone0/gps/gps/navsat,52.229799788,21.012442263,1.676,0,0,0,0.0,0.0,0.0
110.200000000,drone0/gps/gps/navsat,52.229798515,21.012469040,1.037,0,0,0,0.0,0.0,0.0
110.400000000,drone0/gps/gps/navsat,52.229798673,21.012430881,3.730,0,0,0,0.0,0.0,0.0
110.600000000,drone0/gps/gps/navsat,52.229798901,21.012442365,8.087,0,0,0,0.0,0.0,0.0
110.700000000,drone0/gps/gps/navsat,52.229812282,21.012454457,4.242,0,0,0,0.0,0.0,0.0
110.900000000,drone0/gps/gps/navsat,52.229814633,21.012446297,6.249,0,0,0,0.0,0.0,0.0
111.100000000,drone0/gps/gps/navsat,52.229783589,21.012449646,2.073,0,0,0,0.0,0.0,0.0
111.200000000,drone0/gps/gps/navsat,52.229819628,21.012446003,0.832,0,0,0,0.0,0.0,0.0
111.400000000,drone0/gps/gps/navsat,52.229805022,21.012440565,4.221,0,0,0,0.0,0.0,0.0
111.600000000,drone0/gps/gps/navsat,52.229795914,21.012431911,1.423,0,0,0,0.0,0.0,0.0
111.700000000,drone0/gps/gps/navsat,52.229807902,21.012437061,3.786,0,0,0,0.0,0.0,0.0
111.900000000,drone0/gps/gps/navsat,52.229815350,21.012418670,5.317,0,0,0,0.0,0.0,0.0
112.100000000,drone0/gps/gps/navsat,52.229801711,21.012419162,-1.938,0,0,0,0.0,0.0,0.0
112.200000000,drone0/gps/gps/navsat,52.229798400,21.012481749,4.256,0,0,0,0.0,0.0,0.0
112.400000000,drone0/gps/gps/navsat,52.229796948,21.012441009,3.695,0,0,0,0.0,0.0,0.0
112.600000000,drone0/gps/gps/navsat,52.229811329,21.012434991,9.131,0,0,0,0.0,0.0,0.0
112.700000000,drone0/gps/gps/navsat,52.229823726,21.012432451,4.223,0,0,0,0.0,0.0,0.0
112.900000000,drone0/gps/gps/navsat,52.229808781,21.012424267,5.086,0,0,0,0.0,0.0,0.0
113.100000000,drone0/gps/gps/navsat,52.229814055,21.012439702,-0.762,0,0,0,0.0,0.0,0.0
113.900000000,drone0/gps/gps/navsat,52.229798252,21.012418159,1.101,0,0,0,0.0,0.0,0.0
114.100000000,drone0/gps/gps/navsat,52.229804032,21.012440306,2.405,0,0,0,0.0,0.0,0.0
114.200000000,drone0/gps/gps/navsat,52.229806104,21.012446021,1.836,0,0,0,0.0,0.0,0.0
114.400000000,drone0/gps/gps/navsat,52.229805795,21.012446146,2.495,0,0,0,0.0,0.0,0.0
114.600000000,drone0/gps/gps/navsat,52.229778921,21.012465890,0.625,0,0,0,0.0,0.0,0.0
114.700000000,drone0/gps/gps/navsat,52.229806187,21.012442275,5.321,0,0,0,0.0,0.0,0.0
114.900000000,drone0/gps/gps/navsat,52.229794037,21.012437047,6.832,0,0,0,0.0,0.0,0.0
115.100000000,drone0/gps/gps/navsat,52.229796027,21.012449149,0.202,0,0,0,0.0,0.0,0.0
115.200000000,drone0/gps/gps/navsat,52.229787335,21.012443111,6.344,0,0,0,0.0,0.0,0.0
115.400000000,drone0/gps/gps/navsat,52.229789792,21.012424907,8.833,0,0,0,0.0,0.0,0.0
115.600000000,drone0/gps/gps/navsat,52.229788938,21.012452452,4.535,0,0,0,0.0,0.0,0.0
115.700000000,drone0/gps/gps/navsat,52.229803185,21.012466957,8.420,0,0,0,0.0,0.0,0.0
115.900000000,drone0/gps/gps/navsat,52.229810514,21.012438719,5.860,0,0,0,0.0,0.0,0.0
116.100000000,drone0/gps/gps/navsat,52.229811642,21.012429916,7.812,0,0,0,0.0,0.0,0.0
116.200000000,drone0/gps/gps/navsat,52.229801134,21.012457629,-4.218,0,0,0,0.0,0.0,0.0
116.400000000,drone0/gps/gps/navsat,52.229793273,21.012449586,4.617,0,0,0,0.0,0.0,0.0
116.600000000,drone0/gps/gps/navsat,52.229807498,21.012439289,2.609,0,0,0,0.0,0.0,0.0
116.700000000,drone0/gps/gps/navsat,52.229809062,21.012451694,7.585,0,0,0,0.0,0.0,0.0
116.900000000,drone0/gps/gps/navsat,52.229778963,21.012450449,-0.235,0,0,0,0.0,0.0,0.0
117.100000000,drone0/gps/gps/navsat,52.229794313,21.012461146,4.469,0,0,0,0.0,0.0,0.0
117.200000000,drone0/gps/gps/navsat,52.229806270,21.012463974,7.861,0,0,0,0.0,0.0,0.0
117.400000000,drone0/gps/gps/navsat,52.229794837,21.012458501,2.177,0,0,0,0.0,0.0,0.0
117.600000000,drone0/gps/gps/navsat,52.229831784,21.012453380,8.202,0,0,0,0.0,0.0,0.0
117.700000000,drone0/gps/gps/navsat,52.229808548,21.012482334,1.978,0,0,0,0.0,0.0,0.0
117.900000000,drone0/gps/gps/navsat,52.229789866,21.012490201,6.909,0,0,0,0.0,0.0,0.0
118.100000000,drone0/gps/gps/navsat,52.229812007,21.012483031,11.043,0,0,0,0.0,0.0,0.0
118.200000000,drone0/gps/gps/navsat,52.229796360,21.012483655,0.921,0,0,0,0.0,0.0,0.0
118.400000000,drone0/gps/gps/navsat,52.229808059,21.012511667,7.846,0,0,0,0.0,0.0,0.0
118.600000000,drone0/gps/gps/navsat,52.229815236,21.012511017,1.566,0,0,0,0.0,0.0,0.0
118.700000000,drone0/gps/gps/navsat,52.229783125,21.012505587,1.591,0,0,0,0.0,0.0,0.0
118.900000000,drone0/gps/gps/navsat,52.229809010,21.012500270,11.013,0,0,0,0.0,0.0,0.0
119.100000000,drone0/gps/gps/navsat,52.229771501,21.012528727,1.277,0,0,0,0.0,0.0,0.0
119.200000000,drone0/gps/gps/navsat,52.229814182,21.012518857,7.652,0,0,0,0.0,0.0,0.0
119.400000000,drone0/gps/gps/navsat,52.229805193,21.012519002,-0.935,0,0,0,0.0,0.0,0.0
119.600000000,drone0/gps/gps/navsat,52.229801285,21.012537974,5.462,0,0,0,0.0,0.0,0.0
119.700000000,drone0/gps/gps/navsat,52.229801035,21.012558422,5.815,0,0,0,0.0,0.0,0.0
119.900000000,drone0/gps/gps/navsat,52.229802499,21.012560277,6.776,0,0,0,0.0,0.0,0.0
120.500000000,drone0/gps/gps/navsat,52.229781004,21.012555095,2.465,0,0,0,0.0,0.0,0.0
120.700000000,drone0/gps/gps/navsat,52.229811588,21.012570450,9.952,0,0,0,0.0,0.0,0.0
120.900000000,drone0/gps/gps/navsat,52.229807345,21.012558013,2.132,0,0,0,0.0,0.0,0.0
121.100000000,drone0/gps/gps/navsat,52.229779140,21.012540608,5.916,0,0,0,0.0,0.0,0.0
121.200000000,drone0/gps/gps/navsat,52.229796405,21.012549790,2.118,0,0,0,0.0,0.0,0.0
121.400000000,drone0/gps/gps/navsat,52.229783623,21.012553200,-0.462,0,0,0,0.0,0.0,0.0
121.600000000,drone0/gps/gps/navsat,52.229791761,21.012559630,6.641,0,0,0,0.0,0.0,0.0
121.700000000,drone0/gps/gps/navsat,52.229811359,21.012557372,4.359,0,0,0,0.0,0.0,0.0
121.900000000,drone0/gps/gps/navsat,52.229808840,21.012546125,5.762,0,0,0,0.0,0.0,0.0
122.100000000,drone0/gps/gps/navsat,52.229793058,21.012564949,7.879,0,0,0,0.0,0.0,0.0
122.200000000,drone0/gps/gps/navsat,52.229795670,21.012548669,8.985,0,0,0,0.0,0.0,0.0
122.400000000,drone0/gps/gps/navsat,52.229796602,21.012568985,9.548,0,0,0,0.0,0.0,0.0
122.600000000,drone0/gps/gps/navsat,52.229784537,21.012548558,1.043,0,0,0,0.0,0.0,0.0
122.700000000,drone0/gps/gps/navsat,52.229804929,21.012557915,0.080,0,0,0,0.0,0.0,0.0
122.900000000,drone0/gps/gps/navsat,52.229788710,21.012565383,1.158,0,0,0,0.0,0.0,0.0
123.100000000,drone0/gps/gps/navsat,52.229807643,21.012550012,-1.223,0,0,0,0.0,0.0,0.0
123.200000000,drone0/gps/gps/navsat,52.229786226,21.012555641,1.128,0,0,0,0.0,0.0,0.0
123.400000000,drone0/gps/gps/navsat,52.229798905,21.012554349,3.292,0,0,0,0.0,0.0,0.0
123.600000000,drone0/gps/gps/navsat,52.229799096,21.012536377,1.977,0,0,0,0.0,0.0,0.0
123.700000000,drone0/gps/gps/navsat,52.229796577,21.012548951,1.836,0,0,0,0.0,0.0,0.0
123.900000000,drone0/gps/gps/navsat,52.229804572,21.012565875,2.237,0,0,0,0.0,0.0,0.0
124.100000000,drone0/gps/gps/navsat,52.229807884,21.012529776,14.477,0,0,0,0.0,0.0,0.0
124.200000000,drone0/gps/gps/navsat,52.229789453,21.012573845,-1.875,0,0,0,0.0,0.0,0.0
124.400000000,drone0/gps/gps/navsat,52.229803161,21.012553155,-3.651,0,0,0,0.0,0.0,0.0
124.600000000,drone0/gps/gps/navsat,52.229807863,21.012560134,-0.421,0,0,0,0.0,0.0,0.0
124.700000000,drone0/gps/gps/navsat,52.229798420,21.012548477,-1.183,0,0,0,0.0,0.0,0.0
124.900000000,drone0/gps/gps/navsat,52.229806054,21.012565710,3.563,0,0,0,0.0,0.0,0.0
125.100000000,drone0/gps/gps/navsat,52.229795649,21.012567343,0.381,0,0,0,0.0,0.0,0.0
125.200000000,drone0/gps/gps/navsat,52.229791157,21.012561818,5.119,0,0,0,0.0,0.0,0.0
125.400000000,drone0/gps/gps/navsat,52.229796400,21.012548605,2.065,0,0,0,0.0,0.0,0.0
125.600000000,drone0/gps/gps/navsat,52.229814396,21.012561472,2.869,0,0,0,0.0,0.0,0.0
125.700000000,drone0/gps/gps/navsat,52.229786450,21.012551643,-0.294,0,0,0,0.0,0.0,0.0
125.900000000,drone0/gps/gps/navsat,52.229790491,21.012559442,0.557,0,0,0,0.0,0.0,0.0
126.100000000,drone0/gps/gps/navsat,52.229796492,21.012547424,-2.347,0,0,0,0.0,0.0,0.0
126.200000000,drone0/gps/gps/navsat,52.229813591,21.012561158,2.516,0,0,0,0.0,0.0,0.0
126.400000000,drone0/gps/gps/navsat,52.229802942,21.012579956,-1.332,0,0,0,0.0,0.0,0.0
126.600000000,drone0/gps/gps/navsat,52.229815841,21.012571991,1.515,0,0,0,0.0,0.0,0.0
126.700000000,drone0/gps/gps/navsat,52.229810651,21.012583497,-0.824,0,0,0,0.0,0.0,0.0
126.900000000,drone0/gps/gps/navsat,52.229805683,21.012582337,-0.016,0,0,0,0.0,0.0,0.0
127.100000000,drone0/gps/gps/navsat,52.229778113,21.012576940,4.436,0,0,0,0.0,0.0,0.0
127.200000000,drone0/gps/gps/navsat,52.229805016,21.012563890,5.297,0,0,0,0.0,0.0,0.0
127.400000000,drone0/gps/gps/navsat,52.229803190,21.012559837,-1.486,0,0,0,0.0,0.0,0.0
127.600000000,drone0/gps/gps/navsat,52.229774073,21.012582761,5.278,0,0,0,0.0,0.0,0.0
127.700000000,drone0/gps/gps/navsat,52.229786994,21.012578830,7.126,0,0,0,0.0,0.0,0.0
127.900000000,drone0/gps/gps/navsat,52.229778561,21.012561466,0.848,0,0,0,0.0,0.0,0.0
128.100000000,drone0/gps/gps/navsat,52.229828354,21.012580495,-1.855,0,0,0,0.0,0.0,0.0
128.300000000,drone0/gps/gps/navsat,52.229799864,21.012551832,-2.623,0,0,0,0.0,0.0,0.0
129.300000000,drone0/gps/gps/navsat,52.229794636,21.012567036,1.892,0,0,0,0.0,0.0,0.0
129.500000000,drone0/gps/gps/navsat,52.229810336,21.012563854,1.487,0,0,0,0.0,0.0,0.0
129.700000000,drone0/gps/gps/navsat,52.229793483,21.012545926,6.871,0,0,0,0.0,0.0,0.0
129.800000000,drone0/gps/gps/navsat,52.229820294,21.012556867,0.087,0,0,0,0.0,0.0,0.0
130.000000000,drone0/gps/gps/navsat,52.229798941,21.012577703,-2.490,0,0,0,0.0,0.0,0.0
130.200000000,drone0/gps/gps/navsat,52.229758940,21.012565816,4.310,0,0,0,0.0,0.0,0.0
130.300000000,drone0/gps/gps/navsat,52.229770662,21.012570752,0.812,0,0,0,0.0,0.0,0.0
130.500000000,drone0/gps/gps/navsat,52.229767221,21.012581054,1.076,0,0,0,0.0,0.0,0.0
130.700000000,drone0/gps/gps/navsat,52.229783003,21.012565002,5.331,0,0,0,0.0,0.0,0.0
130.800000000,drone0/gps/gps/navsat,52.229773766,21.012561170,6.268,0,0,0,0.0,0.0,0.0
131.000000000,drone0/gps/gps/navsat,52.229784203,21.012564893,-0.037,0,0,0,0.0,0.0,0.0
131.200000000,drone0/gps/gps/navsat,52.229750698,21.012587473,6.261,0,0,0,0.0,0.0,0.0
131.300000000,drone0/gps/gps/navsat,52.229778064,21.012560009,0.734,0,0,0,0.0,0.0,0.0
131.500000000,drone0/gps/gps/navsat,52.229765393,21.012554352,6.227,0,0,0,0.0,0.0,0.0
131.700000000,drone0/gps/gps/navsat,52.229774507,21.012570981,0.861,0,0,0,0.0,0.0,0.0
131.800000000,drone0/gps/gps/navsat,52.229764577,21.012563341,2.715,0,0,0,0.0,0.0,0.0
132.000000000,drone0/gps/gps/navsat,52.229774616,21.012559857,5.859,0,0,0,0.0,0.0,0.0
132.200000000,drone0/gps/gps/navsat,52.229775719,21.012553470,2.174,0,0,0,0.0,0.0,0.0
132.300000000,drone0/gps/gps/navsat,52.229785544,21.012561762,6.134,0,0,0,0.0,0.0,0.0
132.500000000,drone0/gps/gps/navsat,52.229779877,21.012554578,-1.405,0,0,0,0.0,0.0,0.0
132.700000000,drone0/gps/gps/navsat,52.229770342,21.012548081,-1.639,0,0,0,0.0,0.0,0.0
132.800000000,drone0/gps/gps/navsat,52.229748810,21.012544701,3.173,0,0,0,0.0,0.0,0.0
133.000000000,drone0/gps/gps/navsat,52.229756447,21.012559829,0.856,0,0,0,0.0,0.0,0.0
133.200000000,drone0/gps/gps/navsat,52.229766931,21.012564870,1.068,0,0,0,0.0,0.0,0.0
133.300000000,drone0/gps/gps/navsat,52.229764904,21.012541677,2.068,0,0,0,0.0,0.0,0.0
133.500000000,drone0/gps/gps/navsat,52.229751558,21.012577108,1.032,0,0,0,0.0,0.0,0.0
133.700000000,drone0/gps/gps/navsat,52.229759559,21.012569179,3.167,0,0,0,0.0,0.0,0.0
133.800000000,drone0/gps/gps/navsat,52.229762722,21.012581902,2.126,0,0,0,0.0,0.0,0.0
134.000000000,drone0/gps/gps/navsat,52.229766066,21.012579172,2.172,0,0,0,0.0,0.0,0.0
134.200000000,drone0/gps/gps/navsat,52.229740565,21.012585751,6.774,0,0,0,0.0,0.0,0.0
134.300000000,drone0/gps/gps/navsat,52.229735034,21.012539816,8.732,0,0,0,0.0,0.0,0.0
134.500000000,drone0/gps/gps/navsat,52.229770859,21.012585752,1.556,0,0,0,0.0,0.0,0.0
134.700000000,drone0/gps/gps/navsat,52.229746618,21.012578593,2.415,0,0,0,0.0,0.0,0.0
134.800000000,drone0/gps/gps/navsat,52.229741776,21.012558030,1.934,0,0,0,0.0,0.0,0.0
135.000000000,drone0/gps/gps/navsat,52.229750079,21.012547544,5.835,0,0,0,0.0,0.0,0.0
135.200000000,drone0/gps/gps/navsat,52.229761704,21.012573043,6.886,0,0,0,0.0,0.0,0.0
135.300000000,drone0/gps/gps/navsat,52.229766864,21.012542846,0.629,0,0,0,0.0,0.0,0.0
135.500000000,drone0/gps/gps/navsat,52.229748148,21.012580805,-1.387,0,0,0,0.0,0.0,0.0
135.700000000,drone0/gps/gps/navsat,52.229776321,21.012548766,2.185,0,0,0,0.0,0.0,0.0
135.800000000,drone0/gps/gps/navsat,52.229750601,21.012564056,1.798,0,0,0,0.0,0.0,0.0
136.000000000,drone0/gps/gps/navsat,52.229779016,21.012555302,2.085,0,0,0,0.0,0.0,0.0
136.200000000,drone0/gps/gps/navsat,52.229754248,21.012559935,4.260,0,0,0,0.0,0.0,0.0
136.300000000,drone0/gps/gps/navsat,52.229752016,21.012575493,3.173,0,0,0,0.0,0.0,0.0
136.500000000,drone0/gps/gps/navsat,52.229773874,21.012549349,-0.848,0,0,0,0.0,0.0,0.0
136.700000000,drone0/gps/gps/navsat,52.229732344,21.012554086,1.613,0,0,0,0.0,0.0,0.0
136.800000000,drone0/gps/gps/navsat,52.229772582,21.012549938,-2.327,0,0,0,0.0,0.0,0.0
137.700000000,drone0/gps/gps/navsat,52.229749958,21.012582495,0.651,0,0,0,0.0,0.0,0.0
137.800000000,drone0/gps/gps/navsat,52.229789891,21.012582139,3.227,0,0,0,0.0,0.0,0.0
138.000000000,drone0/gps/gps/navsat,52.229759044,21.012573350,1.135,0,0,0,0.0,0.0,0.0
138.200000000,drone0/gps/gps/navsat,52.229779351,21.012574106,5.417,0,0,0,0.0,0.0,0.0
138.300000000,drone0/gps/gps/navsat,52.229770622,21.012572744,2.091,0,0,0,0.0,0.0,0.0
138.500000000,drone0/gps/gps/navsat,52.229745101,21.012570848,7.683,0,0,0,0.0,0.0,0.0
138.700000000,drone0/gps/gps/navsat,52.229764502,21.012546151,-0.704,0,0,0,0.0,0.0,0.0
138.800000000,drone0/gps/gps/navsat,52.229747591,21.012562555,7.034,0,0,0,0.0,0.0,0.0
139.000000000,drone0/gps/gps/navsat,52.229755542,21.012566446,5.954,0,0,0,0.0,0.0,0.0
139.200000000,drone0/gps/gps/navsat,52.229789891,21.012574164,4.301,0,0,0,0.0,0.0,0.0
139.300000000,drone0/gps/gps/navsat,52.229765702,21.012570967,4.371,0,0,0,0.0,0.0,0.0
139.500000000,drone0/gps/gps/navsat,52.229769452,21.012573723,3.312,0,0,0,0.0,0.0,0.0
139.700000000,drone0/gps/gps/navsat,52.229758300,21.012559646,-1.787,0,0,0,0.0,0.0,0.0
139.800000000,drone0/gps/gps/navsat,52.229757880,21.012588309,0.710,0,0,0,0.0,0.0,0.0
140.000000000,drone0/gps/gps/navsat,52.229744481,21.012568997,3.786,0,0,0,0.0,0.0,0.0
140.200000000,drone0/gps/gps/navsat,52.229761949,21.012578600,1.746,0,0,0,0.0,0.0,0.0
140.300000000,drone0/gps/gps/navsat,52.229744545,21.012564955,3.414,0,0,0,0.0,0.0,0.0
140.500000000,drone0/gps/gps/navsat,52.229768645,21.012560591,-3.398,0,0,0,0.0,0.0,0.0
140.700000000,drone0/gps/gps/navsat,52.229748175,21.012563839,2.078,0,0,0,0.0,0.0,0.0
140.800000000,drone0/gps/gps/navsat,52.229786415,21.012571748,3.038,0,0,0,0.0,0.0,0.0
141.000000000,drone0/gps/gps/navsat,52.229753272,21.012573316,-1.428,0,0,0,0.0,0.0,0.0
141.200000000,drone0/gps/gps/navsat,52.229771064,21.012587813,3.417,0,0,0,0.0,0.0,0.0
141.300000000,drone0/gps/gps/navsat,52.229756632,21.012561425,-0.668,0,0,0,0.0,0.0,0.0
141.500000000,drone0/gps/gps/navsat,52.229763657,21.012563531,4.861,0,0,0,0.0,0.0,0.0
141.700000000,drone0/gps/gps/navsat,52.229769369,21.012567340,2.283,0,0,0,0.0,0.0,0.0
141.800000000,drone0/gps/gps/navsat,52.229757547,21.012558157,3.617,0,0,0,0.0,0.0,0.0
142.000000000,drone0/gps/gps/navsat,52.229760832,21.012569972,3.023,0,0,0,0.0,0.0,0.0
142.200000000,drone0/gps/gps/navsat,52.229742624,21.012539893,0.561,0,0,0,0.0,0.0,0.0
142.300000000,drone0/gps/gps/navsat,52.229764655,21.012560684,4.943,0,0,0,0.0,0.0,0.0
142.500000000,drone0/gps/gps/navsat,52.229734400,21.012563065,5.776,0,0,0,0.0,0.0,0.0
142.700000000,drone0/gps/gps/navsat,52.229766566,21.012571485,3.341,0,0,0,0.0,0.0,0.0
142.800000000,drone0/gps/gps/navsat,52.229751835,21.012563496,6.534,0,0,0,0.0,0.0,0.0
143.000000000,drone0/gps/gps/navsat,52.229748072,21.012560130,-0.076,0,0,0,0.0,0.0,0.0
143.200000000,drone0/gps/gps/navsat,52.229726745,21.012549159,-2.086,0,0,0,0.0,0.0,0.0
143.300000000,drone0/gps/gps/navsat,52.229753821,21.012543003,6.325,0,0,0,0.0,0.0,0.0
143.500000000,drone0/gps/gps/navsat,52.229733866,21.012575358,3.685,0,0,0,0.0,0.0,0.0
143.700000000,drone0/gps/gps/navsat,52.229737929,21.012541659,4.506,0,0,0,0.0,0.0,0.0
143.800000000,drone0/gps/gps/navsat,52.229763278,21.012563420,0.247,0,0,0,0.0,0.0,0.0
144.000000000,drone0/gps/gps/navsat,52.229752343,21.012566135,4.710,0,0,0,0.0,0.0,0.0
144.200000000,drone0/gps/gps/navsat,52.229749838,21.012586462,6.649,0,0,0,0.0,0.0,0.0
144.300000000,drone0/gps/gps/navsat,52.229748837,21.012557486,4.390,0,0,0,0.0,0.0,0.0
144.500000000,drone0/gps/gps/navsat,52.229729455,21.012570939,4.612,0,0,0,0.0,0.0,0.0
144.700000000,drone0/gps/gps/navsat,52.229706283,21.012556530,1.547,0,0,0,0.0,0.0,0.0
144.800000000,drone0/gps/gps/navsat,52.229757209,21.012573521,6.512,0,0,0,0.0,0.0,0.0
145.000000000,drone0/gps/gps/navsat,52.229743242,21.012571419,4.476,0,0,0,0.0,0.0,0.0
145.200000000,drone0/gps/gps/navsat,52.229753365,21.012558322,3.431,0,0,0,0.0,0.0,0.0
145.300000000,drone0/gps/gps/navsat,52.229739408,21.012572955,2.168,0,0,0,0.0,0.0,0.0
145.500000000,drone0/gps/gps/navsat,52.229714016,21.012567049,-4.829,0,0,0,0.0,0.0,0.0
145.700000000,drone0/gps/gps/navsat,52.229726384,21.012564779,3.054,0,0,0,0.0,0.0,0.0
145.800000000,drone0/gps/gps/navsat,52.229723051,21.012568976,5.194,0,0,0,0.0,0.0,0.0
146.000000000,drone0/gps/gps/navsat,52.229745364,21.012554351,1.224,0,0,0,0.0,0.0,0.0
146.200000000,drone0/gps/gps/navsat,52.229711603,21.012560174,3.981,0,0,0,0.0,0.0,0.0
146.300000000,drone0/gps/gps/navsat,52.229719979,21.012558770,3.602,0,0,0,0.0,0.0,0.0
147.200000000,drone0/gps/gps/navsat,52.229739201,21.012570081,6.423,0,0,0,0.0,0.0,0.0
147.300000000,drone0/gps/gps/navsat,52.229694133,21.012577788,3.951,0,0,0,0.0,0.0,0.0
147.500000000,drone0/gps/gps/navsat,52.229734086,21.012549596,3.083,0,0,0,0.0,0.0,0.0
147.700000000,drone0/gps/gps/navsat,52.229745070,21.012564942,-2.542,0,0,0,0.0,0.0,0.0
147.800000000,drone0/gps/gps/navsat,52.229721233,21.012566739,1.653,0,0,0,0.0,0.0,0.0
148.000000000,drone0/gps/gps/navsat,52.229730798,21.012557312,-3.082,0,0,0,0.0,0.0,0.0
148.200000000,drone0/gps/gps/navsat,52.229732458,21.012570039,3.299,0,0,0,0.0,0.0,0.0
148.300000000,drone0/gps/gps/navsat,52.229751354,21.012554555,3.608,0,0,0,0.0,0.0,0.0
148.500000000,drone0/gps/gps/navsat,52.229710779,21.012577320,3.289,0,0,0,0.0,0.0,0.0
148.700000000,drone0/gps/gps/navsat,52.229728127,21.012568875,0.390,0,0,0,0.0,0.0,0.0
148.800000000,drone0/gps/gps/navsat,52.229716542,21.012572559,6.270,0,0,0,0.0,0.0,0.0
149.000000000,drone0/gps/gps/navsat,52.229741679,21.012583833,1.724,0,0,0,0.0,0.0,0.0
149.200000000,drone0/gps/gps/navsat,52.229722235,21.012556742,4.029,0,0,0,0.0,0.0,0.0
149.300000000,drone0/gps/gps/navsat,52.229728157,21.012547558,3.501,0,0,0,0.0,0.0,0.0
149.500000000,drone0/gps/gps/navsat,52.229730946,21.012565182,0.178,0,0,0,0.0,0.0,0.0
149.700000000,drone0/gps/gps/navsat,52.229746748,21.012543363,3.337,0,0,0,0.0,0.0,0.0
149.800000000,drone0/gps/gps/navsat,52.229750892,21.012566308,1.459,0,0,0,0.0,0.0,0.0
150.000000000,drone0/gps/gps/navsat,52.229734722,21.012589638,2.545,0,0,0,0.0,0.0,0.0
150.200000000,drone0/gps/gps/navsat,52.229730708,21.012576383,7.384,0,0,0,0.0,0.0,0.0
150.300000000,drone0/gps/gps/navsat,52.229753707,21.012561905,5.986,0,0,0,0.0,0.0,0.0
150.500000000,drone0/gps/gps/navsat,52.229727194,21.012563222,5.025,0,0,0,0.0,0.0,0.0
150.700000000,drone0/gps/gps/navsat,52.229739381,21.012559574,3.508,0,0,0,0.0,0.0,0.0
150.800000000,drone0/gps/gps/navsat,52.229755908,21.012567054,3.690,0,0,0,0.0,0.0,0.0
151.000000000,drone0/gps/gps/navsat,52.229748333,21.012582047,5.577,0,0,0,0.0,0.0,0.0
151.200000000,drone0/gps/gps/navsat,52.229739565,21.012598105,2.946,0,0,0,0.0,0.0,0.0
151.300000000,drone0/gps/gps/navsat,52.229717752,21.012565980,6.400,0,0,0,0.0,0.0,0.0
151.500000000,drone0/gps/gps/navsat,52.229732244,21.012553727,1.209,0,0,0,0.0,0.0,0.0
151.700000000,drone0/gps/gps/navsat,52.229748840,21.012565387,9.903,0,0,0,0.0,0.0,0.0
151.800000000,drone0/gps/gps/navsat,52.229729529,21.012576370,9.351,0,0,0,0.0,0.0,0.0
152.000000000,drone0/gps/gps/navsat,52.229728426,21.012561251,6.117,0,0,0,0.0,0.0,0.0
152.200000000,drone0/gps/gps/navsat,52.229714949,21.012592224,3.046,0,0,0,0.0,0.0,0.0
152.300000000,drone0/gps/gps/navsat,52.229736985,21.012558075,3.438,0,0,0,0.0,0.0,0.0
152.500000000,drone0/gps/gps/navsat,52.229731421,21.012559871,5.670,0,0,0,0.0,0.0,0.0
152.700000000,drone0/gps/gps/navsat,52.229749436,21.012582870,3.834,0,0,0,0.0,0.0,0.0
152.800000000,drone0/gps/gps/navsat,52.229722652,21.012567713,1.413,0,0,0,0.0,0.0,0.0
153.000000000,drone0/gps/gps/navsat,52.229721086,21.012569587,6.565,0,0,0,0.0,0.0,0.0
153.200000000,drone0/gps/gps/navsat,52.229723642,21.012591192,6.532,0,0,0,0.0,0.0,0.0
153.300000000,drone0/gps/gps/navsat,52.229734920,21.012552231,5.584,0,0,0,0.0,0.0,0.0
153.500000000,drone0/gps/gps/navsat,52.229735919,21.012557565,4.545,0,0,0,0.0,0.0,0.0
153.700000000,drone0/gps/gps/navsat,52.229735555,21.012598623,2.545,0,0,0,0.0,0.0,0.0
153.800000000,drone0/gps/gps/navsat,52.229733846,21.012583895,-2.006,0,0,0,0.0,0.0,0.0
154.000000000,drone0/gps/gps/navsat,52.229729336,21.012562753,4.982,0,0,0,0.0,0.0,0.0
154.200000000,drone0/gps/gps/navsat,52.229728832,21.012562212,0.156,0,0,0,0.0,0.0,0.0
154.300000000,drone0/gps/gps/navsat,52.229751221,21.012571625,4.209,0,0,0,0.0,0.0,0.0
154.500000000,drone0/gps/gps/navsat,52.229732716,21.012567941,5.786,0,0,0,0.0,0.0,0.0
154.700000000,drone0/gps/gps/navsat,52.229723549,21.012572008,3.762,0,0,0,0.0,0.0,0.0
154.800000000,drone0/gps/gps/navsat,52.229715132,21.012570568,0.900,0,0,0,0.0,0.0,0.0
155.000000000,drone0/gps/gps/navsat,52.229758781,21.012560312,0.266,0,0,0,0.0,0.0,0.0
155.200000000,drone0/gps/gps/navsat,52.229713668,21.012561205,6.231,0,0,0,0.0,0.0,0.0
155.300000000,drone0/gps/gps/navsat,52.229714280,21.012553070,0.805,0,0,0,0.0,0.0,0.0
155.500000000,drone0/gps/gps/navsat,52.229723598,21.012555921,3.035,0,0,0,0.0,0.0,0.0
155.700000000,drone0/gps/gps/navsat,52.229701668,21.012603065,3.550,0,0,0,0.0,0.0,0.0
156.600000000,drone0/gps/gps/navsat,52.229712957,21.012567610,8.666,0,0,0,0.0,0.0,0.0
156.800000000,drone0/gps/gps/navsat,52.229744022,21.012552807,6.863,0,0,0,0.0,0.0,0.0
157.000000000,drone0/gps/gps/navsat,52.229688915,21.012540713,0.615,0,0,0,0.0,0.0,0.0
157.200000000,drone0/gps/gps/navsat,52.229725955,21.012553201,6.185,0,0,0,0.0,0.0,0.0
157.300000000,drone0/gps/gps/navsat,52.229730566,21.012539278,1.839,0,0,0,0.0,0.0,0.0
157.500000000,drone0/gps/gps/navsat,52.229747638,21.012550929,6.047,0,0,0,0.0,0.0,0.0
157.700000000,drone0/gps/gps/navsat,52.229721395,21.012541422,4.872,0,0,0,0.0,0.0,0.0
157.800000000,drone0/gps/gps/navsat,52.229721466,21.012570723,-0.506,0,0,0,0.0,0.0,0.0
158.000000000,drone0/gps/gps/navsat,52.229719859,21.012547753,2.816,0,0,0,0.0,0.0,0.0
158.200000000,drone0/gps/gps/navsat,52.229733490,21.012555262,-0.357,0,0,0,0.0,0.0,0.0
158.300000000,drone0/gps/gps/navsat,52.229692117,21.012553487,5.532,0,0,0,0.0,0.0,0.0
158.500000000,drone0/gps/gps/navsat,52.229726570,21.012537183,3.382,0,0,0,0.0,0.0,0.0
158.700000000,drone0/gps/gps/navsat,52.229727902,21.012543772,2.056,0,0,0,0.0,0.0,0.0
158.800000000,drone0/gps/gps/navsat,52.229717008,21.012541788,5.612,0,0,0,0.0,0.0,0.0
159.000000000,drone0/gps/gps/navsat,52.229726418,21.012517100,4.220,0,0,0,0.0,0.0,0.0
159.200000000,drone0/gps/gps/navsat,52.229719383,21.012538802,4.867,0,0,0,0.0,0.0,0.0
159.300000000,drone0/gps/gps/navsat,52.229716530,21.012522980,7.556,0,0,0,0.0,0.0,0.0
159.500000000,drone0/gps/gps/navsat,52.229693294,21.012547833,6.577,0,0,0,0.0,0.0,0.0
159.700000000,drone0/gps/gps/navsat,52.229702352,21.012564920,-2.352,0,0,0,0.0,0.0,0.0
159.800000000,drone0/gps/gps/navsat,52.229717110,21.012554614,0.055,0,0,0,0.0,0.0,0.0
160.000000000,drone0/gps/gps/navsat,52.229713813,21.012551248,4.599,0,0,0,0.0,0.0,0.0
160.200000000,drone0/gps/gps/navsat,52.229713893,21.012542245,2.592,0,0,0,0.0,0.0,0.0
160.300000000,drone0/gps/gps/navsat,52.229707295,21.012533016,-1.619,0,0,0,0.0,0.0,0.0
160.500000000,drone0/gps/gps/navsat,52.229682011,21.012563521,7.868,0,0,0,0.0,0.0,0.0
160.700000000,drone0/gps/gps/navsat,52.229695002,21.012549362,2.627,0,0,0,0.0,0.0,0.0
160.800000000,drone0/gps/gps/navsat,52.229723745,21.012556801,1.556,0,0,0,0.0,0.0,0.0
161.000000000,drone0/gps/gps/navsat,52.229708848,21.012572840,5.304,0,0,0,0.0,0.0,0.0
161.200000000,drone0/gps/gps/navsat,52.229715305,21.012541798,6.889,0,0,0,0.0,0.0,0.0
161.300000000,drone0/gps/gps/navsat,52.229697195,21.012550484,6.365,0,0,0,0.0,0.0,0.0
161.500000000,drone0/gps/gps/navsat,52.229686751,21.012551954,3.868,0,0,0,0.0,0.0,0.0
161.700000000,drone0/gps/gps/navsat,52.229697245,21.012544672,2.342,0,0,0,0.0,0.0,0.0
161.800000000,drone0/gps/gps/navsat,52.229700490,21.012545683,6.243,0,0,0,0.0,0.0,0.0
162.000000000,drone0/gps/gps/navsat,52.229708392,21.012548805,6.174,0,0,0,0.0,0.0,0.0
162.200000000,drone0/gps/gps/navsat,52.229707566,21.012548122,8.145,0,0,0,0.0,0.0,0.0
162.300000000,drone0/gps/gps/navsat,52.229697370,21.012544012,-4.139,0,0,0,0.0,0.0,0.0
162.500000000,drone0/gps/gps/navsat,52.229700730,21.012569266,1.857,0,0,0,0.0,0.0,0.0
162.700000000,drone0/gps/gps/navsat,52.229690504,21.012562680,7.400,0,0,0,0.0,0.0,0.0
162.800000000,drone0/gps/gps/navsat,52.229702967,21.012557395,6.867,0,0,0,0.0,0.0,0.0
163.000000000,drone0/gps/gps/navsat,52.229714426,21.012547558,3.250,0,0,0,0.0,0.0,0.0
163.200000000,drone0/gps/gps/navsat,52.229704023,21.012551616,10.339,0,0,0,0.0,0.0,0.0
163.300000000,drone0/gps/gps/navsat,52.229683854,21.012538635,3.134,0,0,0,0.0,0.0,0.0
163.500000000,drone0/gps/gps/navsat,52.229688364,21.012536135,3.228,0,0,0,0.0,0.0,0.0
163.700000000,drone0/gps/gps/navsat,52.229707541,21.012550013,8.310,0,0,0,0.0,0.0,0.0
163.800000000,drone0/gps/gps/navsat,52.229717989,21.012557276,8.765,0,0,0,0.0,0.0,0.0
164.000000000,drone0/gps/gps/navsat,52.229699315,21.012544222,4.947,0,0,0,0.0,0.0,0.0
164.200000000,drone0/gps/gps/navsat,52.229695373,21.012548068,4.372,0,0,0,0.0,0.0,0.0
164.300000000,drone0/gps/gps/navsat,52.229669339,21.012536005,8.180,0,0,0,0.0,0.0,0.0
164.500000000,drone0/gps/gps/navsat,52.229710941,21.012537434,4.500,0,0,0,0.0,0.0,0.0
164.700000000,drone0/gps/gps/navsat,52.229704895,21.012532871,6.506,0,0,0,0.0,0.0,0.0
164.800000000,drone0/gps/gps/navsat,52.229684248,21.012542574,0.299,0,0,0,0.0,0.0,0.0
165.000000000,drone0/gps/gps/navsat,52.229717723,21.012535347,10.102,0,0,0,0.0,0.0,0.0
166.100000000,drone0/gps/gps/navsat,52.229709053,21.012551549,4.309,0,0,0,0.0,0.0,0.0
166.300000000,drone0/gps/gps/navsat,52.229705198,21.012570828,4.341,0,0,0,0.0,0.0,0.0
166.500000000,drone0/gps/gps/navsat,52.229691560,21.012527213,4.542,0,0,0,0.0,0.0,0.0
166.700000000,drone0/gps/gps/navsat,52.229703845,21.012513747,9.916,0,0,0,0.0,0.0,0.0
166.800000000,drone0/gps/gps/navsat,52.229685497,21.012550523,5.984,0,0,0,0.0,0.0,0.0
167.000000000,drone0/gps/gps/navsat,52.229694712,21.012517186,4.976,0,0,0,0.0,0.0,0.0
167.200000000,drone0/gps/gps/navsat,52.229695500,21.012534823,5.317,0,0,0,0.0,0.0,0.0
167.300000000,drone0/gps/gps/navsat,52.229689385,21.012536594,2.016,0,0,0,0.0,0.0,0.0
167.500000000,drone0/gps/gps/navsat,52.229714857,21.012525149,4.940,0,0,0,0.0,0.0,0.0
167.700000000,drone0/gps/gps/navsat,52.229699094,21.012528835,0.195,0,0,0,0.0,0.0,0.0
167.800000000,drone0/gps/gps/navsat,52.229708633,21.012521654,4.220,0,0,0,0.0,0.0,0.0
168.000000000,drone0/gps/gps/navsat,52.229685161,21.012510556,2.979,0,0,0,0.0,0.0,0.0
168.200000000,drone0/gps/gps/navsat,52.229691199,21.012494426,6.224,0,0,0,0.0,0.0,0.0
168.300000000,drone0/gps/gps/navsat,52.229683620,21.012520110,7.411,0,0,0,0.0,0.0,0.0
168.500000000,drone0/gps/gps/navsat,52.229700807,21.012486366,-0.453,0,0,0,0.0,0.0,0.0
168.700000000,drone0/gps/gps/navsat,52.229708361,21.012500843,4.638,0,0,0,0.0,0.0,0.0
168.800000000,drone0/gps/gps/navsat,52.229689022,21.012506404,3.036,0,0,0,0.0,0.0,0.0
169.000000000,drone0/gps/gps/navsat,52.229693879,21.012505162,0.487,0,0,0,0.0,0.0,0.0
169.200000000,drone0/gps/gps/navsat,52.229710049,21.012514708,7.079,0,0,0,0.0,0.0,0.0
169.300000000,drone0/gps/gps/navsat,52.229676969,21.012524809,5.378,0,0,0,0.0,0.0,0.0
169.500000000,drone0/gps/gps/navsat,52.229712388,21.012500890,5.484,0,0,0,0.0,0.0,0.0
169.700000000,drone0/gps/gps/navsat,52.229703610,21.012508717,6.150,0,0,0,0.0,0.0,0.0
169.800000000,drone0/gps/gps/navsat,52.229701738,21.012489117,4.380,0,0,0,0.0,0.0,0.0
170.000000000,drone0/gps/gps/navsat,52.229703572,21.012507040,4.520,0,0,0,0.0,0.0,0.0
170.200000000,drone0/gps/gps/navsat,52.229706328,21.012509019,9.277,0,0,0,0.0,0.0,0.0
170.300000000,drone0/gps/gps/navsat,52.229678378,21.012485267,0.279,0,0,0,0.0,0.0,0.0
170.500000000,drone0/gps/gps/navsat,52.229719676,21.012502556,-0.368,0,0,0,0.0,0.0,0.0
170.700000000,drone0/gps/gps/navsat,52.229697343,21.012524714,4.293,0,0,0,0.0,0.0,0.0
170.800000000,drone0/gps/gps/navsat,52.229684391,21.012498017,3.764,0,0,0,0.0,0.0,0.0
171.000000000,drone0/gps/gps/navsat,52.229693765,21.012494786,4.828,0,0,0,0.0,0.0,0.0
171.200000000,drone0/gps/gps/navsat,52.229693599,21.012504342,5.879,0,0,0,0.0,0.0,0.0
171.300000000,drone0/gps/gps/navsat,52.229720085,21.012505959,0.936,0,0,0,0.0,0.0,0.0
171.500000000,drone0/gps/gps/navsat,52.229699018,21.012489780,4.714,0,0,0,0.0,0.0,0.0
171.700000000,drone0/gps/gps/navsat,52.229707216,21.012498324,-1.186,0,0,0,0.0,0.0,0.0
171.800000000,drone0/gps/gps/navsat,52.229710815,21.012511343,7.206,0,0,0,0.0,0.0,0.0
172.000000000,drone0/gps/gps/navsat,52.229683797,21.012502973,2.946,0,0,0,0.0,0.0,0.0
172.200000000,drone0/gps/gps/navsat,52.229682557,21.012515434,8.402,0,0,0,0.0,0.0,0.0
172.300000000,drone0/gps/gps/navsat,52.229727023,21.012507388,1.118,0,0,0,0.0,0.0,0.0
172.500000000,drone0/gps/gps/navsat,52.229682495,21.012495331,5.586,0,0,0,0.0,0.0,0.0
172.700000000,drone0/gps/gps/navsat,52.229671628,21.012503183,3.516,0,0,0,0.0,0.0,0.0
172.800000000,drone0/gps/gps/navsat,52.229704865,21.012490790,1.472,0,0,0,0.0,0.0,0.0
173.000000000,drone0/gps/gps/navsat,52.229692624,21.012498394,4.640,0,0,0,0.0,0.0,0.0
173.200000000,drone0/gps/gps/navsat,52.229710059,21.012497099,7.503,0,0,0,0.0,0.0,0.0
173.300000000,drone0/gps/gps/navsat,52.229693933,21.012486774,4.469,0,0,0,0.0,0.0,0.0
173.500000000,drone0/gps/gps/navsat,52.229687300,21.012504172,0.423,0,0,0,0.0,0.0,0.0
173.700000000,drone0/gps/gps/navsat,52.229699650,21.012496608,3.232,0,0,0,0.0,0.0,0.0
173.800000000,drone0/gps/gps/navsat,52.229692261,21.012503102,1.132,0,0,0,0.0,0.0,0.0
174.000000000,drone0/gps/gps/navsat,52.229689360,21.012496081,3.912,0,0,0,0.0,0.0,0.0
174.900000000,drone0/gps/gps/navsat,52.229698254,21.012483635,3.184,0,0,0,0.0,0.0,0.0
175.100000000,drone0/gps/gps/navsat,52.229718278,21.012510518,4.334,0,0,0,0.0,0.0,0.0
175.300000000,drone0/gps/gps/navsat,52.229686248,21.012494107,8.684,0,0,0,0.0,0.0,0.0
175.500000000,drone0/gps/gps/navsat,52.229676332,21.012523615,2.772,0,0,0,0.0,0.0,0.0
175.700000000,drone0/gps/gps/navsat,52.229700960,21.012488447,1.669,0,0,0,0.0,0.0,0.0
175.800000000,drone0/gps/gps/navsat,52.229699681,21.012489460,3.636,0,0,0,0.0,0.0,0.0
176.000000000,drone0/gps/gps/navsat,52.229694433,21.012511060,3.512,0,0,0,0.0,0.0,0.0
176.200000000,drone0/gps/gps/navsat,52.229694265,21.012483224,8.179,0,0,0,0.0,0.0,0.0
176.300000000,drone0/gps/gps/navsat,52.229702302,21.012509660,2.792,0,0,0,0.0,0.0,0.0
176.500000000,drone0/gps/gps/navsat,52.229695389,21.012511978,2.295,0,0,0,0.0,0.0,0.0
176.700000000,drone0/gps/gps/navsat,52.229682773,21.012492414,3.854,0,0,0,0.0,0.0,0.0
176.800000000,drone0/gps/gps/navsat,52.229688069,21.012493419,1.797,0,0,0,0.0,0.0,0.0
177.000000000,drone0/gps/gps/navsat,52.229703827,21.012474777,4.133,0,0,0,0.0,0.0,0.0
177.200000000,drone0/gps/gps/navsat,52.229704766,21.012504973,-1.116,0,0,0,0.0,0.0,0.0
177.300000000,drone0/gps/gps/navsat,52.229687301,21.012488278,-2.410,0,0,0,0.0,0.0,0.0
177.500000000,drone0/gps/gps/navsat,52.229700120,21.012523924,-0.830,0,0,0,0.0,0.0,0.0
177.700000000,drone0/gps/gps/navsat,52.229696058,21.012486390,0.401,0,0,0,0.0,0.0,0.0
177.800000000,drone0/gps/gps/navsat,52.229684824,21.012486517,1.607,0,0,0,0.0,0.0,0.0
178.000000000,drone0/gps/gps/navsat,52.229694534,21.012501093,2.005,0,0,0,0.0,0.0,0.0
178.200000000,drone0/gps/gps/navsat,52.229696265,21.012498390,6.551,0,0,0,0.0,0.0,0.0
178.300000000,drone0/gps/gps/navsat,52.229690043,21.012503070,-0.816,0,0,0,0.0,0.0,0.0
178.500000000,drone0/gps/gps/navsat,52.229696592,21.012482053,8.191,0,0,0,0.0,0.0,0.0
178.700000000,drone0/gps/gps/navsat,52.229672805,21.012512773,2.290,0,0,0,0.0,0.0,0.0
178.800000000,drone0/gps/gps/navsat,52.229701209,21.012506250,1.592,0,0,0,0.0,0.0,0.0
179.000000000,drone0/gps/gps/navsat,52.229689744,21.012502028,0.144,0,0,0,0.0,0.0,0.0
179.200000000,drone0/gps/gps/navsat,52.229711040,21.012485974,3.137,0,0,0,0.0,0.0,0.0
179.300000000,drone0/gps/gps/navsat,52.229713109,21.012485736,5.623,0,0,0,0.0,0.0,0.0
179.500000000,drone0/gps/gps/navsat,52.229684815,21.012497342,3.306,0,0,0,0.0,0.0,0.0
179.700000000,drone0/gps/gps/navsat,52.229678484,21.012508461,9.442,0,0,0,0.0,0.0,0.0
179.800000000,drone0/gps/gps/navsat,52.229687302,21.012521583,5.588,0,0,0,0.0,0.0,0.0
180.200000000,drone0/gps/gps/navsat,52.229709358,21.012488803,-1.904,0,0,0,0.0,0.0,0.0
180.300000000,drone0/gps/gps/navsat,52.229698571,21.012518428,5.303,0,0,0,0.0,0.0,0.0
180.500000000,drone0/gps/gps/navsat,52.229712085,21.012509171,-1.090,0,0,0,0.0,0.0,0.0
180.700000000,drone0/gps/gps/navsat,52.229693059,21.012522464,7.481,0,0,0,0.0,0.0,0.0
180.800000000,drone0/gps/gps/navsat,52.229695286,21.012479794,3.299,0,0,0,0.0,0.0,0.0
181.000000000,drone0/gps/gps/navsat,52.229705949,21.012481301,2.390,0,0,0,0.0,0.0,0.0
181.200000000,drone0/gps/gps/navsat,52.229665011,21.012506188,7.126,0,0,0,0.0,0.0,0.0
181.300000000,drone0/gps/gps/navsat,52.229703082,21.012514602,5.557,0,0,0,0.0,0.0,0.0
181.500000000,drone0/gps/gps/navsat,52.229691162,21.012472914,7.567,0,0,0,0.0,0.0,0.0
181.700000000,drone0/gps/gps/navsat,52.229682638,21.012493623,4.297,0,0,0,0.0,0.0,0.0
181.800000000,drone0/gps/gps/navsat,52.229690333,21.012515811,3.669,0,0,0,0.0,0.0,0.0
182.000000000,drone0/gps/gps/navsat,52.229683501,21.012522506,4.245,0,0,0,0.0,0.0,0.0
182.200000000,drone0/gps/gps/navsat,52.229688424,21.012517207,3.762,0,0,0,0.0,0.0,0.0
182.300000000,drone0/gps/gps/navsat,52.229700235,21.012509420,1.435,0,0,0,0.0,0.0,0.0
182.500000000,drone0/gps/gps/navsat,52.229697534,21.012533403,1.625,0,0,0,0.0,0.0,0.0
182.700000000,drone0/gps/gps/navsat,52.229702675,21.012478457,0.457,0,0,0,0.0,0.0,0.0
182.800000000,drone0/gps/gps/navsat,52.229684355,21.012501783,1.295,0,0,0,0.0,0.0,0.0
183.000000000,drone0/gps/gps/navsat,52.229701054,21.012495391,1.953,0,0,0,0.0,0.0,0.0
183.200000000,drone0/gps/gps/navsat,52.229690779,21.012486019,3.709,0,0,0,0.0,0.0,0.0
183.300000000,drone0/gps/gps/navsat,52.229695566,21.012495438,1.737,0,0,0,0.0,0.0,0.0
183.500000000,drone0/gps/gps/navsat,52.229688001,21.012508101,1.248,0,0,0,0.0,0.0,0.0
183.700000000,drone0/gps/gps/navsat,52.229703345,21.012502820,6.245,0,0,0,0.0,0.0,0.0
183.800000000,drone0/gps/gps/navsat,52.229702168,21.012521012,6.434,0,0,0,0.0,0.0,0.0
184.000000000,drone0/gps/gps/navsat,52.229696797,21.012501549,7.074,0,0,0,0.0,0.0,0.0
184.200000000,drone0/gps/gps/navsat,52.229694802,21.012503033,8.293,0,0,0,0.0,0.0,0.0
184.300000000,drone0/gps/gps/navsat,52.229664708,21.012474483,1.572,0,0,0,0.0,0.0,0.0
184.500000000,drone0/gps/gps/navsat,52.229702226,21.012513873,1.395,0,0,0,0.0,0.0,0.0
184.700000000,drone0/gps/gps/navsat,52.229674314,21.012503121,10.725,0,0,0,0.0,0.0,0.0
184.800000000,drone0/gps/gps/navsat,52.229672562,21.012498063,3.313,0,0,0,0.0,0.0,0.0
185.000000000,drone0/gps/gps/navsat,52.229714417,21.012505872,6.204,0,0,0,0.0,0.0,0.0
185.200000000,drone0/gps/gps/navsat,52.229690771,21.012501932,2.875,0,0,0,0.0,0.0,0.0
185.300000000,drone0/gps/gps/navsat,52.229688596,21.012511039,5.855,0,0,0,0.0,0.0,0.0
185.500000000,drone0/gps/gps/navsat,52.229673205,21.012472851,2.441,0,0,0,0.0,0.0,0.0
185.700000000,drone0/gps/gps/navsat,52.229703468,21.012493603,2.443,0,0,0,0.0,0.0,0.0
185.800000000,drone0/gps/gps/navsat,52.229693936,21.012501253,1.874,0,0,0,0.0,0.0,0.0
186.000000000,drone0/gps/gps/navsat,52.229676082,21.012493098,0.647,0,0,0,0.0,0.0,0.0
186.200000000,drone0/gps/gps/navsat,52.229671165,21.012502061,6.705,0,0,0,0.0,0.0,0.0
186.300000000,drone0/gps/gps/navsat,52.229682616,21.012487610,-0.025,0,0,0,0.0,0.0,0.0
186.500000000,drone0/gps/gps/navsat,52.229661008,21.012510670,5.056,0,0,0,0.0,0.0,0.0
186.700000000,drone0/gps/gps/navsat,52.229654461,21.012506657,4.931,0,0,0,0.0,0.0,0.0
186.800000000,drone0/gps/gps/navsat,52.229700365,21.012506051,6.395,0,0,0,0.0,0.0,0.0
187.000000000,drone0/gps/gps/navsat,52.229676001,21.012512328,7.498,0,0,0,0.0,0.0,0.0
187.200000000,drone0/gps/gps/navsat,52.229661622,21.012499506,0.558,0,0,0,0.0,0.0,0.0
187.300000000,drone0/gps/gps/navsat,52.229667954,21.012481516,3.497,0,0,0,0.0,0.0,0.0
187.500000000,drone0/gps/gps/navsat,52.229649780,21.012503990,7.036,0,0,0,0.0,0.0,0.0
187.700000000,drone0/gps/gps/navsat,52.229672960,21.012512191,12.411,0,0,0,0.0,0.0,0.0
187.800000000,drone0/gps/gps/navsat,52.229680943,21.012487978,3.110,0,0,0,0.0,0.0,0.0
188.000000000,drone0/gps/gps/navsat,52.229697101,21.012486363,4.313,0,0,0,0.0,0.0,0.0
188.200000000,drone0/gps/gps/navsat,52.229669144,21.012484966,2.997,0,0,0,0.0,0.0,0.0
188.300000000,drone0/gps/gps/navsat,52.229641021,21.012490312,-1.123,0,0,0,0.0,0.0,0.0
188.500000000,drone0/gps/gps/navsat,52.229675150,21.012495697,3.896,0,0,0,0.0,0.0,0.0
188.700000000,drone0/gps/gps/navsat,52.229683334,21.012493976,4.677,0,0,0,0.0,0.0,0.0
188.800000000,drone0/gps/gps/navsat,52.229659668,21.012511677,8.057,0,0,0,0.0,0.0,0.0
189.000000000,drone0/gps/gps/navsat,52.229699583,21.012485567,4.039,0,0,0,0.0,0.0,0.0
189.200000000,drone0/gps/gps/navsat,52.229649242,21.012490769,5.629,0,0,0,0.0,0.0,0.0
189.300000000,drone0/gps/gps/navsat,52.229689993,21.012465466,2.329,0,0,0,0.0,0.0,0.0
189.500000000,drone0/gps/gps/navsat,52.229680632,21.012497419,3.955,0,0,0,0.0,0.0,0.0
189.700000000,drone0/gps/gps/navsat,52.229663681,21.012522988,5.950,0,0,0,0.0,0.0,0.0
189.800000000,drone0/gps/gps/navsat,52.229671225,21.012497815,7.634,0,0,0,0.0,0.0,0.0
190.000000000,drone0/gps/gps/navsat,52.229664158,21.012510968,1.940,0,0,0,0.0,0.0,0.0
190.200000000,drone0/gps/gps/navsat,52.229665371,21.012486828,0.859,0,0,0,0.0,0.0,0.0
190.300000000,drone0/gps/gps/navsat,52.229680247,21.012494014,0.649,0,0,0,0.0,0.0,0.0
190.500000000,drone0/gps/gps/navsat,52.229676293,21.012478696,3.581,0,0,0,0.0,0.0,0.0
190.700000000,drone0/gps/gps/navsat,52.229666366,21.012490458,0.886,0,0,0,0.0,0.0,0.0
190.800000000,drone0/gps/gps/navsat,52.229629329,21.012464526,2.760,0,0,0,0.0,0.0,0.0
191.000000000,drone0/gps/gps/navsat,52.229655120,21.012492354,6.141,0,0,0,0.0,0.0,0.0
191.200000000,drone0/gps/gps/navsat,52.229658967,21.012478041,7.037,0,0,0,0.0,0.0,0.0
191.300000000,drone0/gps/gps/navsat,52.229659381,21.012491582,-3.994,0,0,0,0.0,0.0,0.0
191.500000000,drone0/gps/gps/navsat,52.229637906,21.012496610,-0.571,0,0,0,0.0,0.0,0.0
191.700000000,drone0/gps/gps/navsat,52.229647469,21.012485230,1.574,0,0,0,0.0,0.0,0.0
191.800000000,drone0/gps/gps/navsat,52.229625164,21.012498664,10.470,0,0,0,0.0,0.0,0.0
192.000000000,drone0/gps/gps/navsat,52.229637065,21.012493297,5.870,0,0,0,0.0,0.0,0.0
192.200000000,drone0/gps/gps/navsat,52.229631485,21.012498412,4.054,0,0,0,0.0,0.0,0.0
192.300000000,drone0/gps/gps/navsat,52.229630641,21.012485767,4.810,0,0,0,0.0,0.0,0.0
192.500000000,drone0/gps/gps/navsat,52.229632284,21.012525294,2.523,0,0,0,0.0,0.0,0.0
192.700000000,drone0/gps/gps/navsat,52.229657813,21.012500195,9.329,0,0,0,0.0,0.0,0.0
192.800000000,drone0/gps/gps/navsat,52.229640098,21.012527039,5.800,0,0,0,0.0,0.0,0.0
193.000000000,drone0/gps/gps/navsat,52.229658415,21.012483684,1.616,0,0,0,0.0,0.0,0.0
193.200000000,drone0/gps/gps/navsat,52.229640571,21.012490295,0.441,0,0,0,0.0,0.0,0.0
193.300000000,drone0/gps/gps/navsat,52.229653627,21.012472348,2.007,0,0,0,0.0,0.0,0.0
193.500000000,drone0/gps/gps/navsat,52.229646315,21.012491961,5.166,0,0,0,0.0,0.0,0.0
193.700000000,drone0/gps/gps/navsat,52.229627511,21.012499296,8.211,0,0,0,0.0,0.0,0.0
193.800000000,drone0/gps/gps/navsat,52.229633169,21.012507816,5.403,0,0,0,0.0,0.0,0.0
194.000000000,drone0/gps/gps/navsat,52.229640741,21.012487676,4.700,0,0,0,0.0,0.0,0.0
194.200000000,drone0/gps/gps/navsat,52.229631006,21.012491338,4.379,0,0,0,0.0,0.0,0.0
194.300000000,drone0/gps/gps/navsat,52.229649870,21.012498433,8.869,0,0,0,0.0,0.0,0.0
194.500000000,drone0/gps/gps/navsat,52.229641218,21.012482696,5.921,0,0,0,0.0,0.0,0.0
194.700000000,drone0/gps/gps/navsat,52.229643915,21.012527318,8.510,0,0,0,0.0,0.0,0.0
194.800000000,drone0/gps/gps/navsat,52.229634281,21.012477009,1.713,0,0,0,0.0,0.0,0.0
195.000000000,drone0/gps/gps/navsat,52.229637376,21.012472258,6.402,0,0,0,0.0,0.0,0.0
195.200000000,drone0/gps/gps/navsat,52.229648561,21.012485065,6.616,0,0,0,0.0,0.0,0.0
195.300000000,drone0/gps/gps/navsat,52.229635159,21.012480659,0.144,0,0,0,0.0,0.0,0.0
195.500000000,drone0/gps/gps/navsat,52.229626118,21.012479157,2.538,0,0,0,0.0,0.0,0.0
195.700000000,drone0/gps/gps/navsat,52.229620841,21.012485242,4.328,0,0,0,0.0,0.0,0.0
195.800000000,drone0/gps/gps/navsat,52.229630046,21.012487272,4.259,0,0,0,0.0,0.0,0.0
196.000000000,drone0/gps/gps/navsat,52.229637866,21.012503515,0.992,0,0,0,0.0,0.0,0.0
197.100000000,drone0/gps/gps/navsat,52.229640169,21.012496557,0.362,0,0,0,0.0,0.0,0.0
197.300000000,drone0/gps/gps/navsat,52.229646286,21.012485227,5.078,0,0,0,0.0,0.0,0.0
197.500000000,drone0/gps/gps/navsat,52.229627722,21.012487462,6.132,0,0,0,0.0,0.0,0.0
197.700000000,drone0/gps/gps/navsat,52.229635256,21.012487681,8.396,0,0,0,0.0,0.0,0.0
197.800000000,drone0/gps/gps/navsat,52.229620224,21.012500454,8.222,0,0,0,0.0,0.0,0.0
198.000000000,drone0/gps/gps/navsat,52.229655205,21.012494303,5.953,0,0,0,0.0,0.0,0.0
198.200000000,drone0/gps/gps/navsat,52.229627532,21.012486953,6.652,0,0,0,0.0,0.0,0.0
198.300000000,drone0/gps/gps/navsat,52.229645128,21.012483010,3.444,0,0,0,0.0,0.0,0.0
198.500000000,drone0/gps/gps/navsat,52.229640222,21.012492485,8.721,0,0,0,0.0,0.0,0.0
198.700000000,drone0/gps/gps/navsat,52.229632101,21.012464723,-0.165,0,0,0,0.0,0.0,0.0
198.800000000,drone0/gps/gps/navsat,52.229642885,21.012466058,0.998,0,0,0,0.0,0.0,0.0
199.000000000,drone0/gps/gps/navsat,52.229656094,21.012510204,5.925,0,0,0,0.0,0.0,0.0
199.200000000,drone0/gps/gps/navsat,52.229644623,21.012479668,9.834,0,0,0,0.0,0.0,0.0
199.300000000,drone0/gps/gps/navsat,52.229641145,21.012514309,4.754,0,0,0,0.0,0.0,0.0
199.500000000,drone0/gps/gps/navsat,52.229634385,21.012492286,7.411,0,0,0,0.0,0.0,0.0
199.700000000,drone0/gps/gps/navsat,52.229619176,21.012496976,10.288,0,0,0,0.0,0.0,0.0
199.800000000,drone0/gps/gps/navsat,52.229633779,21.012494688,8.003,0,0,0,0.0,0.0,0.0
200.000000000,drone0/gps/gps/navsat,52.229610340,21.012493409,4.747,0,0,0,0.0,0.0,0.0
200.200000000,drone0/gps/gps/navsat,52.229644601,21.012502270,5.595,0,0,0,0.0,0.0,0.0
200.300000000,drone0/gps/gps/navsat,52.229662373,21.012499643,6.964,0,0,0,0.0,0.0,0.0
200.500000000,drone0/gps/gps/navsat,52.229622739,21.012476424,8.715,0,0,0,0.0,0.0,0.0
200.700000000,drone0/gps/gps/navsat,52.229623639,21.012498917,7.488,0,0,0,0.0,0.0,0.0
200.800000000,drone0/gps/gps/navsat,52.229632566,21.012505925,4.288,0,0,0,0.0,0.0,0.0
201.000000000,drone0/gps/gps/navsat,52.229631886,21.012523397,5.702,0,0,0,0.0,0.0,0.0
201.200000000,drone0/gps/gps/navsat,52.229652160,21.012496064,3.589,0,0,0,0.0,0.0,0.0
201.300000000,drone0/gps/gps/navsat,52.229651611,21.012506946,1.661,0,0,0,0.0,0.0,0.0
201.500000000,drone0/gps/gps/navsat,52.229628877,21.012501561,3.207,0,0,0,0.0,0.0,0.0
201.700000000,drone0/gps/gps/navsat,52.229640847,21.012507067,2.313,0,0,0,0.0,0.0,0.0
201.800000000,drone0/gps/gps/navsat,52.229662016,21.012513926,7.301,0,0,0,0.0,0.0,0.0
202.000000000,drone0/gps/gps/navsat,52.229632228,21.012517077,3.875,0,0,0,0.0,0.0,0.0
202.200000000,drone0/gps/gps/navsat,52.229653331,21.012525521,6.566,0,0,0,0.0,0.0,0.0
202.300000000,drone0/gps/gps/navsat,52.229637850,21.012515911,6.019,0,0,0,0.0,0.0,0.0
202.500000000,drone0/gps/gps/navsat,52.229631442,21.012506564,6.961,0,0,0,0.0,0.0,0.0
202.700000000,drone0/gps/gps/navsat,52.229640947,21.012512088,6.672,0,0,0,0.0,0.0,0.0
202.800000000,drone0/gps/gps/navsat,52.229650301,21.012505107,5.297,0,0,0,0.0,0.0,0.0
203.000000000,drone0/gps/gps/navsat,52.229645885,21.012520115,9.065,0,0,0,0.0,0.0,0.0
203.200000000,drone0/gps/gps/navsat,52.229650373,21.012505934,2.219,0,0,0,0.0,0.0,0.0
203.300000000,drone0/gps/gps/navsat,52.229634065,21.012512109,8.402,0,0,0,0.0,0.0,0.0
203.500000000,drone0/gps/gps/navsat,52.229630583,21.012513497,13.531,0,0,0,0.0,0.0,0.0
203.700000000,drone0/gps/gps/navsat,52.229643961,21.012512778,7.478,0,0,0,0.0,0.0,0.0
203.800000000,drone0/gps/gps/navsat,52.229632317,21.012512097,8.348,0,0,0,0.0,0.0,0.0
204.000000000,drone0/gps/gps/navsat,52.229631641,21.012535817,5.091,0,0,0,0.0,0.0,0.0
204.200000000,drone0/gps/gps/navsat,52.229649470,21.012509524,2.957,0,0,0,0.0,0.0,0.0
204.300000000,drone0/gps/gps/navsat,52.229626604,21.012551691,6.222,0,0,0,0.0,0.0,0.0
204.500000000,drone0/gps/gps/navsat,52.229632215,21.012514293,7.855,0,0,0,0.0,0.0,0.0
205.700000000,drone0/gps/gps/navsat,52.229642320,21.012512240,2.263,0,0,0,0.0,0.0,0.0
205.800000000,drone0/gps/gps/navsat,52.229633728,21.012521827,8.281,0,0,0,0.0,0.0,0.0
206.000000000,drone0/gps/gps/navsat,52.229631984,21.012520674,10.007,0,0,0,0.0,0.0,0.0
206.200000000,drone0/gps/gps/navsat,52.229626531,21.012516413,2.314,0,0,0,0.0,0.0,0.0
206.300000000,drone0/gps/gps/navsat,52.229633468,21.012516743,2.826,0,0,0,0.0,0.0,0.0
206.500000000,drone0/gps/gps/navsat,52.229656718,21.012496172,9.809,0,0,0,0.0,0.0,0.0
206.700000000,drone0/gps/gps/navsat,52.229645208,21.012524627,0.679,0,0,0,0.0,0.0,0.0
206.800000000,drone0/gps/gps/navsat,52.229650138,21.012519730,6.089,0,0,0,0.0,0.0,0.0
207.000000000,drone0/gps/gps/navsat,52.229647779,21.012527799,3.777,0,0,0,0.0,0.0,0.0
207.200000000,drone0/gps/gps/navsat,52.229642186,21.012540007,5.800,0,0,0,0.0,0.0,0.0
207.300000000,drone0/gps/gps/navsat,52.229624019,21.012509207,5.299,0,0,0,0.0,0.0,0.0
207.500000000,drone0/gps/gps/navsat,52.229636717,21.012519786,1.233,0,0,0,0.0,0.0,0.0
207.700000000,drone0/gps/gps/navsat,52.229638393,21.012504902,2.166,0,0,0,0.0,0.0,0.0
207.800000000,drone0/gps/gps/navsat,52.229650963,21.012540303,3.398,0,0,0,0.0,0.0,0.0
208.000000000,drone0/gps/gps/navsat,52.229643397,21.012546521,4.865,0,0,0,0.0,0.0,0.0
208.200000000,drone0/gps/gps/navsat,52.229628664,21.012498191,1.442,0,0,0,0.0,0.0,0.0
208.300000000,drone0/gps/gps/navsat,52.229666388,21.012532673,5.794,0,0,0,0.0,0.0,0.0
208.500000000,drone0/gps/gps/navsat,52.229669648,21.012520134,0.622,0,0,0,0.0,0.0,0.0
208.700000000,drone0/gps/gps/navsat,52.229645350,21.012520104,-4.965,0,0,0,0.0,0.0,0.0
208.800000000,drone0/gps/gps/navsat,52.229635973,21.012524750,2.872,0,0,0,0.0,0.0,0.0
209.000000000,drone0/gps/gps/navsat,52.229655450,21.012524986,-5.504,0,0,0,0.0,0.0,0.0
209.200000000,drone0/gps/gps/navsat,52.229637998,21.012530088,-1.087,0,0,0,0.0,0.0,0.0
209.300000000,drone0/gps/gps/navsat,52.229655359,21.012541204,3.047,0,0,0,0.0,0.0,0.0
209.500000000,drone0/gps/gps/navsat,52.229626753,21.012520291,-0.461,0,0,0,0.0,0.0,0.0
209.700000000,drone0/gps/gps/navsat,52.229646936,21.012541047,-4.038,0,0,0,0.0,0.0,0.0
209.800000000,drone0/gps/gps/navsat,52.229630820,21.012569644,-2.777,0,0,0,0.0,0.0,0.0
210.000000000,drone0/gps/gps/navsat,52.229640154,21.012536896,4.719,0,0,0,0.0,0.0,0.0
210.200000000,drone0/gps/gps/navsat,52.229640670,21.012542500,-0.060,0,0,0,0.0,0.0,0.0
210.300000000,drone0/gps/gps/navsat,52.229638653,21.012541965,2.856,0,0,0,0.0,0.0,0.0
210.500000000,drone0/gps/gps/navsat,52.229640155,21.012543037,3.276,0,0,0,0.0,0.0,0.0
210.700000000,drone0/gps/gps/navsat,52.229639050,21.012532542,2.541,0,0,0,0.0,0.0,0.0
210.800000000,drone0/gps/gps/navsat,52.229648397,21.012542391,0.750,0,0,0,0.0,0.0,0.0
211.000000000,drone0/gps/gps/navsat,52.229647214,21.012548623,8.810,0,0,0,0.0,0.0,0.0
211.200000000,drone0/gps/gps/navsat,52.229640258,21.012554868,5.828,0,0,0,0.0,0.0,0.0
211.300000000,drone0/gps/gps/navsat,52.229619984,21.012566160,1.134,0,0,0,0.0,0.0,0.0
211.500000000,drone0/gps/gps/navsat,52.229647175,21.012543791,7.055,0,0,0,0.0,0.0,0.0
211.700000000,drone0/gps/gps/navsat,52.229634308,21.012545926,1.347,0,0,0,0.0,0.0,0.0
211.800000000,drone0/gps/gps/navsat,52.229644918,21.012540087,3.135,0,0,0,0.0,0.0,0.0
212.000000000,drone0/gps/gps/navsat,52.229600185,21.012560005,8.364,0,0,0,0.0,0.0,0.0
212.200000000,drone0/gps/gps/navsat,52.229617757,21.012534419,4.883,0,0,0,0.0,0.0,0.0
212.300000000,drone0/gps/gps/navsat,52.229652804,21.012555882,0.821,0,0,0,0.0,0.0,0.0
212.500000000,drone0/gps/gps/navsat,52.229628995,21.012560031,2.150,0,0,0,0.0,0.0,0.0
212.700000000,drone0/gps/gps/navsat,52.229637136,21.012571068,9.187,0,0,0,0.0,0.0,0.0
212.800000000,drone0/gps/gps/navsat,52.229630201,21.012562688,10.018,0,0,0,0.0,0.0,0.0
213.000000000,drone0/gps/gps/navsat,52.229640277,21.012554749,5.519,0,0,0,0.0,0.0,0.0
214.100000000,drone0/gps/gps/navsat,52.229646812,21.012560621,6.819,0,0,0,0.0,0.0,0.0
214.300000000,drone0/gps/gps/navsat,52.229623028,21.012575828,12.438,0,0,0,0.0,0.0,0.0
214.500000000,drone0/gps/gps/navsat,52.229632372,21.012566667,6.184,0,0,0,0.0,0.0,0.0
214.700000000,drone0/gps/gps/navsat,52.229642022,21.012555631,7.927,0,0,0,0.0,0.0,0.0
214.800000000,drone0/gps/gps/navsat,52.229643751,21.012577501,9.731,0,0,0,0.0,0.0,0.0
215.000000000,drone0/gps/gps/navsat,52.229638702,21.012577065,4.072,0,0,0,0.0,0.0,0.0
215.200000000,drone0/gps/gps/navsat,52.229631137,21.012582661,7.016,0,0,0,0.0,0.0,0.0
215.300000000,drone0/gps/gps/navsat,52.229621083,21.012563172,7.841,0,0,0,0.0,0.0,0.0
215.500000000,drone0/gps/gps/navsat,52.229644135,21.012623914,5.531,0,0,0,0.0,0.0,0.0
215.700000000,drone0/gps/gps/navsat,52.229615306,21.012587713,7.824,0,0,0,0.0,0.0,0.0
215.800000000,drone0/gps/gps/navsat,52.229654088,21.012595053,1.395,0,0,0,0.0,0.0,0.0
216.000000000,drone0/gps/gps/navsat,52.229635132,21.012646278,13.481,0,0,0,0.0,0.0,0.0
216.200000000,drone0/gps/gps/navsat,52.229640981,21.012616645,-0.578,0,0,0,0.0,0.0,0.0
216.300000000,drone0/gps/gps/navsat,52.229670502,21.012643294,4.792,0,0,0,0.0,0.0,0.0
216.500000000,drone0/gps/gps/navsat,52.229632806,21.012636212,7.166,0,0,0,0.0,0.0,0.0
216.700000000,drone0/gps/gps/navsat,52.229651378,21.012628064,1.321,0,0,0,0.0,0.0,0.0
216.800000000,drone0/gps/gps/navsat,52.229639747,21.012675152,6.215,0,0,0,0.0,0.0,0.0
217.000000000,drone0/gps/gps/navsat,52.229621611,21.012656225,7.583,0,0,0,0.0,0.0,0.0
217.200000000,drone0/gps/gps/navsat,52.229633988,21.012659651,8.330,0,0,0,0.0,0.0,0.0
217.300000000,drone0/gps/gps/navsat,52.229633919,21.012661207,6.366,0,0,0,0.0,0.0,0.0
217.500000000,drone0/gps/gps/navsat,52.229626885,21.012651848,4.470,0,0,0,0.0,0.0,0.0
217.700000000,drone0/gps/gps/navsat,52.229631277,21.012653397,7.845,0,0,0,0.0,0.0,0.0
217.800000000,drone0/gps/gps/navsat,52.229627719,21.012662039,6.688,0,0,0,0.0,0.0,0.0
218.000000000,drone0/gps/gps/navsat,52.229638503,21.012675658,4.311,0,0,0,0.0,0.0,0.0
218.200000000,drone0/gps/gps/navsat,52.229636015,21.012674861,3.039,0,0,0,0.0,0.0,0.0
218.300000000,drone0/gps/gps/navsat,52.229598885,21.012688596,0.121,0,0,0,0.0,0.0,0.0
218.500000000,drone0/gps/gps/navsat,52.229611004,21.012658566,5.335,0,0,0,0.0,0.0,0.0
218.700000000,drone0/gps/gps/navsat,52.229627828,21.012655340,6.661,0,0,0,0.0,0.0,0.0
218.800000000,drone0/gps/gps/navsat,52.229609743,21.012659065,6.606,0,0,0,0.0,0.0,0.0
219.000000000,drone0/gps/gps/navsat,52.229617402,21.012652942,4.700,0,0,0,0.0,0.0,0.0
219.200000000,drone0/gps/gps/navsat,52.229597496,21.012665938,2.480,0,0,0,0.0,0.0,0.0
219.300000000,drone0/gps/gps/navsat,52.229598022,21.012655553,1.320,0,0,0,0.0,0.0,0.0
219.500000000,drone0/gps/gps/navsat,52.229592664,21.012649565,-0.898,0,0,0,0.0,0.0,0.0
219.700000000,drone0/gps/gps/navsat,52.229614213,21.012625122,1.096,0,0,0,0.0,0.0,0.0
219.800000000,drone0/gps/gps/navsat,52.229604022,21.012652471,-0.282,0,0,0,0.0,0.0,0.0
220.000000000,drone0/gps/gps/navsat,52.229621575,21.012618103,-1.625,0,0,0,0.0,0.0,0.0
220.200000000,drone0/gps/gps/navsat,52.229598287,21.012649688,3.265,0,0,0,0.0,0.0,0.0
220.300000000,drone0/gps/gps/navsat,52.229574354,21.012649846,-1.944,0,0,0,0.0,0.0,0.0
220.500000000,drone0/gps/gps/navsat,52.229594581,21.012648506,-2.537,0,0,0,0.0,0.0,0.0
220.700000000,drone0/gps/gps/navsat,52.229594064,21.012631629,2.157,0,0,0,0.0,0.0,0.0
220.800000000,drone0/gps/gps/navsat,52.229587819,21.012649659,-0.087,0,0,0,0.0,0.0,0.0
221.000000000,drone0/gps/gps/navsat,52.229585847,21.012622923,-5.770,0,0,0,0.0,0.0,0.0
221.200000000,drone0/gps/gps/navsat,52.229604021,21.012623378,0.753,0,0,0,0.0,0.0,0.0
221.300000000,drone0/gps/gps/navsat,52.229596525,21.012619688,1.927,0,0,0,0.0,0.0,0.0
221.500000000,drone0/gps/gps/navsat,52.229613648,21.012642741,-1.099,0,0,0,0.0,0.0,0.0
221.700000000,drone0/gps/gps/navsat,52.229605623,21.012647235,2.673,0,0,0,0.0,0.0,0.0
221.800000000,drone0/gps/gps/navsat,52.229599040,21.012669130,0.721,0,0,0,0.0,0.0,0.0
222.000000000,drone0/gps/gps/navsat,52.229590697,21.012656496,4.378,0,0,0,0.0,0.0,0.0
222.200000000,drone0/gps/gps/navsat,52.229615011,21.012631879,3.058,0,0,0,0.0,0.0,0.0
222.300000000,drone0/gps/gps/navsat,52.229606340,21.012637921,2.030,0,0,0,0.0,0.0,0.0
222.500000000,drone0/gps/gps/navsat,52.229608079,21.012663094,7.509,0,0,0,0.0,0.0,0.0
222.700000000,drone0/gps/gps/navsat,52.229584130,21.012638597,3.421,0,0,0,0.0,0.0,0.0
222.800000000,drone0/gps/gps/navsat,52.229583546,21.012650906,5.643,0,0,0,0.0,0.0,0.0
223.000000000,drone0/gps/gps/navsat,52.229582470,21.012609184,3.168,0,0,0,0.0,0.0,0.0
223.200000000,drone0/gps/gps/navsat,52.229604308,21.012657023,11.533,0,0,0,0.0,0.0,0.0
223.300000000,drone0/gps/gps/navsat,52.229578306,21.012643814,6.100,0,0,0,0.0,0.0,0.0
223.500000000,drone0/gps/gps/navsat,52.229597837,21.012626036,4.144,0,0,0,0.0,0.0,0.0
223.700000000,drone0/gps/gps/navsat,52.229606364,21.012643897,6.127,0,0,0,0.0,0.0,0.0
223.800000000,drone0/gps/gps/navsat,52.229583917,21.012641090,8.886,0,0,0,0.0,0.0,0.0
224.000000000,drone0/gps/gps/navsat,52.229614380,21.012667902,6.100,0,0,0,0.0,0.0,0.0
224.200000000,drone0/gps/gps/navsat,52.229590962,21.012641519,5.503,0,0,0,0.0,0.0,0.0
224.300000000,drone0/gps/gps/navsat,52.229595146,21.012645918,10.514,0,0,0,0.0,0.0,0.0
224.500000000,drone0/gps/gps/navsat,52.229611910,21.012655539,6.582,0,0,0,0.0,0.0,0.0
224.700000000,drone0/gps/gps/navsat,52.229630634,21.012627818,7.395,0,0,0,0.0,0.0,0.0
224.800000000,drone0/gps/gps/navsat,52.229595941,21.012629612,8.058,0,0,0,0.0,0.0,0.0
225.000000000,drone0/gps/gps/navsat,52.229595357,21.012632318,6.923,0,0,0,0.0,0.0,0.0
225.200000000,drone0/gps/gps/navsat,52.229602091,21.012655833,8.243,0,0,0,0.0,0.0,0.0
225.300000000,drone0/gps/gps/navsat,52.229595485,21.012624586,6.684,0,0,0,0.0,0.0,0.0
226.200000000,drone0/gps/gps/navsat,52.229578522,21.012659676,11.153,0,0,0,0.0,0.0,0.0
226.300000000,drone0/gps/gps/navsat,52.229611843,21.012675628,12.868,0,0,0,0.0,0.0,0.0
226.500000000,drone0/gps/gps/navsat,52.229612729,21.012655464,11.067,0,0,0,0.0,0.0,0.0
226.700000000,drone0/gps/gps/navsat,52.229569435,21.012668165,5.869,0,0,0,0.0,0.0,0.0
226.800000000,drone0/gps/gps/navsat,52.229595594,21.012680680,3.539,0,0,0,0.0,0.0,0.0
227.000000000,drone0/gps/gps/navsat,52.229604045,21.012688621,3.013,0,0,0,0.0,0.0,0.0
227.200000000,drone0/gps/gps/navsat,52.229617309,21.012672647,6.379,0,0,0,0.0,0.0,0.0
227.300000000,drone0/gps/gps/navsat,52.229587896,21.012716592,5.551,0,0,0,0.0,0.0,0.0
227.500000000,drone0/gps/gps/navsat,52.229589146,21.012675640,1.292,0,0,0,0.0,0.0,0.0
227.700000000,drone0/gps/gps/navsat,52.229611569,21.012704128,8.855,0,0,0,0.0,0.0,0.0
227.800000000,drone0/gps/gps/navsat,52.229582040,21.012702140,12.932,0,0,0,0.0,0.0,0.0
228.000000000,drone0/gps/gps/navsat,52.229591722,21.012696454,9.017,0,0,0,0.0,0.0,0.0
228.200000000,drone0/gps/gps/navsat,52.229579935,21.012708338,11.690,0,0,0,0.0,0.0,0.0
228.300000000,drone0/gps/gps/navsat,52.229607996,21.012716317,4.216,0,0,0,0.0,0.0,0.0
228.500000000,drone0/gps/gps/navsat,52.229603932,21.012716150,6.875,0,0,0,0.0,0.0,0.0
228.700000000,drone0/gps/gps/navsat,52.229603590,21.012715002,8.535,0,0,0,0.0,0.0,0.0
228.800000000,drone0/gps/gps/navsat,52.229593801,21.012731103,14.336,0,0,0,0.0,0.0,0.0
229.000000000,drone0/gps/gps/navsat,52.229591613,21.012733922,11.398,0,0,0,0.0,0.0,0.0
229.200000000,drone0/gps/gps/navsat,52.229606877,21.012731474,11.317,0,0,0,0.0,0.0,0.0
229.300000000,drone0/gps/gps/navsat,52.229589453,21.012740858,3.096,0,0,0,0.0,0.0,0.0
229.500000000,drone0/gps/gps/navsat,52.229620495,21.012742614,3.094,0,0,0,0.0,0.0,0.0
229.700000000,drone0/gps/gps/navsat,52.229585268,21.012743654,5.302,0,0,0,0.0,0.0,0.0
229.800000000,drone0/gps/gps/navsat,52.229584676,21.012745817,12.253,0,0,0,0.0,0.0,0.0
230.000000000,drone0/gps/gps/navsat,52.229616458,21.012751569,8.580,0,0,0,0.0,0.0,0.0
230.200000000,drone0/gps/gps/navsat,52.229598700,21.012742693,8.658,0,0,0,0.0,0.0,0.0
230.300000000,drone0/gps/gps/navsat,52.229588328,21.012755869,10.230,0,0,0,0.0,0.0,0.0
230.500000000,drone0/gps/gps/navsat,52.229604063,21.012739623,8.931,0,0,0,0.0,0.0,0.0
230.700000000,drone0/gps/gps/navsat,52.229605140,21.012743675,11.417,0,0,0,0.0,0.0,0.0
230.800000000,drone0/gps/gps/navsat,52.229605985,21.012762253,5.415,0,0,0,0.0,0.0,0.0
231.000000000,drone0/gps/gps/navsat,52.229596310,21.012744568,12.314,0,0,0,0.0,0.0,0.0
231.200000000,drone0/gps/gps/navsat,52.229613638,21.012766574,0.764,0,0,0,0.0,0.0,0.0
231.300000000,drone0/gps/gps/navsat,52.229606262,21.012745382,4.322,0,0,0,0.0,0.0,0.0
231.500000000,drone0/gps/gps/navsat,52.229576310,21.012760434,6.717,0,0,0,0.0,0.0,0.0
231.700000000,drone0/gps/gps/navsat,52.229599057,21.012730275,4.546,0,0,0,0.0,0.0,0.0
231.800000000,drone0/gps/gps/navsat,52.229583672,21.012709266,10.862,0,0,0,0.0,0.0,0.0
232.000000000,drone0/gps/gps/navsat,52.229594056,21.012729029,10.290,0,0,0,0.0,0.0,0.0
232.200000000,drone0/gps/gps/navsat,52.229601457,21.012746123,10.549,0,0,0,0.0,0.0,0.0
232.300000000,drone0/gps/gps/navsat,52.229579399,21.012752239,9.155,0,0,0,0.0,0.0,0.0
232.500000000,drone0/gps/gps/navsat,52.229616979,21.012753041,5.742,0,0,0,0.0,0.0,0.0
232.700000000,drone0/gps/gps/navsat,52.229618378,21.012732677,7.829,0,0,0,0.0,0.0,0.0
232.800000000,drone0/gps/gps/navsat,52.229611209,21.012742582,6.036,0,0,0,0.0,0.0,0.0
233.000000000,drone0/gps/gps/navsat,52.229589635,21.012754770,2.077,0,0,0,0.0,0.0,0.0
233.200000000,drone0/gps/gps/navsat,52.229573473,21.012741972,5.428,0,0,0,0.0,0.0,0.0
233.300000000,drone0/gps/gps/navsat,52.229579097,21.012746185,9.936,0,0,0,0.0,0.0,0.0
233.500000000,drone0/gps/gps/navsat,52.229593693,21.012734661,5.456,0,0,0,0.0,0.0,0.0
233.700000000,drone0/gps/gps/navsat,52.229582299,21.012722671,10.827,0,0,0,0.0,0.0,0.0
233.800000000,drone0/gps/gps/navsat,52.229605728,21.012742664,9.679,0,0,0,0.0,0.0,0.0
234.000000000,drone0/gps/gps/navsat,52.229603899,21.012769169,5.837,0,0,0,0.0,0.0,0.0
234.200000000,drone0/gps/gps/navsat,52.229587226,21.012725138,6.833,0,0,0,0.0,0.0,0.0
234.300000000,drone0/gps/gps/navsat,52.229585038,21.012740486,6.724,0,0,0,0.0,0.0,0.0
234.500000000,drone0/gps/gps/navsat,52.229597607,21.012756413,2.378,0,0,0,0.0,0.0,0.0
234.700000000,drone0/gps/gps/navsat,52.229613421,21.012743750,-0.239,0,0,0,0.0,0.0,0.0
234.800000000,drone0/gps/gps/navsat,52.229624489,21.012727969,7.738,0,0,0,0.0,0.0,0.0
235.000000000,drone0/gps/gps/navsat,52.229588466,21.012751473,11.045,0,0,0,0.0,0.0,0.0
235.200000000,drone0/gps/gps/navsat,52.229610833,21.012738927,3.546,0,0,0,0.0,0.0,0.0
235.300000000,drone0/gps/gps/navsat,52.229613495,21.012771058,8.042,0,0,0,0.0,0.0,0.0
235.500000000,drone0/gps/gps/navsat,52.229619791,21.012733171,10.484,0,0,0,0.0,0.0,0.0
235.700000000,drone0/gps/gps/navsat,52.229603440,21.012744830,8.031,0,0,0,0.0,0.0,0.0
235.800000000,drone0/gps/gps/navsat,52.229630835,21.012738998,5.048,0,0,0,0.0,0.0,0.0
236.000000000,drone0/gps/gps/navsat,52.229607059,21.012731663,3.893,0,0,0,0.0,0.0,0.0
236.200000000,drone0/gps/gps/navsat,52.229622529,21.012775430,8.671,0,0,0,0.0,0.0,0.0
236.300000000,drone0/gps/gps/navsat,52.229674007,21.012769605,2.912,0,0,0,0.0,0.0,0.0
236.500000000,drone0/gps/gps/navsat,52.229624640,21.012741060,10.737,0,0,0,0.0,0.0,0.0
236.700000000,drone0/gps/gps/navsat,52.229654728,21.012733020,11.048,0,0,0,0.0,0.0,0.0
236.800000000,drone0/gps/gps/navsat,52.229628350,21.012766418,8.260,0,0,0,0.0,0.0,0.0
237.000000000,drone0/gps/gps/navsat,52.229641125,21.012765249,5.220,0,0,0,0.0,0.0,0.0
237.200000000,drone0/gps/gps/navsat,52.229638886,21.012759671,1.314,0,0,0,0.0,0.0,0.0
237.300000000,drone0/gps/gps/navsat,52.229634561,21.012758924,5.998,0,0,0,0.0,0.0,0.0
237.500000000,drone0/gps/gps/navsat,52.229637299,21.012778385,-0.522,0,0,0,0.0,0.0,0.0
237.700000000,drone0/gps/gps/navsat,52.229641699,21.012758904,8.560,0,0,0,0.0,0.0,0.0
237.800000000,drone0/gps/gps/navsat,52.229659083,21.012753124,4.440,0,0,0,0.0,0.0,0.0
238.000000000,drone0/gps/gps/navsat,52.229650409,21.012759448,4.230,0,0,0,0.0,0.0,0.0
238.200000000,drone0/gps/gps/navsat,52.229664266,21.012778772,6.678,0,0,0,0.0,0.0,0.0
238.300000000,drone0/gps/gps/navsat,52.229666691,21.012745993,-0.865,0,0,0,0.0,0.0,0.0
239.300000000,drone0/gps/gps/navsat,52.229640207,21.012752449,3.474,0,0,0,0.0,0.0,0.0
239.500000000,drone0/gps/gps/navsat,52.229649711,21.012728560,6.400,0,0,0,0.0,0.0,0.0
239.700000000,drone0/gps/gps/navsat,52.229661642,21.012734347,9.741,0,0,0,0.0,0.0,0.0
239.800000000,drone0/gps/gps/navsat,52.229670626,21.012728554,4.637,0,0,0,0.0,0.0,0.0
240.300000000,drone0/gps/gps/navsat,52.229637529,21.012767103,1.770,0,0,0,0.0,0.0,0.0
240.500000000,drone0/gps/gps/navsat,52.229674032,21.012727456,1.255,0,0,0,0.0,0.0,0.0
240.700000000,drone0/gps/gps/navsat,52.229641207,21.012752617,3.591,0,0,0,0.0,0.0,0.0
240.800000000,drone0/gps/gps/navsat,52.229652518,21.012773131,3.079,0,0,0,0.0,0.0,0.0
241.000000000,drone0/gps/gps/navsat,52.229666342,21.012751919,-0.002,0,0,0,0.0,0.0,0.0
241.200000000,drone0/gps/gps/navsat,52.229684160,21.012733796,6.567,0,0,0,0.0,0.0,0.0
241.300000000,drone0/gps/gps/navsat,52.229672489,21.012762141,1.355,0,0,0,0.0,0.0,0.0
241.500000000,drone0/gps/gps/navsat,52.229676830,21.012735901,13.347,0,0,0,0.0,0.0,0.0
241.700000000,drone0/gps/gps/navsat,52.229678314,21.012763698,2.828,0,0,0,0.0,0.0,0.0
241.800000000,drone0/gps/gps/navsat,52.229707069,21.012753005,2.399,0,0,0,0.0,0.0,0.0
242.000000000,drone0/gps/gps/navsat,52.229721643,21.012727531,8.817,0,0,0,0.0,0.0,0.0
242.200000000,drone0/gps/gps/navsat,52.229704681,21.012772484,7.344,0,0,0,0.0,0.0,0.0
242.300000000,drone0/gps/gps/navsat,52.229741970,21.012743540,1.388,0,0,0,0.0,0.0,0.0
242.500000000,drone0/gps/gps/navsat,52.229724877,21.012740992,5.165,0,0,0,0.0,0.0,0.0
242.700000000,drone0/gps/gps/navsat,52.229713894,21.012758485,6.174,0,0,0,0.0,0.0,0.0
242.800000000,drone0/gps/gps/navsat,52.229719668,21.012745583,7.213,0,0,0,0.0,0.0,0.0
243.000000000,drone0/gps/gps/navsat,52.229727022,21.012741710,4.295,0,0,0,0.0,0.0,0.0
243.200000000,drone0/gps/gps/navsat,52.229726684,21.012746990,1.634,0,0,0,0.0,0.0,0.0
243.300000000,drone0/gps/gps/navsat,52.229732463,21.012758980,5.989,0,0,0,0.0,0.0,0.0
243.500000000,drone0/gps/gps/navsat,52.229748610,21.012725202,4.465,0,0,0,0.0,0.0,0.0
243.700000000,drone0/gps/gps/navsat,52.229771699,21.012762206,0.609,0,0,0,0.0,0.0,0.0
243.800000000,drone0/gps/gps/navsat,52.229736820,21.012733747,-1.655,0,0,0,0.0,0.0,0.0
244.000000000,drone0/gps/gps/navsat,52.229764081,21.012715399,0.604,0,0,0,0.0,0.0,0.0
244.200000000,drone0/gps/gps/navsat,52.229762723,21.012741785,-0.668,0,0,0,0.0,0.0,0.0
244.300000000,drone0/gps/gps/navsat,52.229771788,21.012759111,-2.652,0,0,0,0.0,0.0,0.0
244.500000000,drone0/gps/gps/navsat,52.229758432,21.012734204,0.969,0,0,0,0.0,0.0,0.0
244.700000000,drone0/gps/gps/navsat,52.229747222,21.012734673,6.677,0,0,0,0.0,0.0,0.0
244.800000000,drone0/gps/gps/navsat,52.229744196,21.012749732,5.271,0,0,0,0.0,0.0,0.0
245.000000000,drone0/gps/gps/navsat,52.229774260,21.012758729,4.455,0,0,0,0.0,0.0,0.0
245.200000000,drone0/gps/gps/navsat,52.229787086,21.012756662,2.070,0,0,0,0.0,0.0,0.0
245.300000000,drone0/gps/gps/navsat,52.229766426,21.012743492,2.068,0,0,0,0.0,0.0,0.0
245.500000000,drone0/gps/gps/navsat,52.229791706,21.012749187,2.439,0,0,0,0.0,0.0,0.0
245.700000000,drone0/gps/gps/navsat,52.229766240,21.012742178,1.738,0,0,0,0.0,0.0,0.0
245.800000000,drone0/gps/gps/navsat,52.229746763,21.012743107,-7.630,0,0,0,0.0,0.0,0.0
246.000000000,drone0/gps/gps/navsat,52.229762874,21.012757920,3.586,0,0,0,0.0,0.0,0.0
246.200000000,drone0/gps/gps/navsat,52.229761088,21.012750886,-1.715,0,0,0,0.0,0.0,0.0
246.300000000,drone0/gps/gps/navsat,52.229779293,21.012742209,1.923,0,0,0,0.0,0.0,0.0
246.500000000,drone0/gps/gps/navsat,52.229786314,21.012738597,5.016,0,0,0,0.0,0.0,0.0
246.700000000,drone0/gps/gps/navsat,52.229759024,21.012741597,2.419,0,0,0,0.0,0.0,0.0
246.800000000,drone0/gps/gps/navsat,52.229778479,21.012740023,2.503,0,0,0,0.0,0.0,0.0
247.000000000,drone0/gps/gps/navsat,52.229784485,21.012754491,-0.208,0,0,0,0.0,0.0,0.0
247.200000000,drone0/gps/gps/navsat,52.229772695,21.012748766,6.681,0,0,0,0.0,0.0,0.0
247.300000000,drone0/gps/gps/navsat,52.229753886,21.012744699,2.687,0,0,0,0.0,0.0,0.0
247.500000000,drone0/gps/gps/navsat,52.229761529,21.012768382,2.483,0,0,0,0.0,0.0,0.0
247.700000000,drone0/gps/gps/navsat,52.229770444,21.012758708,3.607,0,0,0,0.0,0.0,0.0
247.800000000,drone0/gps/gps/navsat,52.229768287,21.012722893,5.620,0,0,0,0.0,0.0,0.0
248.000000000,drone0/gps/gps/navsat,52.229761382,21.012732111,-0.123,0,0,0,0.0,0.0,0.0
248.200000000,drone0/gps/gps/navsat,52.229774559,21.012763890,8.311,0,0,0,0.0,0.0,0.0
248.300000000,drone0/gps/gps/navsat,52.229799621,21.012765776,6.968,0,0,0,0.0,0.0,0.0
248.500000000,drone0/gps/gps/navsat,52.229779662,21.012752224,3.197,0,0,0,0.0,0.0,0.0
248.700000000,drone0/gps/gps/navsat,52.229786056,21.012750851,9.983,0,0,0,0.0,0.0,0.0
248.800000000,drone0/gps/gps/navsat,52.229757092,21.012735416,7.967,0,0,0,0.0,0.0,0.0
249.000000000,drone0/gps/gps/navsat,52.229775094,21.012719140,-1.724,0,0,0,0.0,0.0,0.0
249.200000000,drone0/gps/gps/navsat,52.229765249,21.012753632,7.240,0,0,0,0.0,0.0,0.0
249.300000000,drone0/gps/gps/navsat,52.229773398,21.012763231,5.236,0,0,0,0.0,0.0,0.0
249.500000000,drone0/gps/gps/navsat,52.229758425,21.012743703,8.615,0,0,0,0.0,0.0,0.0
249.700000000,drone0/gps/gps/navsat,52.229751317,21.012735726,0.622,0,0,0,0.0,0.0,0.0
249.800000000,drone0/gps/gps/navsat,52.229756496,21.012768328,7.391,0,0,0,0.0,0.0,0.0
250.000000000,drone0/gps/gps/navsat,52.229733561,21.012741129,10.467,0,0,0,0.0,0.0,0.0
250.200000000,drone0/gps/gps/navsat,52.229770357,21.012742991,11.094,0,0,0,0.0,0.0,0.0
250.300000000,drone0/gps/gps/navsat,52.229755949,21.012745286,7.010,0,0,0,0.0,0.0,0.0
250.500000000,drone0/gps/gps/navsat,52.229748502,21.012773859,2.628,0,0,0,0.0,0.0,0.0
250.700000000,drone0/gps/gps/navsat,52.229775486,21.012753796,5.426,0,0,0,0.0,0.0,0.0
250.800000000,drone0/gps/gps/navsat,52.229788773,21.012760691,7.839,0,0,0,0.0,0.0,0.0
251.000000000,drone0/gps/gps/navsat,52.229774466,21.012758942,8.680,0,0,0,0.0,0.0,0.0
251.200000000,drone0/gps/gps/navsat,52.229779775,21.012751617,1.574,0,0,0,0.0,0.0,0.0
251.300000000,drone0/gps/gps/navsat,52.229793275,21.012736316,3.086,0,0,0,0.0,0.0,0.0
251.500000000,drone0/gps/gps/navsat,52.229771306,21.012739046,5.909,0,0,0,0.0,0.0,0.0
251.700000000,drone0/gps/gps/navsat,52.229781312,21.012744687,5.311,0,0,0,0.0,0.0,0.0
251.800000000,drone0/gps/gps/navsat,52.229773597,21.012742118,8.741,0,0,0,0.0,0.0,0.0
253.300000000,drone0/gps/gps/navsat,52.229793938,21.012728574,7.302,0,0,0,0.0,0.0,0.0
253.500000000,drone0/gps/gps/navsat,52.229773747,21.012752021,1.656,0,0,0,0.0,0.0,0.0
253.700000000,drone0/gps/gps/navsat,52.229777544,21.012741310,10.353,0,0,0,0.0,0.0,0.0
253.800000000,drone0/gps/gps/navsat,52.229780280,21.012736730,8.030,0,0,0,0.0,0.0,0.0
254.000000000,drone0/gps/gps/navsat,52.229756388,21.012733191,4.503,0,0,0,0.0,0.0,0.0
254.200000000,drone0/gps/gps/navsat,52.229758110,21.012741383,8.624,0,0,0,0.0,0.0,0.0
254.300000000,drone0/gps/gps/navsat,52.229761528,21.012742579,4.133,0,0,0,0.0,0.0,0.0
254.500000000,drone0/gps/gps/navsat,52.229793076,21.012732412,1.618,0,0,0,0.0,0.0,0.0
254.700000000,drone0/gps/gps/navsat,52.229806523,21.012741760,3.686,0,0,0,0.0,0.0,0.0
254.800000000,drone0/gps/gps/navsat,52.229776577,21.012740448,5.948,0,0,0,0.0,0.0,0.0
255.000000000,drone0/gps/gps/navsat,52.229760496,21.012744284,3.436,0,0,0,0.0,0.0,0.0
255.200000000,drone0/gps/gps/navsat,52.229762728,21.012736591,12.569,0,0,0,0.0,0.0,0.0
255.300000000,drone0/gps/gps/navsat,52.229774819,21.012712144,7.450,0,0,0,0.0,0.0,0.0
255.500000000,drone0/gps/gps/navsat,52.229755029,21.012727869,1.723,0,0,0,0.0,0.0,0.0
255.700000000,drone0/gps/gps/navsat,52.229806475,21.012716502,5.407,0,0,0,0.0,0.0,0.0
255.800000000,drone0/gps/gps/navsat,52.229746331,21.012702179,9.086,0,0,0,0.0,0.0,0.0
256.000000000,drone0/gps/gps/navsat,52.229771697,21.012703554,7.970,0,0,0,0.0,0.0,0.0
256.100000000,drone0/gps/gps/navsat,52.229775313,21.012696989,8.732,0,0,0,0.0,0.0,0.0
256.300000000,drone0/gps/gps/navsat,52.229773908,21.012701635,5.862,0,0,0,0.0,0.0,0.0
256.500000000,drone0/gps/gps/navsat,52.229768125,21.012705358,1.349,0,0,0,0.0,0.0,0.0
256.600000000,drone0/gps/gps/navsat,52.229794407,21.012705316,7.300,0,0,0,0.0,0.0,0.0
256.800000000,drone0/gps/gps/navsat,52.229759919,21.012706427,2.448,0,0,0,0.0,0.0,0.0
257.000000000,drone0/gps/gps/navsat,52.229778737,21.012694937,5.514,0,0,0,0.0,0.0,0.0
257.100000000,drone0/gps/gps/navsat,52.229784317,21.012688602,5.317,0,0,0,0.0,0.0,0.0
257.300000000,drone0/gps/gps/navsat,52.229777984,21.012713801,-0.157,0,0,0,0.0,0.0,0.0
257.500000000,drone0/gps/gps/navsat,52.229794443,21.012700509,2.231,0,0,0,0.0,0.0,0.0
257.600000000,drone0/gps/gps/navsat,52.229768828,21.012707501,6.698,0,0,0,0.0,0.0,0.0
257.800000000,drone0/gps/gps/navsat,52.229782368,21.012711050,2.457,0,0,0,0.0,0.0,0.0
258.000000000,drone0/gps/gps/navsat,52.229766806,21.012671573,1.842,0,0,0,0.0,0.0,0.0
258.100000000,drone0/gps/gps/navsat,52.229753103,21.012717818,2.607,0,0,0,0.0,0.0,0.0
258.300000000,drone0/gps/gps/navsat,52.229762992,21.012679814,2.538,0,0,0,0.0,0.0,0.0
258.500000000,drone0/gps/gps/navsat,52.229760327,21.012706293,1.925,0,0,0,0.0,0.0,0.0
258.600000000,drone0/gps/gps/navsat,52.229764746,21.012702229,-1.076,0,0,0,0.0,0.0,0.0
258.800000000,drone0/gps/gps/navsat,52.229771840,21.012690170,2.202,0,0,0,0.0,0.0,0.0
259.000000000,drone0/gps/gps/navsat,52.229774399,21.012714603,-1.113,0,0,0,0.0,0.0,0.0
259.100000000,drone0/gps/gps/navsat,52.229764016,21.012696248,-4.041,0,0,0,0.0,0.0,0.0
259.300000000,drone0/gps/gps/navsat,52.229756652,21.012684008,-1.065,0,0,0,0.0,0.0,0.0
259.500000000,drone0/gps/gps/navsat,52.229777394,21.012687082,-2.204,0,0,0,0.0,0.0,0.0
259.600000000,drone0/gps/gps/navsat,52.229768177,21.012675979,0.042,0,0,0,0.0,0.0,0.0
259.800000000,drone0/gps/gps/navsat,52.229768345,21.012702216,0.417,0,0,0,0.0,0.0,0.0
260.000000000,drone0/gps/gps/navsat,52.229771571,21.012691108,-3.539,0,0,0,0.0,0.0,0.0
260.100000000,drone0/gps/gps/navsat,52.229790791,21.012653761,1.095,0,0,0,0.0,0.0,0.0
261.200000000,drone0/gps/gps/navsat,52.229771312,21.012695222,3.740,0,0,0,0.0,0.0,0.0
261.300000000,drone0/gps/gps/navsat,52.229786994,21.012673407,1.745,0,0,0,0.0,0.0,0.0
261.500000000,drone0/gps/gps/navsat,52.229748400,21.012677383,-2.321,0,0,0,0.0,0.0,0.0
261.600000000,drone0/gps/gps/navsat,52.229794033,21.012699310,-1.467,0,0,0,0.0,0.0,0.0
261.800000000,drone0/gps/gps/navsat,52.229764916,21.012683456,1.286,0,0,0,0.0,0.0,0.0
262.000000000,drone0/gps/gps/navsat,52.229753205,21.012690718,1.903,0,0,0,0.0,0.0,0.0
262.100000000,drone0/gps/gps/navsat,52.229766684,21.012678169,-5.123,0,0,0,0.0,0.0,0.0
262.300000000,drone0/gps/gps/navsat,52.229776220,21.012671987,2.703,0,0,0,0.0,0.0,0.0
262.500000000,drone0/gps/gps/navsat,52.229757476,21.012664754,0.959,0,0,0,0.0,0.0,0.0
262.600000000,drone0/gps/gps/navsat,52.229770440,21.012642489,0.835,0,0,0,0.0,0.0,0.0
262.800000000,drone0/gps/gps/navsat,52.229752018,21.012660228,0.484,0,0,0,0.0,0.0,0.0
263.000000000,drone0/gps/gps/navsat,52.229752249,21.012667742,-6.627,0,0,0,0.0,0.0,0.0
263.100000000,drone0/gps/gps/navsat,52.229784589,21.012628773,-2.013,0,0,0,0.0,0.0,0.0
263.300000000,drone0/gps/gps/navsat,52.229777436,21.012647091,5.044,0,0,0,0.0,0.0,0.0
263.500000000,drone0/gps/gps/navsat,52.229799874,21.012660931,8.019,0,0,0,0.0,0.0,0.0
263.600000000,drone0/gps/gps/navsat,52.229767868,21.012663902,0.684,0,0,0,0.0,0.0,0.0
263.800000000,drone0/gps/gps/navsat,52.229791648,21.012636411,3.314,0,0,0,0.0,0.0,0.0
264.000000000,drone0/gps/gps/navsat,52.229769045,21.012650649,0.296,0,0,0,0.0,0.0,0.0
264.100000000,drone0/gps/gps/navsat,52.229748209,21.012630384,-2.151,0,0,0,0.0,0.0,0.0
264.300000000,drone0/gps/gps/navsat,52.229798417,21.012620487,-0.210,0,0,0,0.0,0.0,0.0
264.500000000,drone0/gps/gps/navsat,52.229780631,21.012632207,0.809,0,0,0,0.0,0.0,0.0
264.600000000,drone0/gps/gps/navsat,52.229794017,21.012624016,2.440,0,0,0,0.0,0.0,0.0
264.800000000,drone0/gps/gps/navsat,52.229774939,21.012626931,0.810,0,0,0,0.0,0.0,0.0
265.000000000,drone0/gps/gps/navsat,52.229769958,21.012605776,1.973,0,0,0,0.0,0.0,0.0
265.100000000,drone0/gps/gps/navsat,52.229771739,21.012601953,-1.054,0,0,0,0.0,0.0,0.0
265.300000000,drone0/gps/gps/navsat,52.229762888,21.012594362,0.975,0,0,0,0.0,0.0,0.0
265.500000000,drone0/gps/gps/navsat,52.229762810,21.012584647,0.513,0,0,0,0.0,0.0,0.0
265.600000000,drone0/gps/gps/navsat,52.229758338,21.012593589,2.626,0,0,0,0.0,0.0,0.0
265.800000000,drone0/gps/gps/navsat,52.229776226,21.012600876,0.917,0,0,0,0.0,0.0,0.0
266.000000000,drone0/gps/gps/navsat,52.229778760,21.012581297,-0.102,0,0,0,0.0,0.0,0.0
266.100000000,drone0/gps/gps/navsat,52.229759861,21.012609918,3.420,0,0,0,0.0,0.0,0.0
266.300000000,drone0/gps/gps/navsat,52.229770843,21.012603968,-1.880,0,0,0,0.0,0.0,0.0
266.500000000,drone0/gps/gps/navsat,52.229752453,21.012611202,3.341,0,0,0,0.0,0.0,0.0
266.600000000,drone0/gps/gps/navsat,52.229719344,21.012569512,3.126,0,0,0,0.0,0.0,0.0
266.800000000,drone0/gps/gps/navsat,52.229785918,21.012591701,1.333,0,0,0,0.0,0.0,0.0
267.000000000,drone0/gps/gps/navsat,52.229735381,21.012578107,1.527,0,0,0,0.0,0.0,0.0
267.100000000,drone0/gps/gps/navsat,52.229779972,21.012592678,4.118,0,0,0,0.0,0.0,0.0
267.300000000,drone0/gps/gps/navsat,52.229773681,21.012591977,2.907,0,0,0,0.0,0.0,0.0
267.500000000,drone0/gps/gps/navsat,52.229771469,21.012617897,0.484,0,0,0,0.0,0.0,0.0
267.600000000,drone0/gps/gps/navsat,52.229784288,21.012603117,3.292,0,0,0,0.0,0.0,0.0
267.800000000,drone0/gps/gps/navsat,52.229777684,21.012567482,-0.159,0,0,0,0.0,0.0,0.0
268.000000000,drone0/gps/gps/navsat,52.229758612,21.012614163,-2.118,0,0,0,0.0,0.0,0.0
268.100000000,drone0/gps/gps/navsat,52.229793613,21.012597413,3.301,0,0,0,0.0,0.0,0.0
269.100000000,drone0/gps/gps/navsat,52.229768339,21.012589734,2.385,0,0,0,0.0,0.0,0.0
269.300000000,drone0/gps/gps/navsat,52.229766745,21.012588662,-3.084,0,0,0,0.0,0.0,0.0
269.500000000,drone0/gps/gps/navsat,52.229787557,21.012572255,-1.195,0,0,0,0.0,0.0,0.0
269.600000000,drone0/gps/gps/navsat,52.229774559,21.012590875,2.720,0,0,0,0.0,0.0,0.0
269.800000000,drone0/gps/gps/navsat,52.229776270,21.012601235,1.866,0,0,0,0.0,0.0,0.0
270.000000000,drone0/gps/gps/navsat,52.229773612,21.012596739,-0.268,0,0,0,0.0,0.0,0.0
270.100000000,drone0/gps/gps/navsat,52.229782897,21.012622405,1.759,0,0,0,0.0,0.0,0.0
270.300000000,drone0/gps/gps/navsat,52.229753873,21.012592336,4.671,0,0,0,0.0,0.0,0.0
270.500000000,drone0/gps/gps/navsat,52.229757555,21.012590264,-1.657,0,0,0,0.0,0.0,0.0
270.600000000,drone0/gps/gps/navsat,52.229769816,21.012615967,8.917,0,0,0,0.0,0.0,0.0
270.800000000,drone0/gps/gps/navsat,52.229780691,21.012586214,-4.337,0,0,0,0.0,0.0,0.0
271.000000000,drone0/gps/gps/navsat,52.229760260,21.012604029,1.609,0,0,0,0.0,0.0,0.0
271.100000000,drone0/gps/gps/navsat,52.229777084,21.012589004,-2.438,0,0,0,0.0,0.0,0.0
271.300000000,drone0/gps/gps/navsat,52.229764968,21.012561696,-0.024,0,0,0,0.0,0.0,0.0
271.500000000,drone0/gps/gps/navsat,52.229779313,21.012602947,-5.024,0,0,0,0.0,0.0,0.0
271.600000000,drone0/gps/gps/navsat,52.229773530,21.012564017,-1.738,0,0,0,0.0,0.0,0.0
