stamp,pos_x,pos_y,pos_z,quat_x,quat_y,quat_z,quat_w
7.988000000,0.000000,0.000000,0.350793,0.000000000,-0.000000000,0.000000000,1.000000000
8.088000000,0.000000,0.000000,0.280390,0.000000000,-0.000000000,0.000000000,1.000000000
8.168000000,0.000000,0.000000,0.153225,0.000000000,-0.000000000,0.000000000,1.000000000
8.240000000,-0.000000,0.000000,0.047095,-0.000000000,-0.000000001,-0.000000000,1.000000000
8.264000000,-0.000000,0.000000,0.047119,-0.000000000,-0.000000001,-0.000000000,1.000000000
8.276000000,-0.000000,0.000000,0.047131,-0.000000000,-0.000000001,-0.000000000,1.000000000
8.288000000,-0.000000,0.000000,0.047143,-0.000000000,-0.000000001,-0.000000000,1.000000000
8.300000000,-0.000000,0.000000,0.047155,-0.000000000,-0.000000001,-0.000000000,1.000000000
8.408000000,-0.000000,-0.000000,0.047263,-0.000000000,-0.000000002,-0.000000000,1.000000000
8.576000000,-0.000000,-0.000000,0.047431,-0.000000000,-0.000000002,-0.000000000,1.000000000
8.768000000,-0.000000,-0.000000,0.047623,-0.000000000,-0.000000003,-0.000000000,1.000000000
8.888000000,-0.000000,-0.000000,0.047742,-0.000000000,-0.000000003,-0.000000000,1.000000000
9.164000000,-0.000000,-0.000000,0.048018,-0.000000000,-0.000000004,-0.000000000,1.000000000
9.288000000,-0.000000,-0.000000,0.048142,-0.000000000,-0.000000005,-0.000000000,1.000000000
9.392000000,-0.000000,-0.000000,0.048246,-0.000000000,-0.000000005,-0.000000000,1.000000000
9.488000000,-0.000000,-0.000000,0.048342,-0.000000000,-0.000000006,0.000000000,1.000000000
9.588000000,-0.000000,0.000000,0.048442,-0.000000000,-0.000000006,0.000000000,1.000000000
9.692000000,-0.000000,0.000000,0.048545,-0.000000000,-0.000000006,0.000000000,1.000000000
9.788000000,-0.000000,0.000000,0.048641,-0.000000000,-0.000000007,0.000000000,1.000000000
9.888000000,-0.000000,0.000000,0.048741,-0.000000000,-0.000000007,0.000000000,1.000000000
9.992000000,-0.000000,0.000000,0.048845,-0.000000000,-0.000000007,0.000000000,1.000000000
10.088000000,-0.000000,0.000000,0.048941,-0.000000000,-0.000000008,0.000000000,1.000000000
10.188000000,-0.000000,0.000000,0.049041,-0.000000000,-0.000000008,0.000000000,1.000000000
10.232000000,-0.000000,0.000000,0.049085,-0.000000000,-0.000000008,0.000000000,1.000000000
10.380000000,-0.000000,0.000000,0.049233,-0.000000000,-0.000000009,0.000000000,1.000000000
10.488000000,-0.000000,0.000000,0.049340,-0.000000000,-0.000000009,0.000000000,1.000000000
10.592000000,-0.000000,0.000000,0.049444,-0.000000000,-0.000000010,0.000000000,1.000000000
10.688000000,-0.000000,0.000000,0.049540,-0.000000000,-0.000000010,0.000000000,1.000000000
10.788000000,-0.000000,0.000000,0.049640,-0.000000000,-0.000000010,0.000000000,1.000000000
10.884000000,-0.000000,0.000000,0.049736,-0.000000000,-0.000000011,0.000000000,1.000000000
10.988000000,-0.000000,0.000000,0.049840,-0.000000000,-0.000000011,0.000000000,1.000000000
11.060000000,-0.000000,0.000000,0.049912,-0.000000000,-0.000000011,0.000000000,1.000000000
11.192000000,-0.000000,0.000000,0.050044,-0.000000000,-0.000000012,0.000000000,1.000000000
11.228000000,-0.000000,0.000000,0.050079,-0.000000000,-0.000000012,0.000000000,1.000000000
11.388000000,-0.000000,0.000000,0.050239,-0.000000000,-0.000000013,0.000000000,1.000000000
11.492000000,-0.000000,0.000000,0.050343,-0.000000000,-0.000000013,0.000000000,1.000000000
11.588000000,-0.000000,0.000000,0.050439,-0.000000000,-0.000000013,-0.000000000,1.000000000
11.688000000,-0.000000,0.000000,0.050539,-0.000000000,-0.000000014,-0.000000000,1.000000000
11.792000000,-0.000000,0.000000,0.050643,-0.000000000,-0.000000014,-0.000000000,1.000000000
11.888000000,-0.000000,0.000000,0.050739,-0.000000000,-0.000000014,-0.000000000,1.000000000
11.988000000,-0.000000,-0.000000,0.050838,-0.000000000,-0.000000015,-0.000000000,1.000000000
12.084000000,-0.000000,-0.000000,0.050934,-0.000000000,-0.000000015,-0.000000000,1.000000000
12.188000000,-0.000000,-0.000000,0.051038,-0.000000000,-0.000000016,-0.000000000,1.000000000
12.224000000,-0.000000,-0.000000,0.051074,-0.000000000,-0.000000016,-0.000000000,1.000000000
12.392000000,-0.000000,-0.000000,0.051242,-0.000000000,-0.000000016,-0.000000000,1.000000000
12.488000000,-0.000000,-0.000000,0.051338,-0.000000000,-0.000000017,-0.000000000,1.000000000
12.588000000,-0.000000,-0.000000,0.051438,-0.000000000,-0.000000017,-0.000000000,1.000000000
12.692000000,-0.000000,-0.000000,0.051542,-0.000000000,-0.000000017,-0.000000000,1.000000000
12.788000000,-0.000000,-0.000000,0.051637,-0.000000000,-0.000000018,-0.000000000,1.000000000
12.888000000,-0.000000,-0.000000,0.051737,-0.000000000,-0.000000018,-0.000000000,1.000000000
12.992000000,-0.000000,-0.000000,0.051841,-0.000000000,-0.000000019,-0.000000000,1.000000000
13.076000000,-0.000000,-0.000000,0.051925,-0.000000000,-0.000000019,-0.000000000,1.000000000
13.188000000,-0.000000,-0.000000,0.052037,-0.000000000,-0.000000019,-0.000000000,1.000000000
13.232000000,-0.000000,-0.000000,0.052081,-0.000000000,-0.000000019,-0.000000000,1.000000000
13.368000000,-0.000000,-0.000000,0.052217,-0.000000000,-0.000000020,-0.000000000,1.000000000
13.436000000,-0.000000,-0.000000,0.052285,-0.000000000,-0.000000020,-0.000000000,1.000000000
13.544000000,-0.000000,-0.000000,0.052393,-0.000000000,-0.000000021,-0.000000000,1.000000000
13.680000000,-0.000000,-0.000000,0.052528,-0.000000000,-0.000000021,-0.000000000,1.000000000
13.724000000,-0.000000,-0.000000,0.052572,-0.000000000,-0.000000021,-0.000000000,1.000000000
13.844000000,-0.000000,0.000000,0.052692,-0.000000000,-0.000000022,-0.000000000,1.000000000
13.952000000,-0.000000,0.000000,0.052800,-0.000000000,-0.000000022,-0.000000000,1.000000000
14.088000000,-0.000000,0.000000,0.052936,-0.000000000,-0.000000023,-0.000000000,1.000000000
14.192000000,-0.000000,0.000000,0.053040,-0.000000000,-0.000000023,-0.000000000,1.000000000
14.240000000,-0.000000,0.000000,0.053088,-0.000000000,-0.000000023,-0.000000000,1.000000000
14.336000000,-0.000000,0.000000,0.053184,-0.000000000,-0.000000024,-0.000000000,1.000000000
14.468000000,-0.000000,0.000000,0.053315,-0.000000000,-0.000000024,-0.000000000,1.000000000
14.540000000,-0.000000,0.000000,0.053387,-0.000000000,-0.000000024,-0.000000000,1.000000000
14.636000000,-0.000000,0.000000,0.053483,-0.000000000,-0.000000025,-0.000000000,1.000000000
14.756000000,-0.000000,0.000000,0.053603,-0.000000000,-0.000000025,-0.000000000,1.000000000
14.888000000,-0.000000,0.000000,0.053735,-0.000000000,-0.000000026,-0.000000000,1.000000000
14.988000000,-0.000000,0.000000,0.053835,-0.000000000,-0.000000026,-0.000000000,1.000000000
15.032000000,-0.000000,0.000000,0.053879,-0.000000000,-0.000000026,-0.000000000,1.000000000
15.188000000,-0.000000,0.000000,0.054034,-0.000000000,-0.000000027,-0.000000000,1.000000000
15.224000000,-0.000000,0.000000,0.054070,-0.000000000,-0.000000027,-0.000000000,1.000000000
15.368000000,-0.000000,0.000000,0.054214,-0.000000000,-0.000000027,-0.000000000,1.000000000
15.488000000,-0.000000,0.000000,0.054334,-0.000000000,-0.000000028,-0.000000000,1.000000000
15.588000000,-0.000000,0.000000,0.054434,-0.000000000,-0.000000028,-0.000000000,1.000000000
15.672000000,-0.000000,0.000000,0.054518,-0.000000000,-0.000000029,-0.000000000,1.000000000
15.788000000,-0.000000,0.000000,0.054632,-0.000000000,-0.000000027,-0.000000000,1.000000000
15.888000000,-0.000000,0.000000,0.054714,-0.000000000,-0.000000021,-0.000000000,1.000000000
15.992000000,-0.000000,0.000000,0.054780,-0.000000000,-0.000000017,-0.000000000,1.000000000
16.064000000,-0.000000,0.000000,0.054816,-0.000000000,-0.000000014,-0.000000000,1.000000000
16.188000000,-0.000000,0.000000,0.054865,-0.000000000,-0.000000011,-0.000000000,1.000000000
16.232000000,-0.000000,0.000000,0.054879,-0.000000000,-0.000000010,-0.000000000,1.000000000
16.388000000,-0.000000,0.000000,0.054918,-0.000000000,-0.000000007,-0.000000000,1.000000000
16.460000000,-0.000000,0.000000,0.054931,-0.000000000,-0.000000006,-0.000000000,1.000000000
16.592000000,-0.000000,0.000000,0.054950,-0.000000000,-0.000000005,-0.000000000,1.000000000
16.668000000,-0.000000,0.000000,0.054959,-0.000000000,-0.000000004,-0.000000000,1.000000000
16.788000000,-0.000000,0.000000,0.054969,-0.000000000,-0.000000004,-0.000000000,1.000000000
16.872000000,-0.000000,0.000000,0.054975,-0.000000000,-0.000000003,-0.000000000,1.000000000
16.988000000,-0.000000,0.000000,0.054981,-0.000000000,-0.000000003,-0.000000000,1.000000000
17.064000000,-0.000000,0.000000,0.054984,-0.000000000,-0.000000003,0.000000000,1.000000000
17.192000000,-0.000000,0.000000,0.054988,-0.000000000,-0.000000002,0.000000000,1.000000000
17.228000000,-0.000000,0.000000,0.054989,-0.000000000,-0.000000002,0.000000000,1.000000000
17.388000000,-0.000000,0.000000,0.054992,-0.000000000,-0.000000002,0.000000000,1.000000000
17.484000000,-0.000000,0.000000,0.054994,-0.000000000,-0.000000002,0.000000000,1.000000000
17.588000000,-0.000000,0.000000,0.054995,-0.000000000,-0.000000002,0.000000000,1.000000000
17.688000000,-0.000000,0.000000,0.054996,-0.000000000,-0.000000002,0.000000000,1.000000000
17.792000000,-0.000000,0.000000,0.054997,-0.000000000,-0.000000002,0.000000000,1.000000000
17.880000000,-0.000000,0.000000,0.054997,-0.000000000,-0.000000002,0.000000000,1.000000000
17.988000000,-0.000000,0.000000,0.054997,-0.000000000,-0.000000002,0.000000000,1.000000000
18.072000000,-0.000000,0.000000,0.054998,-0.000000000,-0.000000002,0.000000000,1.000000000
18.188000000,-0.000000,0.000000,0.054998,-0.000000000,-0.000000002,0.000000000,1.000000000
18.260000000,-0.000000,0.000000,0.054998,-0.000000000,-0.000000002,0.000000000,1.000000000
18.332000000,-0.000000,0.000000,0.054998,-0.000000000,-0.000000002,0.000000000,1.000000000
18.440000000,-0.000000,0.000000,0.054998,-0.000000000,-0.000000002,0.000000000,1.000000000
18.588000000,-0.000000,0.000000,0.054999,-0.000000000,-0.000000002,0.000000000,1.000000000
18.684000000,-0.000000,0.000000,0.054999,-0.000000000,-0.000000002,0.000000000,1.000000000
18.788000000,-0.000000,0.000000,0.054999,-0.000000000,-0.000000002,0.000000000,1.000000000
18.884000000,-0.000000,0.000000,0.054999,-0.000000000,-0.000000002,0.000000000,1.000000000
18.992000000,-0.000000,0.000000,0.054999,-0.000000000,-0.000000002,0.000000000,1.000000000
19.080000000,-0.000000,0.000000,0.054999,-0.000000000,-0.000000002,0.000000000,1.000000000
19.176000000,-0.000000,0.000000,0.054999,-0.000000000,-0.000000002,0.000000000,1.000000000
19.244000000,-0.000000,0.000000,0.054999,-0.000000000,-0.000000002,0.000000000,1.000000000
19.316000000,-0.000000,0.000000,0.054999,-0.000000000,-0.000000002,0.000000000,1.000000000
19.448000000,-0.000000,0.000000,0.054999,-0.000000000,-0.000000002,0.000000000,1.000000000
19.464000000,-0.000000,0.000000,0.054999,-0.000000000,-0.000000002,0.000000000,1.000000000
19.664000000,-0.000000,0.000000,0.054999,-0.000000000,-0.000000002,0.000000000,1.000000000
19.760000000,-0.000000,0.000000,0.054999,-0.000000000,-0.000000002,0.000000000,1.000000000
19.832000000,-0.000000,0.000000,0.054999,-0.000000000,-0.000000002,0.000000000,1.000000000
19.988000000,-0.000000,0.000000,0.054999,-0.000000000,-0.000000002,0.000000000,1.000000000
20.048000000,-0.000000,0.000000,0.054999,-0.000000000,-0.000000002,0.000000000,1.000000000
20.160000000,-0.000000,0.000000,0.054999,-0.000000000,-0.000000002,0.000000000,1.000000000
20.252000000,-0.000000,0.000000,0.054999,-0.000000000,-0.000000002,0.000000000,1.000000000
20.388000000,-0.000000,0.000000,0.054999,-0.000000000,-0.000000002,0.000000000,1.000000000
20.432000000,-0.000000,0.000000,0.054999,-0.000000000,-0.000000002,0.000000000,1.000000000
20.588000000,-0.000000,0.000000,0.054999,-0.000000000,-0.000000002,0.000000000,1.000000000
20.636000000,-0.000000,0.000000,0.054999,-0.000000000,-0.000000002,0.000000000,1.000000000
21.024000000,-0.000000,0.000000,0.054999,-0.000000000,-0.000000002,0.000000000,1.000000000
21.260000000,-0.000000,0.000000,0.054999,-0.000000000,-0.000000002,0.000000000,1.000000000
21.480000000,-0.000000,0.000000,0.054999,-0.000000000,-0.000000002,0.000000000,1.000000000
21.548000000,-0.000000,0.000000,0.054999,-0.000000000,-0.000000002,0.000000000,1.000000000
21.668000000,-0.000000,0.000000,0.054999,-0.000000000,-0.000000002,0.000000000,1.000000000
21.788000000,-0.000000,0.000000,0.054999,-0.000000000,-0.000000002,0.000000000,1.000000000
21.888000000,-0.000000,0.000000,0.054999,-0.000000000,-0.000000002,0.000000000,1.000000000
21.992000000,-0.000000,0.000000,0.054999,-0.000000000,-0.000000002,0.000000000,1.000000000
22.088000000,-0.000000,0.000000,0.054999,-0.000000000,-0.000000002,0.000000000,1.000000000
22.188000000,-0.000000,0.000000,0.054999,-0.000000000,-0.000000002,0.000000000,1.000000000
22.292000000,-0.000000,0.000000,0.054999,-0.000000000,-0.000000002,0.000000000,1.000000000
22.388000000,-0.000000,0.000000,0.054999,-0.000000000,-0.000000002,0.000000000,1.000000000
22.488000000,-0.000000,0.000000,0.054999,-0.000000000,-0.000000002,0.000000000,1.000000000
22.560000000,-0.000000,0.000000,0.054999,-0.000000000,-0.000000002,0.000000000,1.000000000
22.676000000,-0.000000,0.000000,0.054999,-0.000000000,-0.000000002,0.000000000,1.000000000
22.788000000,-0.000000,0.000000,0.054999,-0.000000000,-0.000000002,0.000000000,1.000000000
22.892000000,-0.000000,0.000000,0.054999,-0.000000000,-0.000000002,0.000000000,1.000000000
22.988000000,-0.000000,0.000000,0.054999,-0.000000000,-0.000000002,0.000000000,1.000000000
23.088000000,-0.000000,0.000000,0.054999,-0.000000000,-0.000000002,0.000000000,1.000000000
23.192000000,-0.000000,0.000000,0.054999,-0.000000000,-0.000000002,0.000000000,1.000000000
23.288000000,-0.000000,0.000000,0.054999,-0.000000000,-0.000000002,0.000000000,1.000000000
23.388000000,-0.000000,0.000000,0.054999,-0.000000000,-0.000000002,0.000000000,1.000000000
23.492000000,-0.000000,0.000000,0.054999,-0.000000000,-0.000000002,0.000000000,1.000000000
23.556000000,-0.000000,0.000000,0.054999,-0.000000000,-0.000000002,0.000000000,1.000000000
23.624000000,-0.000000,0.000000,0.054999,-0.000000000,-0.000000002,0.000000000,1.000000000
23.792000000,-0.000000,0.000000,0.054999,-0.000000000,-0.000000002,0.000000000,1.000000000
23.888000000,-0.000000,0.000000,0.054999,-0.000000000,-0.000000002,0.000000000,1.000000000
23.988000000,-0.000000,0.000000,0.054999,-0.000000000,-0.000000002,0.000000000,1.000000000
24.092000000,-0.000000,0.000000,0.054999,-0.000000000,-0.000000002,0.000000000,1.000000000
24.188000000,-0.000000,0.000000,0.054999,-0.000000000,-0.000000002,0.000000000,1.000000000
24.288000000,-0.000000,0.000000,0.054999,-0.000000000,-0.000000002,0.000000000,1.000000000
24.392000000,-0.000000,0.000000,0.054999,-0.000000000,-0.000000002,0.000000000,1.000000000
24.488000000,-0.000000,0.000000,0.054999,-0.000000000,-0.000000002,0.000000000,1.000000000
24.564000000,-0.000000,0.000000,0.054999,-0.000000000,-0.000000002,0.000000000,1.000000000
24.680000000,-0.000000,0.000000,0.054999,-0.000000000,-0.000000002,0.000000000,1.000000000
24.788000000,-0.000000,0.000000,0.054999,-0.000000000,-0.000000002,0.000000000,1.000000000
24.888000000,-0.000000,0.000000,0.054999,-0.000000000,-0.000000002,0.000000000,1.000000000
24.992000000,-0.000000,0.000000,0.054999,-0.000000000,-0.000000002,0.000000000,1.000000000
25.080000000,-0.000000,0.000000,0.054999,-0.000000000,-0.000000002,0.000000000,1.000000000
25.188000000,-0.000000,0.000000,0.054999,-0.000000000,-0.000000002,0.000000000,1.000000000
25.292000000,-0.000000,0.000000,0.054999,-0.000000000,-0.000000002,0.000000000,1.000000000
25.388000000,-0.000000,0.000000,0.054999,-0.000000000,-0.000000002,0.000000000,1.000000000
25.488000000,-0.000000,0.000000,0.054999,-0.000000000,-0.000000002,0.000000000,1.000000000
25.592000000,-0.000000,0.000000,0.054999,-0.000000000,-0.000000002,0.000000000,1.000000000
25.652000000,-0.000000,0.000000,0.054999,-0.000000000,-0.000000002,0.000000000,1.000000000
25.788000000,-0.000000,0.000000,0.054999,-0.000000000,-0.000000002,0.000000000,1.000000000
25.892000000,-0.000000,0.000000,0.054999,-0.000000000,-0.000000002,0.000000000,1.000000000
25.988000000,-0.000000,0.000000,0.054999,-0.000000000,-0.000000002,0.000000000,1.000000000
26.088000000,-0.000000,0.000000,0.054999,-0.000000000,-0.000000002,0.000000000,1.000000000
26.192000000,-0.000000,0.000000,0.054999,-0.000000000,-0.000000002,0.000000000,1.000000000
26.288000000,-0.000000,0.000000,0.054999,-0.000000000,-0.000000002,0.000000000,1.000000000
26.388000000,-0.000000,0.000000,0.054999,-0.000000000,-0.000000002,0.000000000,1.000000000
26.492000000,-0.000000,0.000000,0.054999,-0.000000000,-0.000000002,0.000000000,1.000000000
26.588000000,-0.000000,0.000000,0.054999,-0.000000000,-0.000000002,0.000000000,1.000000000
26.688000000,-0.000000,0.000000,0.054999,-0.000000000,-0.000000002,0.000000000,1.000000000
26.784000000,-0.000000,0.000000,0.054999,-0.000000000,-0.000000002,0.000000000,1.000000000
26.876000000,-0.000000,0.000000,0.054999,-0.000000000,-0.000000002,0.000000000,1.000000000
26.988000000,-0.000000,0.000000,0.054999,-0.000000000,-0.000000002,0.000000000,1.000000000
27.092000000,-0.000000,0.000000,0.054999,-0.000000000,-0.000000002,0.000000000,1.000000000
27.188000000,-0.000000,0.000000,0.054999,-0.000000000,-0.000000002,0.000000000,1.000000000
27.288000000,-0.000000,0.000000,0.054999,-0.000000000,-0.000000002,0.000000000,1.000000000
27.392000000,-0.000000,0.000000,0.054999,-0.000000000,-0.000000002,0.000000000,1.000000000
27.480000000,-0.000000,0.000000,0.054999,-0.000000000,-0.000000002,0.000000000,1.000000000
27.588000000,-0.000000,0.000000,0.054999,-0.000000000,-0.000000002,0.000000000,1.000000000
27.684000000,-0.000000,0.000000,0.054999,-0.000000000,-0.000000002,0.000000000,1.000000000
27.756000000,-0.000000,0.000000,0.054999,-0.000000000,-0.000000002,0.000000000,1.000000000
27.860000000,-0.000000,0.000000,0.054999,-0.000000000,-0.000000002,0.000000000,1.000000000
27.992000000,-0.000000,0.000000,0.054999,-0.000000000,-0.000000002,0.000000000,1.000000000
28.088000000,-0.000000,0.000000,0.054999,-0.000000000,-0.000000002,0.000000000,1.000000000
28.188000000,-0.000000,0.000000,0.054999,-0.000000000,-0.000000002,0.000000000,1.000000000
28.292000000,-0.000000,0.000000,0.054999,-0.000000000,-0.000000002,0.000000000,1.000000000
28.388000000,-0.000000,0.000000,0.054999,-0.000000000,-0.000000002,0.000000000,1.000000000
28.488000000,-0.000000,0.000000,0.054999,-0.000000000,-0.000000002,0.000000000,1.000000000
28.592000000,-0.000000,0.000000,0.054999,-0.000000000,-0.000000002,0.000000000,1.000000000
28.688000000,-0.000000,0.000000,0.054999,-0.000000000,-0.000000002,0.000000000,1.000000000
28.760000000,-0.000000,0.000000,0.054999,-0.000000000,-0.000000002,0.000000000,1.000000000
28.868000000,-0.000000,0.000000,0.054999,-0.000000000,-0.000000002,0.000000000,1.000000000
28.988000000,-0.000000,0.000000,0.054999,-0.000000000,-0.000000002,0.000000000,1.000000000
29.088000000,-0.000000,0.000000,0.054999,-0.000000000,-0.000000002,0.000000000,1.000000000
29.192000000,-0.000000,0.000000,0.054999,-0.000000000,-0.000000002,0.000000000,1.000000000
29.288000000,-0.000000,0.000000,0.054999,-0.000000000,-0.000000002,0.000000000,1.000000000
29.388000000,-0.000000,0.000000,0.054999,-0.000000000,-0.000000002,0.000000000,1.000000000
29.492000000,-0.000000,0.000000,0.054999,-0.000000000,-0.000000002,0.000000000,1.000000000
29.588000000,-0.000000,0.000000,0.054999,-0.000000000,-0.000000002,0.000000000,1.000000000
29.688000000,-0.000000,0.000000,0.054999,-0.000000000,-0.000000002,0.000000000,1.000000000
29.760000000,-0.000000,0.000000,0.054999,-0.000000000,-0.000000002,0.000000000,1.000000000
29.888000000,-0.000000,0.000000,0.054999,-0.000000000,-0.000000002,0.000000000,1.000000000
29.988000000,-0.000000,0.000000,0.054999,-0.000000000,-0.000000002,0.000000000,1.000000000
30.092000000,-0.000000,0.000000,0.054999,-0.000000000,-0.000000002,0.000000000,1.000000000
30.188000000,-0.000000,0.000000,0.054999,-0.000000000,-0.000000002,0.000000000,1.000000000
30.284000000,-0.000000,0.000000,0.054999,-0.000000000,-0.000000002,0.000000000,1.000000000
30.392000000,-0.000000,0.000000,0.054999,-0.000000000,-0.000000002,0.000000000,1.000000000
30.480000000,-0.000000,0.000000,0.054999,-0.000000000,-0.000000002,0.000000000,1.000000000
30.588000000,-0.000000,0.000000,0.054999,-0.000000000,-0.000000002,0.000000000,1.000000000
30.692000000,-0.000000,0.000000,0.054999,-0.000000000,-0.000000002,0.000000000,1.000000000
30.728000000,-0.000000,0.000000,0.054999,-0.000000000,-0.000000002,0.000000000,1.000000000
30.860000000,-0.000000,0.000000,0.054999,-0.000000000,-0.000000002,0.000000000,1.000000000
30.992000000,-0.000000,0.000000,0.054999,-0.000000000,-0.000000002,0.000000000,1.000000000
31.088000000,-0.000000,0.000000,0.054999,-0.000000000,-0.000000002,0.000000000,1.000000000
31.188000000,-0.000000,0.000000,0.054999,-0.000000000,-0.000000002,0.000000000,1.000000000
31.292000000,-0.000000,0.000000,0.054999,-0.000000000,-0.000000002,0.000000000,1.000000000
31.388000000,-0.000000,0.000000,0.054999,-0.000000000,-0.000000002,0.000000000,1.000000000
31.488000000,-0.000000,0.000000,0.054999,-0.000000000,-0.000000002,0.000000000,1.000000000
31.592000000,-0.000000,0.000000,0.054999,-0.000000000,-0.000000002,0.000000000,1.000000000
31.676000000,-0.000000,0.000000,0.054999,-0.000000000,-0.000000002,0.000000000,1.000000000
31.788000000,-0.000000,0.000000,0.054999,-0.000000000,-0.000000002,0.000000000,1.000000000
31.872000000,-0.000000,0.000000,0.054999,-0.000000000,-0.000000002,0.000000000,1.000000000
31.952000000,-0.000000,0.000000,0.054999,-0.000000000,-0.000000002,0.000000000,1.000000000
32.072000000,-0.000000,0.000000,0.054999,-0.000000000,-0.000000002,0.000000000,1.000000000
32.192000000,-0.000000,0.000000,0.054999,-0.000000000,-0.000000002,0.000000000,1.000000000
32.288000000,-0.000000,0.000000,0.054999,-0.000000000,-0.000000002,0.000000000,1.000000000
32.388000000,-0.000000,0.000000,0.054999,-0.000000000,-0.000000002,0.000000000,1.000000000
32.492000000,-0.000000,0.000000,0.054999,-0.000000000,-0.000000002,0.000000000,1.000000000
32.588000000,-0.000000,0.000000,0.054999,-0.000000000,-0.000000002,0.000000000,1.000000000
32.688000000,-0.000000,0.000000,0.054999,-0.000000000,-0.000000002,0.000000000,1.000000000
32.792000000,-0.000000,0.000000,0.054999,-0.000000000,-0.000000002,0.000000000,1.000000000
32.888000000,-0.000000,0.000000,0.054999,-0.000000000,-0.000000002,0.000000000,1.000000000
32.948000000,-0.000000,0.000000,0.054999,-0.000000000,-0.000000002,0.000000000,1.000000000
33.084000000,-0.000000,0.000000,0.054999,-0.000000000,-0.000000002,0.000000000,1.000000000
33.188000000,-0.000000,0.000000,0.054999,-0.000000000,-0.000000002,0.000000000,1.000000000
33.276000000,-0.000000,0.000000,0.054999,-0.000000000,-0.000000002,0.000000000,1.000000000
33.392000000,-0.000000,0.000000,0.054999,-0.000000000,-0.000000002,0.000000000,1.000000000
33.488000000,-0.000000,0.000000,0.054999,-0.000000000,-0.000000002,0.000000000,1.000000000
33.588000000,-0.000000,0.000000,0.054999,-0.000000000,-0.000000002,0.000000000,1.000000000
33.692000000,-0.000000,0.000000,0.054999,-0.000000000,-0.000000002,0.000000000,1.000000000
33.788000000,-0.000000,0.000000,0.054999,-0.000000000,-0.000000002,0.000000000,1.000000000
33.836000000,-0.000000,0.000000,0.054999,-0.000000000,-0.000000002,0.000000000,1.000000000
34.232000000,-0.000000,0.000000,0.054999,-0.000000000,-0.000000002,0.000000000,1.000000000
34.416000000,-0.000000,0.000000,0.054999,-0.000000000,-0.000000002,0.000000000,1.000000000
34.592000000,-0.000000,0.000000,0.054999,-0.000000000,-0.000000002,0.000000000,1.000000000
34.688000000,-0.000000,0.000000,0.054999,-0.000000000,-0.000000002,0.000000000,1.000000000
34.788000000,-0.000000,0.000000,0.054999,-0.000000000,-0.000000002,0.000000000,1.000000000
34.892000000,-0.000000,0.000000,0.054999,-0.000000000,-0.000000002,0.000000000,1.000000000
34.956000000,-0.000000,0.000000,0.054999,-0.000000000,-0.000000002,0.000000000,1.000000000
35.036000000,-0.000000,0.000000,0.054999,-0.000000000,-0.000000002,0.000000000,1.000000000
35.192000000,-0.000000,0.000000,0.054999,-0.000000000,-0.000000002,0.000000000,1.000000000
35.288000000,-0.000000,0.000000,0.054999,-0.000000000,-0.000000002,0.000000000,1.000000000
35.388000000,-0.000000,0.000000,0.054999,-0.000000000,-0.000000002,0.000000000,1.000000000
35.492000000,-0.000000,0.000000,0.054999,-0.000000000,-0.000000002,0.000000000,1.000000000
35.588000000,-0.000000,0.000000,0.054999,-0.000000000,-0.000000002,0.000000000,1.000000000
35.676000000,-0.000000,0.000000,0.054999,-0.000000000,-0.000000002,0.000000000,1.000000000
35.792000000,-0.000000,0.000000,0.054999,-0.000000000,-0.000000002,0.000000000,1.000000000
35.888000000,-0.000000,0.000000,0.054999,-0.000000000,-0.000000002,0.000000000,1.000000000
35.988000000,-0.000000,0.000000,0.054999,-0.000000000,-0.000000002,0.000000000,1.000000000
36.092000000,-0.000000,0.000000,0.054999,-0.000000000,-0.000000002,0.000000000,1.000000000
36.164000000,-0.000000,0.000000,0.054999,-0.000000000,-0.000000002,0.000000000,1.000000000
36.236000000,-0.000000,0.000000,0.054999,-0.000000000,-0.000000002,0.000000000,1.000000000
36.392000000,-0.000000,0.000000,0.054999,-0.000000000,-0.000000002,0.000000000,1.000000000
36.488000000,-0.000000,0.000000,0.054999,-0.000000000,-0.000000002,0.000000000,1.000000000
36.588000000,-0.000000,0.000000,0.054999,-0.000000000,-0.000000002,0.000000000,1.000000000
36.692000000,-0.000000,0.000000,0.054999,-0.000000000,-0.000000002,0.000000000,1.000000000
36.788000000,-0.000000,0.000000,0.054999,-0.000000000,-0.000000002,0.000000000,1.000000000
36.888000000,-0.000000,0.000000,0.054999,-0.000000000,-0.000000002,0.000000000,1.000000000
36.992000000,-0.000000,0.000000,0.054999,-0.000000000,-0.000000002,0.000000000,1.000000000
37.088000000,-0.000000,0.000000,0.054999,-0.000000000,-0.000000002,0.000000000,1.000000000
37.176000000,-0.000000,0.000000,0.054999,-0.000000000,-0.000000002,0.000000000,1.000000000
37.268000000,-0.000000,0.000000,0.054999,-0.000000000,-0.000000002,0.000000000,1.000000000
37.388000000,-0.000000,0.000000,0.054999,-0.000000000,-0.000000002,0.000000000,1.000000000
37.488000000,-0.000000,0.000000,0.054999,-0.000000000,-0.000000002,0.000000000,1.000000000
37.592000000,-0.000000,0.000000,0.054999,-0.000000000,-0.000000002,0.000000000,1.000000000
37.664000000,-0.000000,0.000000,0.054999,-0.000000000,-0.000000002,0.000000000,1.000000000
37.788000000,-0.000000,0.000000,0.054999,-0.000000000,-0.000000002,0.000000000,1.000000000
37.892000000,-0.000000,0.000000,0.054999,-0.000000000,-0.000000002,0.000000000,1.000000000
37.988000000,-0.000000,0.000000,0.054999,-0.000000000,-0.000000002,0.000000000,1.000000000
38.088000000,-0.000000,0.000000,0.054999,-0.000000000,-0.000000002,0.000000000,1.000000000
38.144000000,-0.000000,0.000000,0.054999,-0.000000000,-0.000000002,0.000000000,1.000000000
38.264000000,-0.000000,0.000000,0.054999,-0.000000000,-0.000000002,0.000000000,1.000000000
38.388000000,-0.000000,0.000000,0.054999,-0.000000000,-0.000000002,0.000000000,1.000000000
38.492000000,-0.000000,0.000000,0.054999,-0.000000000,-0.000000002,0.000000000,1.000000000
38.588000000,-0.000000,0.000000,0.054999,-0.000000000,-0.000000002,0.000000000,1.000000000
38.660000000,-0.000000,0.000000,0.054999,-0.000000000,-0.000000002,0.000000000,1.000000000
38.792000000,-0.000000,0.000000,0.054999,-0.000000000,-0.000000002,0.000000000,1.000000000
38.852000000,-0.000000,0.000000,0.054999,-0.000000000,-0.000000002,0.000000000,1.000000000
38.988000000,-0.000000,0.000000,0.054999,-0.000000000,-0.000000002,0.000000000,1.000000000
39.068000000,-0.000000,0.000000,0.054999,-0.000000000,-0.000000002,0.000000000,1.000000000
39.152000000,-0.000000,0.000000,0.054999,-0.000000000,-0.000000002,0.000000000,1.000000000
39.272000000,-0.000000,0.000000,0.054999,-0.000000000,-0.000000002,0.000000000,1.000000000
39.392000000,-0.000000,0.000000,0.054999,-0.000000000,-0.000000002,0.000000000,1.000000000
39.488000000,-0.000000,0.000000,0.054999,-0.000000000,-0.000000002,0.000000000,1.000000000
39.588000000,-0.000000,0.000000,0.054999,-0.000000000,-0.000000002,0.000000000,1.000000000
39.680000000,-0.000000,0.000000,0.054999,-0.000000000,-0.000000002,0.000000000,1.000000000
39.788000000,-0.000000,0.000000,0.054999,-0.000000000,-0.000000002,0.000000000,1.000000000
39.860000000,-0.000000,0.000000,0.054999,-0.000000000,-0.000000002,0.000000000,1.000000000
39.992000000,-0.000000,0.000000,0.054999,-0.000000000,-0.000000002,0.000000000,1.000000000
40.080000000,-0.000000,0.000000,0.054999,-0.000000000,-0.000000002,0.000000000,1.000000000
40.172000000,-0.000000,0.000000,0.054999,-0.000000000,-0.000000002,0.000000000,1.000000000
40.268000000,-0.000000,0.000000,0.054999,-0.000000000,-0.000000002,0.000000000,1.000000000
40.388000000,-0.000000,0.000000,0.054999,-0.000000000,-0.000000002,0.000000000,1.000000000
40.488000000,-0.000000,0.000000,0.054999,-0.000000000,-0.000000002,0.000000000,1.000000000
40.592000000,-0.000000,0.000000,0.054999,-0.000000000,-0.000000002,0.000000000,1.000000000
40.664000000,-0.000000,0.000000,0.054999,-0.000000000,-0.000000002,0.000000000,1.000000000
40.788000000,-0.000000,0.000000,0.054999,-0.000000000,-0.000000002,0.000000000,1.000000000
40.892000000,-0.000000,0.000000,0.054999,-0.000000000,-0.000000002,0.000000000,1.000000000
40.988000000,-0.000000,0.000000,0.054999,-0.000000000,-0.000000002,0.000000000,1.000000000
41.088000000,-0.000000,0.000000,0.054999,-0.000000000,-0.000000002,0.000000000,1.000000000
41.144000000,-0.000000,0.000000,0.054999,-0.000000000,-0.000000002,0.000000000,1.000000000
41.280000000,-0.000000,0.000000,0.054999,-0.000000000,-0.000000002,0.000000000,1.000000000
41.388000000,-0.000000,0.000000,0.054999,-0.000000000,-0.000000002,0.000000000,1.000000000
41.492000000,-0.000000,0.000000,0.054999,-0.000000000,-0.000000002,0.000000000,1.000000000
41.588000000,-0.000000,0.000000,0.054999,-0.000000000,-0.000000002,0.000000000,1.000000000
41.676000000,-0.000000,0.000000,0.054999,-0.000000000,-0.000000002,0.000000000,1.000000000
41.792000000,-0.000000,0.000000,0.054999,-0.000000000,-0.000000002,0.000000000,1.000000000
41.888000000,-0.000000,0.000000,0.054999,-0.000000000,-0.000000002,0.000000000,1.000000000
41.988000000,-0.000000,0.000000,0.054999,-0.000000000,-0.000000002,0.000000000,1.000000000
42.092000000,-0.000000,0.000000,0.054999,-0.000000000,-0.000000002,0.000000000,1.000000000
42.140000000,-0.000000,0.000000,0.054999,-0.000000000,-0.000000002,0.000000000,1.000000000
42.272000000,-0.000000,0.000000,0.054999,-0.000000000,-0.000000002,0.000000000,1.000000000
42.392000000,-0.000000,0.000000,0.054999,-0.000000000,-0.000000002,0.000000000,1.000000000
42.488000000,-0.000000,0.000000,0.054999,-0.000000000,-0.000000002,0.000000000,1.000000000
42.588000000,-0.000000,0.000000,0.054999,-0.000000000,-0.000000002,0.000000000,1.000000000
42.692000000,-0.000000,0.000000,0.054999,-0.000000000,-0.000000002,0.000000000,1.000000000
42.788000000,-0.000000,0.000000,0.054999,-0.000000000,-0.000000002,0.000000000,1.000000000
42.876000000,-0.000000,0.000000,0.054999,-0.000000000,-0.000000002,0.000000000,1.000000000
42.992000000,-0.000000,0.000000,0.054999,-0.000000000,-0.000000002,0.000000000,1.000000000
43.080000000,-0.000000,0.000000,0.054999,-0.000000000,-0.000000002,0.000000000,1.000000000
43.164000000,-0.000000,0.000000,0.054999,-0.000000000,-0.000000002,0.000000000,1.000000000
43.268000000,-0.000000,0.000000,0.054999,-0.000000000,-0.000000002,0.000000000,1.000000000
43.388000000,-0.000000,0.000000,0.054999,-0.000000000,-0.000000002,0.000000000,1.000000000
43.488000000,-0.000000,0.000000,0.054999,-0.000000000,-0.000000002,0.000000000,1.000000000
43.592000000,-0.000000,0.000000,0.054999,-0.000000000,-0.000000002,0.000000000,1.000000000
43.688000000,-0.000000,0.000000,0.054999,-0.000000000,-0.000000002,0.000000000,1.000000000
43.788000000,-0.000000,0.000000,0.054999,-0.000000000,-0.000000002,0.000000000,1.000000000
43.892000000,-0.000000,0.000000,0.054999,-0.000000000,-0.000000002,0.000000000,1.000000000
43.988000000,-0.000000,0.000000,0.054999,-0.000000000,-0.000000002,0.000000000,1.000000000
44.088000000,-0.000000,0.000000,0.054999,-0.000000000,-0.000000002,0.000000000,1.000000000
44.156000000,-0.000000,0.000000,0.054999,-0.000000000,-0.000000002,0.000000000,1.000000000
44.264000000,-0.000000,0.000000,0.054999,-0.000000000,-0.000000002,0.000000000,1.000000000
44.388000000,-0.000000,0.000000,0.054999,-0.000000000,-0.000000002,0.000000000,1.000000000
44.492000000,-0.000000,0.000000,0.054999,-0.000000000,-0.000000002,0.000000000,1.000000000
44.588000000,-0.000000,0.000000,0.054999,-0.000000000,-0.000000002,0.000000000,1.000000000
44.688000000,-0.000000,0.000000,0.054999,-0.000000000,-0.000000002,0.000000000,1.000000000
44.792000000,-0.000000,0.000000,0.054999,-0.000000000,-0.000000002,0.000000000,1.000000000
44.888000000,-0.000000,0.000000,0.054999,-0.000000000,-0.000000002,0.000000000,1.000000000
44.988000000,-0.000000,0.000000,0.054999,-0.000000000,-0.000000002,0.000000000,1.000000000
45.068000000,-0.000000,0.000000,0.054999,-0.000000000,-0.000000002,0.000000000,1.000000000
45.152000000,-0.000000,0.000000,0.054999,-0.000000000,-0.000000002,0.000000000,1.000000000
45.272000000,-0.000000,0.000000,0.054999,-0.000000000,-0.000000002,0.000000000,1.000000000
45.392000000,-0.000000,0.000000,0.054999,-0.000000000,-0.000000002,0.000000000,1.000000000
45.476000000,-0.000000,0.000000,0.054999,-0.000000000,-0.000000002,0.000000000,1.000000000
45.588000000,-0.000000,0.000000,0.054999,-0.000000000,-0.000000002,0.000000000,1.000000000
45.692000000,-0.000000,0.000000,0.054999,-0.000000000,-0.000000002,0.000000000,1.000000000
45.788000000,-0.000000,0.000000,0.054999,-0.000000000,-0.000000002,0.000000000,1.000000000
45.888000000,-0.000000,0.000000,0.054999,-0.000000000,-0.000000002,0.000000000,1.000000000
45.992000000,-0.000000,0.000000,0.054999,-0.000000000,-0.000000002,0.000000000,1.000000000
46.088000000,-0.000000,0.000000,0.054999,-0.000000000,-0.000000002,0.000000000,1.000000000
46.112000000,-0.000000,0.000000,0.054999,-0.000000000,-0.000000002,0.000000000,1.000000000
46.112000000,-0.000000,0.000000,0.054999,-0.000000000,-0.000000002,0.000000000,1.000000000
46.692000000,-0.000000,0.000000,0.054999,-0.000000000,-0.000000002,0.000000000,1.000000000
46.988000000,-0.000000,0.000000,0.054999,-0.000000000,-0.000000002,0.000000000,1.000000000
47.088000000,-0.000000,0.000000,0.054999,-0.000000000,-0.000000002,0.000000000,1.000000000
47.192000000,-0.000000,0.000000,0.054999,-0.000000000,-0.000000002,0.000000000,1.000000000
47.252000000,-0.000000,0.000000,0.054999,-0.000000000,-0.000000002,0.000000000,1.000000000
47.388000000,-0.000000,0.000000,0.054999,-0.000000000,-0.000000002,0.000000000,1.000000000
47.492000000,-0.000000,0.000000,0.054999,-0.000000000,-0.000000002,0.000000000,1.000000000
47.588000000,-0.000000,0.000000,0.054999,-0.000000000,-0.000000002,0.000000000,1.000000000
47.688000000,-0.000000,0.000000,0.054999,-0.000000000,-0.000000002,0.000000000,1.000000000
47.792000000,-0.000000,0.000000,0.054999,-0.000000000,-0.000000002,0.000000000,1.000000000
47.888000000,-0.000000,0.000000,0.054999,-0.000000000,-0.000000002,0.000000000,1.000000000
47.988000000,-0.000000,0.000000,0.054999,-0.000000000,-0.000000002,0.000000000,1.000000000
48.080000000,-0.000000,0.000000,0.054999,-0.000000000,-0.000000002,0.000000000,1.000000000
48.188000000,-0.000000,0.000000,0.054999,-0.000000000,-0.000000002,0.000000000,1.000000000
48.236000000,-0.000000,0.000000,0.054999,-0.000000000,-0.000000002,0.000000000,1.000000000
48.380000000,-0.000000,0.000000,0.054999,-0.000000000,-0.000000002,0.000000000,1.000000000
48.488000000,-0.000000,0.000000,0.054999,-0.000000000,-0.000000002,0.000000000,1.000000000
48.588000000,-0.000000,0.000000,0.054999,-0.000000000,-0.000000002,0.000000000,1.000000000
48.692000000,-0.000000,0.000000,0.054999,-0.000000000,-0.000000002,0.000000000,1.000000000
48.788000000,-0.000000,0.000000,0.054999,-0.000000000,-0.000000002,0.000000000,1.000000000
48.888000000,-0.000000,0.000000,0.054999,-0.000000000,-0.000000002,0.000000000,1.000000000
48.992000000,-0.000000,0.000000,0.054999,-0.000000000,-0.000000002,0.000000000,1.000000000
49.088000000,-0.000000,0.000000,0.054999,-0.000000000,-0.000000002,0.000000000,1.000000000
49.188000000,-0.000000,0.000000,0.054999,-0.000000000,-0.000000002,0.000000000,1.000000000
49.292000000,-0.000000,0.000000,0.054999,-0.000000000,-0.000000002,0.000000000,1.000000000
49.368000000,-0.000000,0.000000,0.054999,-0.000000000,-0.000000002,0.000000000,1.000000000
49.488000000,-0.000000,0.000000,0.054999,-0.000000000,-0.000000002,0.000000000,1.000000000
49.592000000,-0.000000,0.000000,0.054999,-0.000000000,-0.000000002,0.000000000,1.000000000
49.688000000,-0.000000,0.000000,0.054999,-0.000000000,-0.000000002,0.000000000,1.000000000
49.788000000,-0.000000,0.000000,0.054999,-0.000000000,-0.000000002,0.000000000,1.000000000
49.880000000,-0.000000,0.000000,0.054999,-0.000000000,-0.000000002,0.000000000,1.000000000
49.988000000,0.000002,0.000008,0.055045,-0.000059015,0.000022440,-0.000002778,0.999999998
50.088000000,0.000057,0.000019,0.055324,0.000009153,0.000704746,-0.000045529,0.999999751
50.192000000,0.000281,0.000014,0.055924,0.001186741,0.000408066,-0.000132403,0.999999204
50.288000000,0.000564,-0.000182,0.056303,0.001799836,0.000332277,-0.000216039,0.999998302
50.324000000,0.000646,-0.000300,0.056468,0.001504888,0.001566222,-0.000175552,0.999997626
50.456000000,0.001130,-0.000815,0.059440,-0.000540483,0.001289546,0.000019019,0.999999022
50.588000000,0.002102,-0.001121,0.084111,-0.001267576,0.001334957,0.000088904,0.999998302
50.688000000,0.003236,-0.001072,0.118114,0.000327330,0.002143054,0.000096693,0.999997645
50.792000000,0.004896,-0.001061,0.164956,0.001116109,0.001712458,0.000070302,0.999997908
50.876000000,0.006493,-0.001218,0.209845,0.000720332,0.000108565,0.000053116,0.999999733
50.988000000,0.008635,-0.001570,0.278127,0.000087042,0.000904234,0.000050122,0.999999586
51.084000000,0.010622,-0.001890,0.343050,0.000110953,0.001988615,0.000072533,0.999998014
51.188000000,0.013026,-0.002253,0.418803,-0.000487955,0.000173874,0.000083147,0.999999862
51.272000000,0.014992,-0.002485,0.483581,-0.000731919,0.000645963,0.000077820,0.999999520
51.392000000,0.018007,-0.002676,0.580768,0.000186418,0.001089487,0.000059984,0.999999387
51.440000000,0.019298,-0.002762,0.620963,-0.000136213,-0.000989986,0.000046883,0.999999500
51.560000000,0.022419,-0.002918,0.724215,-0.000615174,-0.000711057,0.000005804,0.999999558
51.668000000,0.025157,-0.002871,0.820040,-0.001758704,0.001465882,-0.000004745,0.999997379
51.780000000,0.028065,-0.002427,0.921879,-0.001498775,-0.000997049,0.000032538,0.999998379
51.884000000,0.030556,-0.001742,1.010807,0.000788193,-0.000784385,0.000062080,0.999999380
51.992000000,0.033024,-0.001182,1.087599,0.001792412,0.000878709,0.000086110,0.999998004
52.080000000,0.035116,-0.001002,1.140050,0.001953633,0.001286015,0.000080084,0.999997262
52.188000000,0.037831,-0.001149,1.194072,0.001622142,0.000737063,0.000085123,0.999998409
52.268000000,0.039908,-0.001489,1.227886,0.001491039,0.000617150,0.000097382,0.999998693
52.388000000,0.043200,-0.002282,1.270461,-0.000310313,0.000506646,0.000095249,0.999999819
52.436000000,0.044568,-0.002612,1.285088,-0.001375837,0.000929708,0.000090255,0.999998617
52.580000000,0.048700,-0.003128,1.322038,-0.001312604,0.000907305,0.000107848,0.999998721
52.664000000,0.051176,-0.003136,1.339603,-0.000599590,0.001600385,0.000117851,0.999998533
52.788000000,0.054984,-0.002973,1.361218,-0.001436041,0.001386559,0.000160261,0.999997995
52.872000000,0.057703,-0.002652,1.373313,-0.001221654,0.000465758,0.000177140,0.999999130
52.988000000,0.061602,-0.001993,1.387161,0.001293874,0.000437431,0.000187452,0.999999050
53.060000000,0.064067,-0.001698,1.394376,0.001548021,-0.001505513,0.000179075,0.999997652
53.192000000,0.068107,-0.001433,1.405565,-0.001513926,-0.000473460,0.000189410,0.999998724
53.288000000,0.070797,-0.001011,1.412084,-0.001950454,-0.001196167,0.000208324,0.999997361
53.388000000,0.073400,-0.000233,1.417674,-0.000462852,0.000846236,0.000215028,0.999999512
53.444000000,0.074885,0.000259,1.420381,0.000039049,0.000987418,0.000202646,0.999999491
53.540000000,0.077506,0.001112,1.424426,-0.000469693,0.000844052,0.000190858,0.999999515
53.660000000,0.080856,0.002235,1.428710,0.000487004,-0.000110853,0.000232428,0.999999848
53.744000000,0.083170,0.002949,1.431174,0.000319676,-0.000472310,0.000231249,0.999999811
53.864000000,0.086389,0.003864,1.433990,0.000624505,-0.001476327,0.000220988,0.999998691
53.972000000,0.088993,0.004519,1.435900,0.000763707,-0.000477456,0.000203721,0.999999574
54.056000000,0.090897,0.004886,1.437077,0.001656833,0.001858336,0.000195251,0.999996882
54.180000000,0.094046,0.005005,1.438553,0.002180816,0.001049287,0.000171234,0.999997057
54.272000000,0.096584,0.004690,1.439527,0.001764825,-0.000168723,0.000145021,0.999998418
54.384000000,0.099564,0.003922,1.440483,0.000926639,-0.000838313,0.000070997,0.999999217
54.476000000,0.101823,0.003104,1.441186,0.000761671,0.000088895,0.000022133,0.999999706
54.524000000,0.102981,0.002634,1.441501,0.001337493,0.000269982,0.000013769,0.999999069
54.620000000,0.105284,0.001515,1.442034,0.001238612,0.000957850,-0.000006900,0.999998774
54.752000000,0.108813,-0.000304,1.442521,-0.000561477,0.001941818,-0.000020203,0.999997957
54.860000000,0.112219,-0.001667,1.442687,-0.002148534,0.000859409,0.000014479,0.999997322
54.968000000,0.115799,-0.002520,1.442632,-0.004049549,0.000080538,0.000024517,0.999991797
55.064000000,0.119004,-0.002558,1.442518,-0.003199258,-0.000498895,0.000000163,0.999994758
55.176000000,0.122603,-0.001861,1.442181,-0.002445703,-0.000128070,0.000002358,0.999997001
55.256000000,0.125051,-0.001000,1.441864,-0.001071467,0.000004147,0.000001913,0.999999426
55.368000000,0.128501,0.000392,1.441446,0.000274531,-0.000433446,-0.000015314,0.999999868
55.460000000,0.131363,0.001486,1.441300,0.001378265,0.001420118,-0.000028212,0.999998041
55.532000000,0.133690,0.002179,1.441248,0.002328977,-0.001579191,-0.000038003,0.999996040
55.664000000,0.137698,0.002819,1.441069,0.003613277,0.001605001,0.000026757,0.999992184
55.748000000,0.140428,0.002655,1.440923,0.002797887,0.000195003,0.000023608,0.999996067
55.868000000,0.144338,0.001791,1.440654,0.000905671,-0.001360943,-0.000003578,0.999998664
55.968000000,0.147329,0.000885,1.440383,-0.001451627,-0.000188558,-0.000002298,0.999998929
56.024000000,0.148956,0.000485,1.440257,-0.001835852,-0.000578378,-0.000005781,0.999998148
56.168000000,0.152916,-0.000121,1.440105,-0.000026166,0.000259280,0.000021184,0.999999966
56.252000000,0.155171,-0.000398,1.440072,-0.000118298,0.000570575,0.000063417,0.999999828
56.388000000,0.158757,-0.000823,1.439938,0.000251708,-0.000346939,0.000109243,0.999999902
56.468000000,0.160751,-0.001086,1.439931,-0.000388992,-0.000431470,0.000113348,0.999999825
56.528000000,0.162223,-0.001257,1.439948,-0.000902406,0.000030785,0.000118187,0.999999585
56.648000000,0.165005,-0.001352,1.439938,-0.001659411,0.000029751,0.000114552,0.999998616
56.744000000,0.167110,-0.001142,1.439878,0.000286186,-0.000152847,0.000159095,0.999999935
56.864000000,0.169756,-0.000935,1.439869,0.000537049,-0.001866409,0.000151721,0.999998103
56.976000000,0.171957,-0.000931,1.439882,0.001961876,-0.000136611,0.000156650,0.999998054
57.032000000,0.173018,-0.001082,1.439864,0.000245680,0.000004531,0.000159319,0.999999957
57.140000000,0.174954,-0.001301,1.439773,-0.002513681,-0.001634079,0.000159863,0.999995493
57.248000000,0.176581,-0.001024,1.439736,-0.001175270,-0.000482387,0.000178489,0.999999177
57.380000000,0.178437,-0.000332,1.439662,-0.000434992,0.000052640,0.000175091,0.999999889
57.464000000,0.179571,0.000187,1.439693,-0.000182528,0.000201689,0.000168236,0.999999949
57.536000000,0.180513,0.000646,1.439784,0.000420468,0.001136171,0.000171765,0.999999251
57.620000000,0.181741,0.001123,1.439985,0.000611598,0.000918358,0.000207127,0.999999370
57.752000000,0.184030,0.001761,1.440219,-0.000900080,0.000557074,0.000217728,0.999999416
57.860000000,0.186109,0.002444,1.440254,-0.000921421,0.000303693,0.000184379,0.999999512
57.968000000,0.188202,0.003301,1.440180,-0.000395963,-0.001069026,0.000157323,0.999999338
58.052000000,0.189724,0.004031,1.440112,-0.000295344,0.000397520,0.000144930,0.999999867
58.160000000,0.191700,0.004976,1.439983,0.000908775,-0.000644080,0.000132919,0.999999371
58.256000000,0.193355,0.005675,1.439798,-0.000763304,-0.000331302,0.000116023,0.999999647
58.364000000,0.195173,0.006589,1.439573,-0.000610190,0.000880292,0.000061997,0.999999424
58.460000000,0.196892,0.007514,1.439386,0.000851915,-0.000655481,0.000019631,0.999999422
58.544000000,0.198383,0.008213,1.439404,0.001623431,0.002172279,-0.000004344,0.999996323
58.608000000,0.199705,0.008603,1.439442,0.001270857,0.002714470,-0.000010739,0.999995508
58.748000000,0.203186,0.009163,1.439580,-0.000397532,0.001709808,0.000000303,0.999998459
58.856000000,0.206271,0.009623,1.439723,-0.000570874,0.000772382,0.000020187,0.999999539
58.952000000,0.209179,0.010112,1.440047,0.000134620,0.000477558,0.000021790,0.999999877
59.072000000,0.212813,0.010712,1.440621,0.000097905,-0.000634791,-0.000009259,0.999999794
59.156000000,0.215304,0.011113,1.441221,0.000837463,0.001740401,-0.000026418,0.999998134
59.252000000,0.218262,0.011426,1.442059,0.000361794,0.000103317,-0.000042790,0.999999928
59.360000000,0.221503,0.011689,1.442849,0.000031063,0.000363866,-0.000069318,0.999999931
59.468000000,0.224751,0.011945,1.443439,0.000076624,0.000297753,-0.000103061,0.999999947
59.552000000,0.227306,0.012133,1.443809,-0.000246283,-0.000443736,-0.000120335,0.999999864
59.616000000,0.229196,0.012294,1.444002,-0.000514430,-0.001341236,-0.000131600,0.999998960
59.744000000,0.232554,0.012784,1.444380,-0.001759961,-0.001764129,-0.000175872,0.999996880
59.876000000,0.235340,0.013766,1.444676,-0.000020340,-0.001713538,-0.000179180,0.999998516
59.948000000,0.236629,0.014364,1.444844,0.000340922,-0.000256769,-0.000181626,0.999999892
59.948000000,0.236629,0.014364,1.444844,0.000340922,-0.000256769,-0.000181626,0.999999892
60.312000000,0.242966,0.018045,1.445799,0.000210465,-0.000174041,-0.000259298,0.999999929
60.560000000,0.247307,0.020751,1.446378,0.001593092,-0.000025816,-0.000305365,0.999998684
60.660000000,0.249079,0.021466,1.446542,0.000841714,0.001219855,-0.000327577,0.999998848
60.740000000,0.250604,0.021890,1.446551,0.000682985,-0.000162361,-0.000334542,0.999999698
60.884000000,0.253357,0.022401,1.446412,0.000675283,0.001689777,-0.000339718,0.999998287
60.944000000,0.254641,0.022519,1.446317,0.001498180,0.001401580,-0.000340216,0.999997838
61.064000000,0.257437,0.022351,1.446152,0.002957346,-0.000435778,-0.000369048,0.999995464
61.148000000,0.259386,0.021782,1.446144,0.001305250,-0.000867823,-0.000367344,0.999998704
61.268000000,0.262003,0.020710,1.446219,-0.000732232,-0.000183999,-0.000351336,0.999999653
61.352000000,0.263752,0.020045,1.446311,-0.000862980,0.001358146,-0.000341933,0.999998647
61.488000000,0.266791,0.019126,1.446513,0.001001027,0.001193837,-0.000315293,0.999998737
61.544000000,0.268114,0.018683,1.446710,0.000464805,-0.001244110,-0.000317288,0.999999068
61.676000000,0.270932,0.017597,1.446967,-0.000908920,0.000176814,-0.000323819,0.999999519
61.736000000,0.272163,0.017181,1.446990,-0.001321478,0.000197242,-0.000324897,0.999999055
61.844000000,0.274395,0.016636,1.447034,-0.000273237,0.000181795,-0.000280552,0.999999907
61.952000000,0.276704,0.016197,1.446962,-0.000347476,0.001223268,-0.000252580,0.999999160
62.088000000,0.279841,0.015801,1.446714,-0.000980704,0.000199500,-0.000216985,0.999999476
62.156000000,0.281439,0.015727,1.446604,-0.001580086,0.000524644,-0.000206558,0.999998593
62.264000000,0.283942,0.015914,1.446477,-0.001894341,-0.000950254,-0.000189829,0.999997736
62.348000000,0.285733,0.016359,1.446455,-0.001861777,0.000039746,-0.000166242,0.999998252
62.480000000,0.288763,0.017519,1.446299,-0.000387654,0.000779200,-0.000142914,0.999999611
62.564000000,0.290914,0.018351,1.446170,0.001284531,0.001079214,-0.000136461,0.999998583
62.684000000,0.294243,0.019201,1.446205,0.001630403,0.002899388,-0.000110334,0.999994462
62.732000000,0.295768,0.019398,1.446225,0.000496910,0.001048567,-0.000113381,0.999999320
62.784000000,0.297459,0.019584,1.446247,-0.000539381,-0.001282143,-0.000126588,0.999999025
62.928000000,0.301642,0.020276,1.446292,-0.000417401,0.000150074,-0.000145984,0.999999891
63.080000000,0.305606,0.021163,1.446137,-0.001143239,-0.001385375,-0.000171329,0.999998372
63.152000000,0.307245,0.021698,1.446093,-0.001641286,-0.001368334,-0.000193033,0.999997698
63.272000000,0.309780,0.022884,1.445892,0.000220017,0.000438392,-0.000209125,0.999999858
63.356000000,0.311629,0.023734,1.445759,-0.000998684,0.001723578,-0.000244455,0.999997986
63.464000000,0.314163,0.025028,1.445500,-0.001289082,-0.000890542,-0.000278571,0.999998734
63.548000000,0.316023,0.026224,1.445271,-0.000004662,-0.001055339,-0.000312871,0.999999394
63.668000000,0.318516,0.027898,1.445093,0.000371835,-0.001285625,-0.000307858,0.999999057
63.740000000,0.319907,0.028840,1.444972,0.000486856,0.000440091,-0.000302076,0.999999739
63.884000000,0.322506,0.030670,1.444806,-0.001433451,0.000388788,-0.000306989,0.999998850
63.944000000,0.323517,0.031553,1.444828,-0.000540686,0.001679222,-0.000307336,0.999998397
64.088000000,0.326335,0.033621,1.444774,0.001856148,-0.001361445,-0.000343188,0.999997292
64.148000000,0.327463,0.034287,1.444753,0.001549010,0.002278332,-0.000360274,0.999996140
64.292000000,0.330438,0.035433,1.444814,0.001335473,0.000486820,-0.000378249,0.999998918
64.352000000,0.331681,0.035740,1.444845,0.001089142,0.001801045,-0.000359804,0.999997720
64.472000000,0.334521,0.036088,1.444851,0.001609971,0.001394310,-0.000352656,0.999997670
64.556000000,0.336755,0.036079,1.444730,0.000882210,0.001353489,-0.000359146,0.999998630
64.676000000,0.340186,0.035909,1.444525,-0.000302121,0.001677990,-0.000363449,0.999998480
64.748000000,0.342387,0.035830,1.444446,0.000610017,0.000940578,-0.000327129,0.999999318
64.832000000,0.345083,0.035658,1.444270,0.001011434,0.002377758,-0.000300422,0.999996617
64.940000000,0.348927,0.035262,1.443926,-0.000530075,0.001973828,-0.000290117,0.999997869
65.048000000,0.353146,0.034965,1.443464,-0.000884127,-0.000065608,-0.000294884,0.999999564
65.156000000,0.357316,0.034875,1.443036,-0.000894230,-0.000196616,-0.000314480,0.999999531
65.288000000,0.362171,0.035004,1.442506,-0.000121242,-0.001473927,-0.000351401,0.999998845
65.372000000,0.365020,0.035129,1.442253,0.000540078,-0.001976619,-0.000372898,0.999997831
65.492000000,0.368647,0.035143,1.441845,0.001018358,-0.000091432,-0.000405197,0.999999395
65.552000000,0.370397,0.035043,1.441564,-0.000041395,-0.000401200,-0.000430226,0.999999826
65.672000000,0.373718,0.034845,1.441183,-0.000945616,-0.000878801,-0.000468261,0.999999057
65.756000000,0.375822,0.034838,1.440994,-0.001559402,-0.001400599,-0.000474843,0.999997691
65.888000000,0.378759,0.035267,1.440709,-0.001819250,-0.000974343,-0.000485213,0.999997753
65.948000000,0.379956,0.035661,1.440960,-0.001765412,-0.001727211,-0.000494564,0.999996828
66.012000000,0.381083,0.036233,1.446895,-0.001311002,0.000487734,-0.000497453,0.999998898
66.152000000,0.383798,0.037757,1.489290,0.000460382,0.000534565,-0.000493532,0.999999629
66.288000000,0.386856,0.039065,1.569246,-0.000104555,0.001457714,-0.000470032,0.999998822
66.344000000,0.388267,0.039571,1.613364,-0.000133853,0.000754052,-0.000458406,0.999999602
66.488000000,0.392260,0.040756,1.756529,0.001568261,0.000058695,-0.000433399,0.999998675
66.548000000,0.394004,0.041053,1.828839,0.001391435,-0.000643270,-0.000419252,0.999998737
66.680000000,0.397567,0.041379,2.014195,0.000325236,-0.000312118,-0.000432549,0.999999805
66.752000000,0.399407,0.041484,2.130498,0.000593523,0.000542125,-0.000425690,0.999999586
66.884000000,0.402906,0.041493,2.365667,0.002170483,0.001594488,-0.000437047,0.999996278
66.968000000,0.405277,0.041231,2.507191,0.002824932,0.001026830,-0.000445122,0.999995384
67.088000000,0.408636,0.040307,2.686241,0.002442776,-0.000971948,-0.000481881,0.999996428
67.148000000,0.410178,0.039634,2.765495,0.000674661,-0.004133615,-0.000528622,0.999991089
67.292000000,0.413220,0.038001,2.928070,-0.002196103,-0.000773032,-0.000565987,0.999997130
67.340000000,0.414159,0.037578,2.973831,-0.003276450,0.000549454,-0.000568599,0.999994320
67.484000000,0.417097,0.036966,3.089991,-0.000848310,0.000018975,-0.000621036,0.999999447
67.556000000,0.418593,0.036835,3.137805,-0.000904454,0.001212415,-0.000653911,0.999998642
67.676000000,0.421786,0.036795,3.205306,-0.001553001,0.030159461,-0.000640594,0.999543688
67.748000000,0.426570,0.036939,3.239353,-0.002175664,0.038351348,-0.000630553,0.999261749
67.880000000,0.445099,0.037670,3.290614,-0.001506036,0.049531165,-0.000703409,0.998771195
67.964000000,0.464764,0.038395,3.316853,-0.002158117,0.052557904,-0.000676970,0.998615317
68.072000000,0.499824,0.039705,3.344756,-0.002341125,0.054238673,-0.000666951,0.998525033
68.144000000,0.529459,0.040830,3.360246,-0.002601157,0.054609911,-0.000650962,0.998504165
68.276000000,0.596884,0.043460,3.383360,-0.001075696,0.054809439,-0.000716928,0.998495996
68.348000000,0.640774,0.045067,3.393497,-0.000292707,0.054639818,-0.000756576,0.998505800
68.480000000,0.734139,0.048004,3.408519,0.001066913,0.054388370,-0.000832021,0.998518941
68.552000000,0.792019,0.049469,3.415075,0.001439558,0.054289948,-0.000860501,0.998523805
68.660000000,0.887899,0.051360,3.423035,0.001649332,0.054023040,-0.000850469,0.998537965
68.744000000,0.969885,0.052544,3.427910,0.002494145,0.053746710,-0.000888678,0.998551091
68.888000000,1.125277,0.053845,3.434165,-0.000142875,0.048792449,-0.000770765,0.998808632
68.948000000,1.194997,0.054305,3.436381,-0.000810587,0.009163010,-0.000697346,0.999957447
69.080000000,1.347355,0.055541,3.441523,-0.000934145,-0.023720248,-0.000536818,0.999718055
69.152000000,1.426667,0.056352,3.443951,-0.000483428,-0.032539096,-0.000468817,0.999470237
69.284000000,1.560925,0.057869,3.449071,0.001327443,-0.040557423,-0.000364153,0.999176261
69.344000000,1.616007,0.058423,3.458775,0.001451018,-0.039987969,-0.000367662,0.999199040
69.476000000,1.723446,0.059305,3.505784,-0.000159172,-0.040110259,-0.000431266,0.999195154
69.560000000,1.782098,0.059848,3.554061,-0.000346141,-0.039461942,-0.000417329,0.999220927
69.680000000,1.853193,0.060741,3.647922,-0.000659496,-0.037719260,-0.000397877,0.999288079
69.740000000,1.883361,0.061267,3.705861,-0.000661795,-0.036639057,-0.000379200,0.999328273
69.860000000,1.933746,0.062411,3.844155,0.000612666,-0.030125350,-0.000271036,0.999545904
69.956000000,1.965715,0.063195,3.976201,0.000868792,-0.026357753,-0.000220194,0.999652172
70.064000000,1.994147,0.063843,4.147382,0.000722869,-0.022225780,-0.000227806,0.999752690
70.172000000,2.016018,0.064287,4.342581,0.000253031,-0.015884555,-0.000279515,0.999873761
70.268000000,2.031285,0.064622,4.536324,-0.000253278,-0.012804844,-0.000320255,0.999917931
70.352000000,2.042102,0.064947,4.721509,-0.000139580,-0.008884655,-0.000337469,0.999960464
70.484000000,2.055793,0.065431,5.041892,0.000470795,-0.005818920,-0.000334241,0.999982903
70.568000000,2.062995,0.065649,5.264406,-0.000247557,-0.003978054,-0.000349213,0.999991996
70.664000000,2.070204,0.065922,5.536520,0.001133025,-0.003326015,-0.000337862,0.999993770
70.748000000,2.075750,0.065953,5.790288,0.002998474,-0.004498607,-0.000335858,0.999985329
70.868000000,2.082388,0.065173,6.178353,0.001578141,-0.002520972,-0.000365638,0.999995510
70.952000000,2.086381,0.064258,6.467644,-0.000257793,-0.001410511,-0.000368320,0.999998904
71.060000000,2.091097,0.063158,6.852101,-0.001214135,0.000308410,-0.000350437,0.999999154
71.168000000,2.095680,0.062293,7.227089,0.000460873,-0.002528595,-0.000337802,0.999996640
71.252000000,2.098985,0.061591,7.503672,0.000922526,-0.000457593,-0.000366983,0.999999402
71.372000000,2.103401,0.060448,7.875532,-0.000150692,-0.001157817,-0.000390793,0.999999242
71.480000000,2.107623,0.059418,8.187582,0.000616896,0.032511356,-0.000400631,0.999471095
71.552000000,2.113244,0.058687,8.383745,0.000972414,0.042042364,-0.000407687,0.999115273
71.672000000,2.130878,0.057336,8.688674,-0.000034870,0.054848732,-0.000371266,0.998494606
71.744000000,2.147389,0.056519,8.858228,-0.000243942,0.059111972,-0.000374660,0.998251258
71.864000000,2.185722,0.055255,9.118361,-0.001296366,0.062575375,-0.000316557,0.998039349
71.948000000,2.220855,0.054550,9.283707,-0.002177198,0.063794474,-0.000259053,0.997960649
72.056000000,2.276182,0.054031,9.476037,-0.003489048,0.064627261,-0.000185093,0.997903357
72.152000000,2.334924,0.054098,9.627815,-0.002808319,0.064927704,-0.000227977,0.997885993
72.248000000,2.402592,0.054558,9.761598,-0.000115125,0.065066535,-0.000389068,0.997880845
72.336000000,2.472356,0.055015,9.868481,0.001053437,0.065151257,-0.000473491,0.997874731
72.476000000,2.598483,0.055365,10.007942,0.002469759,0.064413906,-0.000559095,0.997920055
72.560000000,2.683099,0.055199,10.075897,0.001275963,0.063207667,-0.000503829,0.997999453
72.656000000,2.787995,0.054852,10.141713,-0.001167317,0.061623966,-0.000369826,0.998098686
72.740000000,2.886844,0.054671,10.190440,-0.001053117,0.060423134,-0.000368653,0.998172230
72.860000000,3.039260,0.054656,10.247963,-0.000397413,0.058794018,-0.000399498,0.998269976
72.968000000,3.187459,0.054731,10.289706,0.000258674,0.057538225,-0.000424572,0.998343180
73.052000000,3.309783,0.054755,10.316768,-0.000539927,0.056747950,-0.000368791,0.998388323
73.172000000,3.495009,0.054903,10.348695,-0.000602319,0.055870970,-0.000316956,0.998437765
73.268000000,3.651894,0.055142,10.369518,-0.000860590,0.055256425,-0.000286008,0.998471785
73.340000000,3.774536,0.055424,10.382758,-0.001849887,0.054893977,-0.000226574,0.998490450
73.436000000,3.944587,0.056085,10.397703,-0.002161340,0.054389639,-0.000186076,0.998517432
73.544000000,4.144667,0.057267,10.411495,-0.001536473,0.054034663,-0.000198431,0.998537859
73.664000000,4.377662,0.058980,10.423715,-0.001150409,0.053593896,-0.000208500,0.998562130
73.736000000,4.522757,0.060157,10.429732,-0.000320475,0.053350982,-0.000228881,0.998575745
73.856000000,4.773268,0.062197,10.437971,-0.000724009,0.039526294,-0.000192508,0.999218250
73.952000000,4.978127,0.063935,10.444015,-0.000814971,-0.005962922,-0.000160707,0.999981877
74.060000000,5.204038,0.066043,10.450283,-0.000931984,-0.028957293,-0.000090112,0.999580211
74.144000000,5.373323,0.067807,10.454199,-0.000423631,-0.037509979,-0.000039797,0.999296163
74.252000000,5.580557,0.070178,10.457926,-0.001084985,-0.043906840,-0.000042663,0.999035040
74.336000000,5.732854,0.072152,10.459851,-0.000260558,-0.046750667,0.000010169,0.998906556
74.336000000,5.732854,0.072152,10.459851,-0.000260558,-0.046750667,0.000010169,0.998906556
75.000000000,6.648767,0.087615,10.456274,0.000945918,-0.049546375,0.000170973,0.998771362
75.164000000,6.797972,0.090402,10.452384,0.001989927,-0.049324454,0.000242397,0.998780797
75.260000000,6.871768,0.091662,10.449915,0.002097281,-0.049093282,0.000249172,0.998791965
75.368000000,6.943094,0.092614,10.447001,0.001498542,-0.048523806,0.000227327,0.998820876
75.476000000,7.002360,0.093235,10.444151,-0.000375439,-0.046582595,0.000125135,0.998914363
75.548000000,7.035456,0.093655,10.442299,-0.000526441,-0.043064464,0.000119705,0.999072150
75.692000000,7.087954,0.094507,10.439000,0.001284172,-0.032926056,0.000208702,0.999456944
75.752000000,7.105298,0.094735,10.437345,0.001768531,-0.030716545,0.000239976,0.999526542
75.872000000,7.134213,0.094893,10.418498,-0.000125421,-0.027278111,0.000179347,0.999627859
75.956000000,7.150498,0.094962,10.389235,-0.000670772,-0.025467689,0.000160726,0.999675408
76.064000000,7.167113,0.095155,10.331868,-0.000730371,-0.022327615,0.000179814,0.999750425
76.176000000,7.179901,0.095459,10.248996,0.000416844,-0.016046881,0.000250890,0.999871122
76.280000000,7.188618,0.095673,10.150697,0.001261760,-0.012849906,0.000278459,0.999916602
76.352000000,7.193233,0.095715,10.070621,0.001179363,-0.010032765,0.000276058,0.999948937
76.460000000,7.198537,0.095589,9.932158,0.001222178,-0.008307276,0.000311270,0.999964699
76.544000000,7.201575,0.095346,9.809102,-0.000162626,-0.005555400,0.000324765,0.999984503
76.664000000,7.204776,0.095050,9.610043,-0.000500505,-0.005309619,0.000368107,0.999985711
76.748000000,7.206306,0.094921,9.454432,0.000245105,-0.003410668,0.000391963,0.999994077
76.856000000,7.207748,0.094740,9.234977,-0.000553962,-0.001342206,0.000364328,0.999998879
76.964000000,7.208977,0.094640,9.017530,0.000265226,-0.000107285,0.000352856,0.999999897
77.072000000,7.210297,0.094473,8.824088,0.000428560,-0.000278289,0.000341345,0.999999811
77.180000000,7.211759,0.094185,8.654887,0.000508035,0.001827396,0.000327056,0.999998148
77.264000000,7.213215,0.093862,8.537750,0.000052658,-0.001024787,0.003452468,0.999993514
77.360000000,7.214618,0.093400,8.396558,0.005558373,-0.009524178,0.023894812,0.999653656
77.480000000,7.214121,0.090929,8.212029,0.028196476,-0.014815857,0.068791491,0.997122450
77.564000000,7.211656,0.084655,8.085566,0.045436969,-0.013138046,0.106684973,0.993167252
77.672000000,7.207604,0.067449,7.928148,0.045046439,0.013527383,0.142091066,0.988735535
77.744000000,7.207217,0.050275,7.829005,0.046124683,0.021949661,0.157692418,0.986166227
77.792000000,7.208733,0.036272,7.766785,0.043114079,0.023431286,0.165476617,0.984992203
77.960000000,7.224691,-0.024936,7.580743,0.004970425,0.009362401,0.181242676,0.983381275
78.092000000,7.242473,-0.075054,7.468383,-0.019430616,0.003628668,0.186499661,0.982256158
78.152000000,7.250634,-0.095467,7.425468,-0.024095292,0.000713815,0.187851097,0.981901661
78.260000000,7.264361,-0.126941,7.359107,-0.027651312,-0.000974291,0.189346155,0.981520499
78.380000000,7.277668,-0.154056,7.289183,-0.030406472,-0.007718224,0.178602593,0.983421064
78.464000000,7.285122,-0.168809,7.226776,-0.039118993,-0.018672283,0.154506097,0.987040484
78.572000000,7.289688,-0.180390,7.140564,-0.061165428,-0.031510771,0.108514297,0.991710900
78.656000000,7.287498,-0.180487,7.074257,-0.073272452,-0.026723050,0.063656167,0.994919554
78.764000000,7.278712,-0.165809,6.994385,-0.056234434,-0.004713521,0.000072610,0.998406463
78.788000000,7.276417,-0.160605,6.976779,-0.049937543,-0.002646658,-0.011776696,0.998679401
78.956000000,7.260316,-0.113910,6.848455,0.002104828,-0.004052905,-0.067094189,0.997736194
79.064000000,7.249275,-0.083228,6.775040,0.029204180,0.000028341,-0.084546193,0.995991494
79.172000000,7.237756,-0.059751,6.713970,0.029330807,0.006100840,-0.093929863,0.995127964
79.268000000,7.228245,-0.045314,6.668672,0.022425098,0.009354490,-0.098549699,0.994835446
79.352000000,7.221073,-0.036579,6.634847,0.017698771,0.009740088,-0.100957174,0.994685645
79.460000000,7.213648,-0.029430,6.598099,0.012777841,0.008889129,-0.102784046,0.994581897
79.556000000,7.208557,-0.025692,6.570552,-0.006131024,0.004040200,-0.103645808,0.994587167
79.680000000,7.203477,-0.018805,6.540367,-0.032579025,0.003976886,-0.104004174,0.994035172
79.748000000,7.201618,-0.011350,6.525864,-0.040347715,0.003739356,-0.104055544,0.993745703
79.844000000,7.200247,0.005417,6.507937,-0.045791616,0.001359041,-0.103976525,0.993524113
79.964000000,7.200080,0.037853,6.489254,-0.047959461,-0.001432489,-0.103850761,0.993434878
80.076000000,7.200904,0.080022,6.475215,-0.048652222,-0.002500598,-0.103761995,0.993408353
80.156000000,7.201936,0.117196,6.466811,-0.048725214,-0.000585430,-0.103831397,0.993400499
80.276000000,7.204296,0.183777,6.456324,-0.049049394,-0.002039631,-0.103708517,0.993395460
80.360000000,7.206399,0.238055,6.450288,-0.049155532,-0.002104884,-0.103656072,0.993395552
80.472000000,7.209750,0.320094,6.443529,-0.049429223,-0.007154378,-0.103346029,0.993390741
80.576000000,7.212751,0.406144,6.438410,-0.048837141,-0.003990003,-0.103434838,0.993428532
80.660000000,7.215264,0.482388,6.435126,-0.049071963,-0.004485762,-0.103337574,0.993424968
80.756000000,7.218199,0.576818,6.431958,-0.049017616,-0.004384080,-0.103255905,0.993436596
80.820000000,7.220198,0.644023,6.430120,-0.049011125,-0.005032582,-0.103180172,0.993441712
80.960000000,7.224589,0.802810,6.426897,-0.048986689,-0.005840324,-0.103015300,0.993455607
81.068000000,7.227792,0.936129,6.424940,-0.048577480,-0.005820641,-0.102927649,0.993484901
81.152000000,7.230063,1.046203,6.423634,-0.048528925,-0.007193563,-0.102793289,0.993492192
81.288000000,7.233276,1.236038,6.422064,-0.048646272,-0.006413498,-0.102726627,0.993498690
81.368000000,7.234971,1.354341,6.421269,-0.048616207,-0.004226336,-0.102770905,0.993507294
81.464000000,7.237049,1.502667,6.420523,-0.048742880,-0.004138516,-0.102700604,0.993508727
81.584000000,7.239954,1.697704,6.419796,-0.048906383,-0.002779504,-0.102663435,0.993509265
81.692000000,7.243050,1.882267,6.419389,-0.048827655,-0.002324160,-0.102587545,0.993522146
81.752000000,7.244984,1.988450,6.419270,-0.048829954,-0.002923253,-0.102519286,0.993527496
81.752000000,7.244984,1.988450,6.419270,-0.048829954,-0.002923253,-0.102519286,0.993527496
82.544000000,7.272675,3.513204,6.411135,0.053726531,0.004380794,-0.101183575,0.993406338
82.676000000,7.276976,3.728727,6.393519,0.055294203,0.003597260,-0.101050192,0.993337037
82.748000000,7.278972,3.836530,6.385166,0.054176270,0.004385726,-0.100913034,0.993409410
82.868000000,7.282019,4.001430,6.373112,0.052827780,0.004486988,-0.100753395,0.993497784
82.952000000,7.284001,4.106217,6.365747,0.052528004,0.004924711,-0.100628692,0.993524243
83.048000000,7.286152,4.215476,6.358317,0.052277374,0.004356758,-0.100579644,0.993545082
83.192000000,7.289188,4.358785,6.348899,0.052093277,0.005402452,-0.100371432,0.993570672
83.252000000,7.290439,4.411330,6.345520,0.052063514,0.005263580,-0.100303739,0.993579813
83.360000000,7.292685,4.495467,6.340067,0.051924466,0.005735749,-0.100157339,0.993599244
83.484000000,7.295368,4.575781,6.334848,0.051315791,0.003742329,-0.100142845,0.993641834
83.576000000,7.297225,4.624385,6.331496,0.050123611,0.005856554,-0.099982937,0.993708577
83.684000000,7.299333,4.670079,6.327989,0.045972284,0.003567988,-0.100041448,0.993914245
83.744000000,7.300389,4.690542,6.326204,0.042623185,0.004452178,-0.099962109,0.994067915
83.852000000,7.302249,4.719544,6.323363,0.034993350,0.004322494,-0.099939534,0.994368579
83.960000000,7.304083,4.740098,6.320919,0.028417527,0.002875701,-0.099982160,0.994579178
84.080000000,7.305953,4.754999,6.318596,0.022013607,0.001040140,-0.100022013,0.994741130
84.152000000,7.306894,4.760730,6.317344,0.016255193,0.000626820,-0.100029266,0.994851507
84.284000000,7.308301,4.767441,6.304866,0.009448819,0.001526548,-0.100048989,0.994936475
84.368000000,7.309178,4.770198,6.280486,0.006386132,0.000488898,-0.100059738,0.994960817
84.488000000,7.310519,4.772858,6.222556,0.004800835,-0.000749251,-0.100063097,0.994969229
84.560000000,7.311314,4.773884,6.176184,0.004450477,0.001421992,-0.100038472,0.994972600
84.668000000,7.312640,4.774540,6.112088,0.003028031,0.003151448,-0.100012853,0.994976547
84.740000000,7.313787,4.774506,6.075703,0.001996210,0.001105327,-0.100005609,0.994984257
84.816000000,7.315156,4.774229,6.042148,-0.003523316,0.001186869,-0.100024157,0.994978063
84.944000000,7.317813,4.774956,5.995284,-0.006945811,0.000879741,-0.100088044,0.994953951
85.076000000,7.320947,4.777877,5.956965,-0.000408081,0.000625193,-0.100128925,0.994974191
85.160000000,7.323045,4.779958,5.936842,0.000838527,0.000958530,-0.100206524,0.994965844
85.232000000,7.324905,4.781623,5.921825,0.001662545,0.000135556,-0.100262054,0.994959667
85.352000000,7.327940,4.783890,5.900813,0.004192137,-0.000231737,-0.100350615,0.994943278
85.460000000,7.330357,4.785308,5.885427,-0.012544474,-0.004074657,-0.100450477,0.994854630
85.580000000,7.332333,4.790567,5.870799,-0.034983964,-0.004140988,-0.100441991,0.994319054
85.664000000,7.333539,4.799774,5.861853,-0.042782399,-0.004344315,-0.100364113,0.994021045
85.760000000,7.334921,4.817522,5.853030,-0.046875764,-0.005564335,-0.100237095,0.993843160
85.800000000,7.335475,4.827344,5.849747,-0.047673045,-0.005626313,-0.100205271,0.993808095
85.952000000,7.337496,4.878186,5.839137,-0.049148012,-0.004347421,-0.100168740,0.993746344
86.072000000,7.339178,4.933380,5.832460,-0.049426626,-0.003344534,-0.100179127,0.993735360
86.180000000,7.340924,4.994305,5.827617,-0.049621187,-0.004405752,-0.100085290,0.993730981
86.288000000,7.342753,5.065745,5.823579,-0.049542918,-0.006548217,-0.099912390,0.993740476
86.372000000,7.344013,5.128477,5.820877,-0.049301444,-0.005178079,-0.099919927,0.993759812
86.456000000,7.345223,5.197364,5.818555,-0.049376168,-0.004385214,-0.099891400,0.993762785
86.564000000,7.346849,5.294850,5.815983,-0.049426809,-0.004333528,-0.099825985,0.993767067
86.688000000,7.348850,5.418959,5.813603,-0.049300112,-0.002725138,-0.099812080,0.993780469
86.756000000,7.350160,5.492471,5.812593,-0.049410775,-0.002530343,-0.099769961,0.993779718
86.888000000,7.353193,5.645988,5.811124,-0.049388652,-0.003364193,-0.099651556,0.993790225
86.948000000,7.354725,5.720439,5.810576,-0.049345181,-0.005173083,-0.099533883,0.993796407
87.084000000,7.358122,5.899824,5.809668,-0.048942115,-0.003802501,-0.099502920,0.993825628
87.140000000,7.359573,5.977920,5.809482,-0.048995036,-0.004898307,-0.099416146,0.993826908
87.272000000,7.362791,6.171568,5.809327,-0.048653576,-0.006042600,-0.099260286,0.993852963
87.380000000,7.365037,6.339835,5.809334,-0.048475976,-0.006109177,-0.099143132,0.993872928
87.464000000,7.366597,6.476703,5.809560,-0.048510488,-0.006390738,-0.099060268,0.993877736
87.572000000,7.368353,6.660256,5.809959,-0.048402152,-0.005195536,-0.099019591,0.993894038
87.668000000,7.369736,6.830472,5.810442,-0.048368742,-0.004631171,-0.098949253,0.993905459
87.764000000,7.371095,7.007215,5.810983,-0.048580018,-0.005033610,-0.098824361,0.993905624
87.872000000,7.372612,7.213772,5.811693,-0.048410406,-0.004662729,-0.098704501,0.993927620
87.956000000,7.373783,7.379991,5.812339,-0.048309194,-0.004986312,-0.098596961,0.993941647
88.076000000,7.375388,7.625737,5.813326,-0.048108415,-0.004170998,-0.098510686,0.993963696
88.160000000,7.376502,7.803458,5.814056,-0.048147030,-0.006520538,-0.098330504,0.993967031
88.280000000,7.377802,8.065382,5.815146,-0.048012462,-0.005832987,-0.098232672,0.993987486
88.364000000,7.378573,8.254254,5.815925,-0.047943586,-0.003770496,-0.098243826,0.993999671
88.460000000,7.379567,8.475565,5.816757,-0.040511808,0.000476316,-0.098384500,0.994323417
88.544000000,7.381021,8.672561,5.816936,-0.007452782,0.002798266,-0.098516487,0.995103576
88.676000000,7.384231,8.977989,5.816946,0.033260703,0.001972810,-0.098232700,0.994605535
88.760000000,7.386237,9.164394,5.816783,0.044595824,0.003511669,-0.098937692,0.994087629
88.880000000,7.388869,9.418775,5.796408,0.046219713,0.002374155,-0.125505102,0.991012902
88.964000000,7.390270,9.588177,5.769919,0.040578647,0.000823479,-0.154713069,0.987125403
89.088000000,7.391171,9.824122,5.732672,0.045837839,0.006957419,-0.180773989,0.982431296
89.156000000,7.391383,9.945718,5.715283,0.045896392,0.005308169,-0.189071802,0.980875730
89.288000000,7.390787,10.167542,5.687141,0.030643267,0.012952393,-0.198197259,0.979597403
89.348000000,7.390829,10.263181,5.676873,0.034678358,0.009676614,-0.200715646,0.978987745
89.480000000,7.391744,10.460978,5.657956,0.045319984,0.010797539,-0.203750069,0.977913811
89.540000000,7.392425,10.544478,5.650646,0.047990815,0.011271888,-0.204485421,0.977627505
89.672000000,7.394254,10.713191,5.636816,0.050244626,0.011242732,-0.205374461,0.977328199
89.768000000,7.395784,10.822807,5.628461,0.050830175,0.011282797,-0.205640544,0.977241505
89.880000000,7.397767,10.936870,5.619934,0.051217339,0.011370198,-0.205783936,0.977190091
89.900000000,7.398158,10.953036,5.618252,0.051061071,0.011073154,-0.206112837,0.977132361
89.900000000,7.398158,10.953036,5.618252,0.051061071,0.011073154,-0.206112837,0.977132361
90.672000000,7.413081,11.357102,5.536969,0.029148684,0.005344352,-0.232310409,0.972190139
90.888000000,7.414832,11.383746,5.519718,0.016075449,0.003207236,-0.233713253,0.972167377
90.944000000,7.415133,11.387635,5.516161,0.013409625,0.002130237,-0.233865573,0.972174129
91.068000000,7.415610,11.393421,5.509201,0.008317692,0.002405951,-0.234031567,0.972190441
91.148000000,7.415923,11.395763,5.499444,0.001882993,-0.000545238,-0.243809347,0.969821200
91.268000000,7.416196,11.399557,5.462416,-0.023161218,-0.005485672,-0.281239868,0.959342276
91.352000000,7.416617,11.405478,5.430081,-0.044732793,-0.000978339,-0.318754250,0.946780729
91.472000000,7.420957,11.423702,5.383893,-0.040104859,0.013573409,-0.383283380,0.922659858
91.556000000,7.428527,11.442101,5.355455,-0.016298344,0.015802943,-0.432579982,0.901309708
91.676000000,7.443995,11.469577,5.320409,0.005995373,0.008551840,-0.501951357,0.864832791
91.748000000,7.454004,11.484972,5.294133,0.010455548,-0.004323443,-0.531944085,0.846703891
91.868000000,7.467524,11.508735,5.242201,0.032589389,-0.026991317,-0.563956993,0.824719292
91.952000000,7.470670,11.523214,5.206548,0.041794912,-0.025748794,-0.576984275,0.815278683
92.076000000,7.464164,11.539198,5.160982,0.027928982,-0.007813058,-0.588227473,0.808175333
92.144000000,7.457072,11.545256,5.139798,0.018781865,0.001148342,-0.591697837,0.805940192
92.264000000,7.442887,11.552223,5.107944,0.008594860,0.010976422,-0.595244176,0.803423934
92.348000000,7.433604,11.554617,5.089281,-0.000837829,0.021120083,-0.596468468,0.802358153
92.480000000,7.425020,11.555104,5.064231,-0.017378111,0.035122685,-0.597195210,0.801138115
92.576000000,7.426844,11.553753,5.048811,-0.024938695,0.037615458,-0.597373101,0.800692524
92.676000000,7.437563,11.551655,5.035358,-0.027440569,0.040238026,-0.597558115,0.800345061
92.744000000,7.450312,11.550017,5.027573,-0.028720432,0.040644755,-0.597618610,0.800234427
92.876000000,7.487775,11.546620,5.015024,-0.030705554,0.039995675,-0.597706434,0.800127824
92.948000000,7.515274,11.544788,5.009375,-0.028553414,0.042816679,-0.597882079,0.799930281
93.044000000,7.559684,11.542102,5.003016,-0.030174606,0.040748711,-0.597866522,0.799990411
93.152000000,7.620009,11.539019,4.997308,-0.029889002,0.041297864,-0.597958023,0.799904580
93.276000000,7.702565,11.535328,4.991840,-0.030017830,0.041246870,-0.598030686,0.799848063
93.344000000,7.753812,11.533259,4.989276,-0.030231546,0.040961273,-0.598056091,0.799835696
93.480000000,7.868681,11.529235,4.985174,-0.030993666,0.040269956,-0.598070863,0.799830586
93.548000000,7.932257,11.527368,4.983598,-0.030353474,0.040981127,-0.598130886,0.799774129
93.668000000,8.054244,11.524089,4.981304,-0.028904805,0.042155593,-0.598233337,0.799690123
93.752000000,8.147003,11.521607,4.980081,-0.030265285,0.040406226,-0.598187478,0.799764397
93.884000000,8.304757,11.517548,4.978562,-0.030365275,0.040279817,-0.598195636,0.799760881
93.944000000,8.381231,11.515679,4.977976,-0.031253269,0.039382957,-0.598141666,0.799811705
94.088000000,8.576666,11.511800,4.977093,-0.032998167,0.038534976,-0.598030674,0.799865919
94.148000000,8.663015,11.510598,4.976954,-0.031897996,0.039987031,-0.598090066,0.799794867
94.268000000,8.844363,11.508649,4.976934,-0.031679265,0.039796357,-0.598093072,0.799810822
94.352000000,8.978051,11.507643,4.977145,-0.032027328,0.039172331,-0.598069588,0.799845327
94.488000000,9.206011,11.506671,4.977786,-0.030330752,0.040808010,-0.598180078,0.799747051
94.544000000,9.304000,11.506350,4.978132,-0.029432249,0.041358878,-0.598241648,0.799706269
94.676000000,9.544263,11.505290,4.979225,-0.029709796,0.040200358,-0.598258368,0.799742573
94.760000000,9.703816,11.504441,4.980121,-0.028505841,0.041411353,-0.598317482,0.799680379
94.856000000,9.892404,11.503174,4.981325,-0.028249912,0.041385404,-0.598323030,0.799686653
94.940000000,10.062768,11.501855,4.982435,-0.030154337,0.039348856,-0.598219667,0.799797232
95.060000000,10.314638,11.499929,4.983923,-0.029776957,0.039716829,-0.598215025,0.799796655
95.156000000,10.523243,11.498341,4.985102,-0.030723753,0.039170860,-0.598167600,0.799823241
95.288000000,10.820193,11.496573,4.986567,-0.028106662,0.032363428,-0.598221228,0.800183721
95.360000000,10.986164,11.496027,4.986807,-0.013449658,0.007009909,-0.598480092,0.800994099
95.480000000,11.260897,11.496354,4.986837,0.014904454,-0.021994738,-0.598428649,0.800735438
95.564000000,11.446777,11.496889,4.986812,0.024411563,-0.032269563,-0.598294872,0.800253708
95.672000000,11.674387,11.497451,4.986668,0.028952470,-0.038950417,-0.598309050,0.799794286
95.780000000,11.887711,11.497921,4.986276,0.031438968,-0.039763961,-0.598313952,0.799656697
95.840000000,11.999893,11.498097,4.985849,0.032299796,-0.039955835,-0.598314219,0.799612625
95.936000000,12.169946,11.498063,4.984972,0.032717018,-0.040668389,-0.598339647,0.799540710
96.032000000,12.328461,11.497573,4.983986,0.028639261,-0.028996156,-0.598490673,0.800092451
96.152000000,12.513299,11.496182,4.983157,0.021978681,-0.029148660,-0.598698900,0.800141812
96.272000000,12.684552,11.494954,4.982728,0.026044171,-0.037562802,-0.598471798,0.799838887
96.356000000,12.795292,11.494270,4.982358,0.030507704,-0.037522047,-0.598239268,0.799856959
96.476000000,12.939669,11.492894,4.981698,0.031280820,-0.040342056,-0.598207616,0.799713497
96.572000000,13.043189,11.491600,4.980948,0.031821495,-0.040059076,-0.598195832,0.799715205
96.680000000,13.147022,11.489831,4.979941,0.032340996,-0.040028346,-0.598191855,0.799698878
96.776000000,13.228210,11.487874,4.978997,0.032123586,-0.040111430,-0.598220525,0.799682032
96.860000000,13.291162,11.485945,4.974514,0.030371578,-0.044486896,-0.598318272,0.799445889
96.956000000,13.354834,11.483972,4.954277,0.033294620,-0.047085259,-0.598157712,0.799300818
97.064000000,13.415548,11.482113,4.910821,0.036612646,-0.046407614,-0.597989370,0.799321313
97.148000000,13.454705,11.480651,4.861801,0.036700351,-0.045283873,-0.598000649,0.799373304
97.268000000,13.498921,11.478339,4.768446,0.030500744,-0.042238923,-0.598370952,0.799523471
97.352000000,13.522451,11.476803,4.686740,0.028495537,-0.035849804,-0.598488162,0.799821677
97.472000000,13.547101,11.474505,4.546708,0.021503449,-0.029104288,-0.598800940,0.800079981
97.568000000,13.560663,11.472672,4.414927,0.017604703,-0.021183451,-0.598944672,0.800316572
97.680000000,13.571417,11.470241,4.239148,0.013654875,-0.015065675,-0.599048602,0.800454460
97.748000000,13.575855,11.468587,4.121521,0.010051113,-0.011989095,-0.599157910,0.800478005
97.844000000,13.579647,11.466021,3.963174,0.007189779,-0.006730733,-0.599253889,0.800498458
97.964000000,13.581517,11.462268,3.791882,0.004271448,-0.002807669,-0.599324656,0.800489743
98.016000000,13.581736,11.460477,3.726905,0.003184390,-0.002176547,-0.599348014,0.800479282
98.156000000,13.581291,11.455241,3.579023,0.001334760,-0.001672133,-0.599415902,0.800434881
98.288000000,13.580038,11.450074,3.469704,0.000444091,-0.000418521,-0.599463334,0.800401985
98.372000000,13.579101,11.446768,3.412501,-0.000666060,-0.000828198,-0.599490782,0.800380954
98.468000000,13.578020,11.443216,3.356932,-0.000545276,0.001175157,-0.599539835,0.800343869
98.552000000,13.577277,11.440094,3.315552,-0.000314853,0.002230104,-0.599570354,0.800318885
98.636000000,13.576829,11.436895,3.279907,-0.001787931,0.001524412,-0.599591833,0.800302514
98.756000000,13.576709,11.432689,3.237386,-0.002346796,0.000270630,-0.599613002,0.800286615
98.852000000,13.577001,11.429713,3.209387,-0.001852952,0.001260590,-0.599637740,0.800268429
98.988000000,13.577993,11.425788,3.177239,-0.002420105,-0.001723159,-0.599653000,0.800254618
99.716000000,13.583041,11.412536,3.003847,-0.001692440,0.000924637,-0.599880321,0.800087421
99.896000000,13.585210,11.409303,2.896177,-0.001215227,0.001305223,-0.599877461,0.800089902
100.148000000,13.590095,11.404297,2.633223,0.002019020,-0.000078100,-0.599860236,0.800102253
100.268000000,13.592166,11.401396,2.530273,0.001630421,0.000445465,-0.599879876,0.800088294
100.364000000,13.593612,11.398753,2.462543,0.001450666,0.001128196,-0.599906041,0.800068350
100.488000000,13.595448,11.394770,2.390679,0.001608184,0.000611446,-0.599935986,0.800046157
100.568000000,13.596563,11.391919,2.352124,0.000497238,0.000200406,-0.599944434,0.800041492
100.664000000,13.597861,11.388504,2.312556,-0.000746025,-0.000300026,-0.599938156,0.800045975
100.772000000,13.599336,11.384928,2.275390,-0.000265017,0.000321495,-0.599922234,0.800058210
100.868000000,13.600674,11.381859,2.247947,0.001076005,-0.000196869,-0.599939719,0.800044460
100.940000000,13.601593,11.379499,2.230198,0.001013866,-0.000482483,-0.599963490,0.800026593
101.048000000,13.602794,11.375846,2.207493,-0.000150086,-0.000263027,-0.599985205,0.800011039
101.156000000,13.603935,11.372250,2.188289,0.000221444,-0.000298769,-0.599980040,0.800014883
101.276000000,13.605107,11.368363,2.151971,-0.000601341,-0.000740025,-0.599957277,0.800031472
101.360000000,13.605898,11.365694,2.110477,0.000793749,0.001635103,-0.599956031,0.800030910
101.468000000,13.606993,11.362158,2.037332,-0.001515543,-0.002046274,-0.599970576,0.800018015
101.540000000,13.607656,11.360034,1.976213,-0.002334604,-0.003312809,-0.599985019,0.800000970
101.672000000,13.608634,11.356849,1.846908,0.000116409,-0.000149586,-0.600011996,0.799990980
101.768000000,13.609329,11.354618,1.764909,-0.000467003,0.001842471,-0.600005300,0.799993767
101.868000000,13.610404,11.352148,1.693288,-0.001060954,0.002120260,-0.599989441,0.800004406
101.960000000,13.611794,11.349864,1.637998,-0.002051596,0.000649162,-0.599977012,0.800014346
102.008000000,13.612646,11.348745,1.612588,-0.001552765,0.000337084,-0.599976630,0.800015949
102.188000000,13.615865,11.344784,1.534735,0.002287004,0.000280956,-0.599972065,0.800017633
102.272000000,13.617100,11.342629,1.506201,0.002393464,-0.000373730,-0.599974401,0.800015531
102.372000000,13.618217,11.339767,1.477434,0.003267911,-0.000621977,-0.600008847,0.799986448
102.488000000,13.618845,11.336070,1.450065,0.002645930,-0.001330302,-0.600070181,0.799941878
102.560000000,13.618846,11.333643,1.436475,0.002501871,-0.001883032,-0.600081581,0.799932679
102.656000000,13.618337,11.330255,1.432465,0.001200450,-0.000171915,-0.600085912,0.799934640
102.764000000,13.617534,11.326388,1.450801,-0.000604658,0.000896408,-0.600099318,0.799924771
102.888000000,13.616954,11.321995,1.501568,-0.001422763,0.000162641,-0.600092046,0.799929676
102.956000000,13.616818,11.319703,1.542995,-0.000594434,0.001269555,-0.600094747,0.799927702
103.088000000,13.616943,11.315181,1.650704,0.000829939,0.002031334,-0.600107660,0.799916234
103.148000000,13.617145,11.312958,1.711598,0.000242049,0.000869790,-0.600121388,0.799908435
103.268000000,13.617725,11.308262,1.855764,-0.000007214,0.000586410,-0.600143441,0.799892184
103.352000000,13.618257,11.304838,1.974571,0.000171334,0.001602976,-0.600176921,0.799865654
103.460000000,13.619186,11.300244,2.148806,0.000761811,0.001288294,-0.600212168,0.799839430
103.556000000,13.620165,11.295932,2.323985,0.000241869,0.001188398,-0.600250796,0.799810922
103.688000000,13.621711,11.289946,2.595960,-0.000552863,-0.000193487,-0.600256650,0.799807233
103.748000000,13.622435,11.287348,2.731563,-0.001073747,-0.000512790,-0.600261730,0.799802751
103.868000000,13.623918,11.282500,3.025299,0.000065071,-0.000931560,-0.600279497,0.799789756
103.980000000,13.625071,11.278174,3.326357,0.001477153,-0.001220506,-0.600283321,0.799785135
104.088000000,13.625691,11.273857,3.640805,0.001045207,-0.000223009,-0.600285855,0.799784815
104.144000000,13.625911,11.271522,3.805552,-0.000432640,-0.000269385,-0.600286198,0.799785109
104.276000000,13.626417,11.266290,4.171215,-0.001458272,-0.000393875,-0.600305403,0.799769430
104.360000000,13.626781,11.263253,4.386933,-0.002350301,-0.001562206,-0.600319883,0.799755009
104.492000000,13.627429,11.259047,4.699314,-0.000162828,0.000990030,-0.600329136,0.799752413
104.552000000,13.627797,11.257176,4.832187,-0.000271588,-0.000133053,-0.600332026,0.799750816
104.672000000,13.628505,11.253571,5.114898,-0.001299549,-0.002115002,-0.600345119,0.799737192
104.744000000,13.628812,11.251704,5.298820,0.000483658,-0.000272098,-0.600358421,0.799730866
104.876000000,13.629150,11.248296,5.663932,0.002237205,0.001319544,-0.600382635,0.799708663
104.960000000,13.629278,11.245707,5.914939,0.002157327,0.001782038,-0.600391378,0.799701421
105.068000000,13.629472,11.241799,6.236344,0.002330870,0.002580519,-0.600389641,0.799700061
105.164000000,13.629718,11.237925,6.503948,0.000806534,0.001495467,-0.600381832,0.799711678
105.284000000,13.630109,11.232878,6.814011,0.002131262,0.001605409,-0.600370172,0.799717786
105.368000000,13.630367,11.229111,7.014891,0.001346506,0.000218372,-0.600376358,0.799716430
105.468000000,13.630581,11.224568,7.236667,0.000945621,0.000725941,-0.600402194,0.799697308
105.560000000,13.630734,11.220407,7.424007,-0.000362285,-0.000644918,-0.600393151,0.799704644
105.668000000,13.631006,11.215550,7.623783,-0.005506011,0.013810330,-0.600346726,0.799601630
105.764000000,13.633449,11.210860,7.783016,-0.023215459,0.030033657,-0.599994711,0.799102853
105.872000000,13.642941,11.205682,7.941482,-0.034087997,0.041837162,-0.599616220,0.798466060
105.956000000,13.657105,11.201932,8.049536,-0.038557470,0.045439944,-0.599433206,0.798203210
106.028000000,13.674490,11.199079,8.131554,-0.039954568,0.047662080,-0.599400441,0.798029492
106.028000000,13.674490,11.199079,8.131554,-0.039954568,0.047662080,-0.599400441,0.798029492
106.028000000,13.674490,11.199079,8.131554,-0.039954568,0.047662080,-0.599400441,0.798029492
107.316000000,14.826765,11.180875,8.673437,-0.031894466,0.041133860,-0.600179625,0.798169885
107.564000000,15.208190,11.179811,8.694673,0.006147125,-0.012396639,-0.600630875,0.799406710
107.664000000,15.360205,11.180610,8.700631,0.022340420,-0.028788021,-0.600488411,0.798802744
107.744000000,15.475473,11.181148,8.704757,0.028512261,-0.034458893,-0.600419536,0.798433476
107.864000000,15.635533,11.181461,8.709810,0.030458754,-0.039979433,-0.600530242,0.798020888
107.972000000,15.765489,11.181454,8.713287,0.031334600,-0.040705871,-0.600589530,0.797905628
108.072000000,15.873777,11.181271,8.715823,0.032868317,-0.039536312,-0.600571860,0.797916032
108.152000000,15.952127,11.180855,8.717143,0.031763913,-0.041538128,-0.600669186,0.797785790
108.288000000,16.070465,11.180071,8.699380,0.034969842,-0.046075581,-0.600504490,0.797526494
108.368000000,16.131387,11.179625,8.672471,0.036788192,-0.048112157,-0.600414642,0.797392066
108.480000000,16.205448,11.179050,8.614383,0.038144344,-0.048586099,-0.600358661,0.797341758
108.560000000,16.250246,11.178603,8.558297,0.037175937,-0.048196622,-0.600439441,0.797350308
108.684000000,16.306988,11.177728,8.447386,0.031931598,-0.047564855,-0.600746875,0.797383941
108.764000000,16.335838,11.177397,8.360223,0.029461365,-0.043749978,-0.600909119,0.797575199
108.888000000,16.369991,11.177285,8.200907,0.027312312,-0.035149301,-0.601013157,0.797998590
108.956000000,16.383892,11.177170,8.101164,0.025182042,-0.031170620,-0.601111405,0.798159969
109.064000000,16.400068,11.176711,7.924890,0.021043245,-0.022467922,-0.601297939,0.798431690
109.148000000,16.408635,11.175967,7.772429,0.017862813,-0.015576478,-0.601417687,0.798583157
109.284000000,16.417238,11.173833,7.497586,0.011948952,-0.010099131,-0.601537744,0.798691162
109.352000000,16.419746,11.172402,7.347010,0.010453895,-0.006236184,-0.601558197,0.798736228
109.460000000,16.422153,11.169586,7.089915,0.003837408,-0.005196757,-0.601624399,0.798752997
109.556000000,16.423286,11.167017,6.842813,0.001573576,-0.003532906,-0.601639425,0.798758440
109.688000000,16.424019,11.163714,6.474709,0.000763350,-0.001602436,-0.601644153,0.798762269
109.736000000,16.424152,11.162546,6.332736,0.000070599,-0.001380334,-0.601646181,0.798761518
109.856000000,16.424355,11.159639,5.958690,0.000254808,-0.001457015,-0.601616012,0.798784067
109.940000000,16.424377,11.157604,5.680729,0.000505536,-0.000237372,-0.601605741,0.798792977
110.072000000,16.424361,11.154379,5.248840,-0.000052670,0.000248820,-0.601626093,0.798777803
110.144000000,16.424398,11.152622,5.028283,-0.000540954,-0.000443709,-0.601652407,0.798757718
110.280000000,16.424439,11.149620,4.641037,-0.001833742,-0.000840120,-0.601723894,0.798701626
110.348000000,16.424496,11.148410,4.461906,-0.002372635,-0.000181955,-0.601747843,0.798682585
110.480000000,16.425470,11.146242,4.141555,-0.006221148,0.007616990,-0.601746380,0.798626679
110.552000000,16.427414,11.144962,3.982119,-0.005221531,0.007167382,-0.601757574,0.798629568
110.660000000,16.432099,11.143114,3.763080,-0.002434906,0.002371309,-0.601768069,0.798663658
110.756000000,16.437031,11.141598,3.588668,0.001216087,0.001457561,-0.601784988,0.798655886
110.888000000,16.443778,11.139107,3.380362,0.002207881,-0.000583837,-0.601772118,0.798664574
110.948000000,16.446604,11.137807,3.297684,0.002005693,-0.002436571,-0.601774055,0.798660145
111.060000000,16.451105,11.135379,3.163267,0.001676947,-0.003028066,-0.601772849,0.798659788
111.152000000,16.453997,11.133465,3.071234,0.002660829,-0.002626113,-0.601762360,0.798666442
111.204000000,16.455302,11.132374,3.025526,0.001399455,-0.003796207,-0.601768232,0.798660519
111.356000000,16.457981,11.129136,2.914206,0.000996727,-0.001196614,-0.601778290,0.798661670
111.464000000,16.459379,11.126617,2.851798,-0.000051131,-0.000049797,-0.601792708,0.798652322
111.548000000,16.460437,11.124654,2.810939,-0.000942039,-0.000505877,-0.601811314,0.798637589
111.668000000,16.462007,11.122026,2.762615,0.000314241,0.000543668,-0.601811623,0.798637825
111.764000000,16.463296,11.119883,2.739241,-0.000391876,-0.001131792,-0.601815957,0.798633908
111.872000000,16.464630,11.117560,2.735797,0.000053646,0.000149180,-0.601825639,0.798627495
111.956000000,16.465677,11.115707,2.749824,0.001273313,0.001919631,-0.601837601,0.798615174
112.088000000,16.467532,11.112234,2.801330,0.000421308,0.001085135,-0.601817546,0.798632760
112.148000000,16.468457,11.110497,2.836613,-0.000158552,-0.000074888,-0.601801876,0.798645398
112.248000000,16.469998,11.107554,2.910319,0.000428155,-0.000576007,-0.601789427,0.798654475
112.352000000,16.471456,11.104504,2.990877,0.000079209,-0.000496063,-0.601774050,0.798666226
112.472000000,16.472948,11.101191,3.071771,-0.001586933,-0.002337865,-0.601758822,0.798672859
112.568000000,16.473990,11.098916,3.125106,-0.000683703,-0.000267931,-0.601733541,0.798696567
112.680000000,16.475220,11.096354,3.176925,-0.000305528,0.002747964,-0.601702463,0.798715532
112.760000000,16.476512,11.094347,3.208174,-0.009652126,0.013807460,-0.601610592,0.798611850
112.868000000,16.481216,11.091726,3.244102,-0.010052717,0.011322391,-0.601617234,0.798641002
112.952000000,16.487095,11.089996,3.267564,-0.005911902,0.003303141,-0.601646874,0.798733483
113.060000000,16.495683,11.088255,3.292927,-0.000351877,-0.001103862,-0.601669931,0.798743984
113.156000000,16.503149,11.086913,3.311764,0.002581328,-0.003134138,-0.601680102,0.798726843
113.156000000,16.503149,11.086913,3.311764,0.002581328,-0.003134138,-0.601680102,0.798726843
113.156000000,16.503149,11.086913,3.311764,0.002581328,-0.003134138,-0.601680102,0.798726843
114.548000000,16.533995,11.048017,5.185120,-0.007277776,0.008051989,-0.601969288,0.798445475
114.684000000,16.537953,11.043809,5.346316,-0.001160917,0.003547282,-0.602002892,0.798485183
114.752000000,16.540391,11.041744,5.414049,0.000339132,0.001553166,-0.602041817,0.798462975
114.872000000,16.544678,11.038077,5.515343,-0.000355701,-0.003234737,-0.602082539,0.798427220
114.956000000,16.547339,11.035832,5.574381,-0.000620316,-0.001247776,-0.602117408,0.798406341
115.068000000,16.550632,11.033242,5.640441,0.000553484,-0.001385026,-0.602123372,0.798401666
115.148000000,16.552749,11.031570,5.680150,-0.000024363,-0.004113784,-0.602123962,0.798392016
115.268000000,16.555210,11.029562,5.730032,0.001324616,-0.002187732,-0.602108094,0.798410485
115.376000000,16.556987,11.027778,5.766561,-0.004042054,0.013027144,-0.602006971,0.798374325
115.460000000,16.560036,11.025812,5.790098,-0.017587680,0.026040854,-0.601758375,0.798059776
115.568000000,16.570088,11.023015,5.814696,-0.026763108,0.037418548,-0.601480846,0.797561521
115.664000000,16.587151,11.020421,5.832341,-0.031834964,0.038912935,-0.601273709,0.797459871
115.772000000,16.616630,11.017751,5.848936,-0.032681302,0.041030254,-0.601259037,0.797330560
115.868000000,16.652275,11.015599,5.861304,-0.031630753,0.042763265,-0.601332484,0.797226469
115.952000000,16.690774,11.013696,5.870453,-0.032042950,0.041687189,-0.601331123,0.797268027
116.036000000,16.735986,11.011819,5.878302,-0.031107034,0.042533184,-0.601402131,0.797206847
116.136000000,16.798449,11.009553,5.886330,-0.032367812,0.040670902,-0.601365817,0.797281228
116.180000000,16.828885,11.008622,5.889524,-0.031441406,0.041801561,-0.601412946,0.797224270
116.348000000,16.961337,11.005117,5.899965,-0.031123721,0.041712213,-0.601448512,0.797214584
116.480000000,17.083182,11.002446,5.906584,-0.030969637,0.041445634,-0.601485714,0.797206420
116.564000000,17.168715,11.000689,5.910294,-0.030003225,0.042002617,-0.601555573,0.797161514
116.676000000,17.292203,10.998252,5.914702,-0.029971787,0.042111755,-0.601585771,0.797134150
116.768000000,17.401635,10.996224,5.917948,-0.030917802,0.040869691,-0.601552416,0.797187838
116.888000000,17.554996,10.993441,5.921605,-0.029962762,0.041320437,-0.601605141,0.797161282
116.948000000,17.636128,10.991910,5.923210,-0.030310181,0.040930053,-0.601593691,0.797176928
117.092000000,17.842707,10.988244,5.926816,-0.030438278,0.040969033,-0.601615076,0.797153906
117.164000000,17.952208,10.986409,5.928465,-0.031218983,0.039924722,-0.601585802,0.797198792
117.288000000,18.150297,10.983379,5.931122,-0.031152969,0.039910614,-0.601612745,0.797181748
117.368000000,18.284424,10.981496,5.932759,-0.030919310,0.040119184,-0.601616526,0.797177523
117.488000000,18.494690,10.978829,5.935002,-0.030422064,0.040353754,-0.601633936,0.797171675
117.560000000,18.626009,10.977243,5.936147,-0.028537569,0.042116344,-0.601713204,0.797090359
117.668000000,18.830165,10.974525,5.937849,-0.028424379,0.041500082,-0.601706933,0.797131460
117.752000000,18.994778,10.972135,5.939189,-0.029209492,0.040323161,-0.601667131,0.797193522
117.872000000,19.238575,10.968556,5.941198,-0.030417262,0.039664669,-0.601598296,0.797233338
117.956000000,19.415201,10.966175,5.942609,-0.031548399,0.038772013,-0.601527130,0.797286988
118.040000000,19.596689,10.964053,5.944008,-0.030797188,0.039710884,-0.601522439,0.797273688
118.160000000,19.864308,10.961308,5.945991,-0.030975126,0.038820852,-0.601457371,0.797359714
118.268000000,20.113372,10.959119,5.947860,-0.029757280,0.039919593,-0.601470098,0.797342242
118.352000000,20.312399,10.957406,5.949406,-0.029527823,0.039956937,-0.601454398,0.797360745
118.488000000,20.644252,10.954646,5.951695,-0.030876739,0.039064479,-0.601338755,0.797441092
118.544000000,20.784337,10.953630,5.952623,-0.031469529,0.038555488,-0.601287269,0.797481513
118.664000000,21.090333,10.952147,5.953942,-0.016147867,0.006959708,-0.601501899,0.798677829
118.772000000,21.365526,10.952485,5.954516,0.010770376,-0.020453950,-0.601461284,0.798567442
118.856000000,21.573701,10.953253,5.955031,0.024115387,-0.029670260,-0.601198009,0.798184864
118.952000000,21.802214,10.954011,5.955489,0.029324415,-0.036828896,-0.601136085,0.797758810
119.084000000,22.097712,10.954501,5.955534,0.032778368,-0.039743511,-0.601091700,0.797517899
119.156000000,22.249366,10.954378,5.955312,0.032451069,-0.041023543,-0.601148398,0.797423727
119.264000000,22.464126,10.953936,5.954727,0.032538063,-0.041164844,-0.601164985,0.797400395
119.372000000,22.663792,10.953191,5.953816,0.031697321,-0.042086923,-0.601212973,0.797349943
119.456000000,22.808755,10.952587,5.952957,0.030851774,-0.042473775,-0.601252980,0.797332428
119.552000000,22.963568,10.952024,5.951827,0.027497772,-0.031665538,-0.601377355,0.797863674
119.684000000,23.160795,10.950970,5.950742,0.022506521,-0.031623636,-0.601459010,0.797960188
119.756000000,23.261365,10.950553,5.950519,0.026249413,-0.035209276,-0.601264826,0.797842017
119.888000000,23.431338,10.950036,5.950157,0.028813708,-0.040188419,-0.601121352,0.797626342
119.936000000,23.488275,10.949961,5.949964,0.029926859,-0.040130290,-0.601054853,0.797638393
119.936000000,23.488275,10.949961,5.949964,0.029926859,-0.040130290,-0.601054853,0.797638393
119.936000000,23.488275,10.949961,5.949964,0.029926859,-0.040130290,-0.601054853,0.797638393
119.936000000,23.488275,10.949961,5.949964,0.029926859,-0.040130290,-0.601054853,0.797638393
121.148000000,24.138677,10.933103,5.606312,0.013919640,-0.018531709,-0.601523276,0.798518984
121.280000000,24.147389,10.929511,5.439831,0.009078250,-0.014890497,-0.601608973,0.798600339
121.352000000,24.150037,10.927613,5.335147,0.007410158,-0.009479924,-0.601646308,0.798671985
121.484000000,24.152504,10.924199,5.117783,0.004059978,-0.005496620,-0.601689430,0.798700904
121.544000000,24.152941,10.922668,5.008107,0.003027162,-0.004647366,-0.601689314,0.798710966
121.688000000,24.152853,10.919014,4.717071,0.000835168,-0.003548823,-0.601672659,0.798734449
121.748000000,24.152471,10.917567,4.584206,0.002201755,0.000381148,-0.601654161,0.798753578
121.880000000,24.151425,10.914098,4.294059,0.000746680,-0.000066515,-0.601645204,0.798763098
121.952000000,24.150774,10.912129,4.150452,-0.000011851,-0.000424513,-0.601641663,0.798766004
122.072000000,24.149659,10.908980,3.933332,-0.001190542,-0.002085703,-0.603777742,0.797149089
122.180000000,24.148374,10.906865,3.745979,0.001582630,-0.001520398,-0.611254812,0.791430817
122.264000000,24.146934,10.905457,3.615474,0.001620744,-0.000552942,-0.614475163,0.788934308
122.348000000,24.145335,10.903914,3.486489,-0.000429858,0.000204241,-0.616434763,0.787405840
122.484000000,24.142892,10.901496,3.302608,0.000041445,0.001353872,-0.618177979,0.786036991
122.552000000,24.141818,10.900253,3.225040,-0.001389406,0.000060285,-0.618649963,0.785665507
122.660000000,24.140336,10.898352,3.119867,-0.000136452,0.000030751,-0.619094285,0.785316654
122.756000000,24.139086,10.896645,3.042188,0.001881297,0.001211721,-0.619293866,0.785156099
122.864000000,24.137640,10.894394,2.969431,0.000598225,0.000533741,-0.619420348,0.785059100
122.960000000,24.136401,10.892134,2.913984,-0.000298991,0.000659122,-0.621950073,0.783056565
123.068000000,24.135269,10.889777,2.837536,-0.013945476,-0.000606486,-0.641711508,0.766819076
123.152000000,24.135596,10.889423,2.770320,-0.031197838,0.006507710,-0.666117060,0.745166027
123.272000000,24.142857,10.893542,2.674414,-0.039895469,0.026573020,-0.704147411,0.708433942
123.368000000,24.157701,10.898921,2.599267,-0.027594628,0.041256978,-0.723658506,0.688371095
123.488000000,24.188523,10.902776,2.514524,-0.015330340,0.029116635,-0.737733302,0.674289832
123.548000000,24.207801,10.903328,2.477710,-0.005926279,0.014212751,-0.741995126,0.670228401
123.680000000,24.251821,10.902926,2.409276,0.012519720,-0.006563564,-0.747159540,0.664494392
123.764000000,24.277400,10.901957,2.373485,0.018754242,-0.011607779,-0.748784350,0.662446628
123.876000000,24.306097,10.899896,2.333384,0.019061709,-0.015104040,-0.750113646,0.660861587
123.968000000,24.324899,10.897889,2.301226,0.018694591,-0.015969418,-0.747383440,0.663937861
124.076000000,24.341531,10.895504,2.265396,0.016075594,-0.013474185,-0.744780906,0.666979327
124.148000000,24.349628,10.893888,2.245040,0.013821548,-0.010715701,-0.743756737,0.668221561
124.268000000,24.359029,10.891111,2.216585,0.009476953,-0.008121494,-0.742768437,0.669432056
124.332000000,24.362417,10.889665,2.203751,0.007820482,-0.006373954,-0.742447579,0.669828191
124.488000000,24.367488,10.885981,2.178144,0.003674962,-0.002958052,-0.742019321,0.670361896
124.556000000,24.368812,10.884317,2.169082,0.003434626,-0.002676373,-0.741903816,0.670492184
124.664000000,24.370109,10.881712,2.156928,0.003278095,-0.000993058,-0.741807349,0.670604298
124.776000000,24.370702,10.878874,2.146925,0.001929938,-0.000126167,-0.741747617,0.670676324
124.892000000,24.370876,10.875713,2.138766,0.000889588,-0.000762658,-0.741725542,0.670702503
124.940000000,24.370850,10.874390,2.136041,-0.000302206,-0.001010383,-0.741727057,0.670701022
125.072000000,24.370727,10.870925,2.129917,-0.001611715,-0.000269731,-0.741738280,0.670687449
125.172000000,24.370818,10.868823,2.126695,-0.009928928,-0.009183861,-0.741659223,0.670640493
125.252000000,24.371036,10.868617,2.125300,-0.002312334,-0.003338874,-0.741706016,0.670712823
125.336000000,24.371204,10.868965,2.124283,-0.000900369,-0.001273672,-0.741696812,0.670733483
125.480000000,24.371448,10.869793,2.123280,0.002146730,0.001385121,-0.741648872,0.670783440
125.564000000,24.371491,10.869836,2.122810,0.002931615,0.000722683,-0.741605232,0.670829757
125.660000000,24.371323,10.869552,2.122470,-0.004241002,0.005143758,-0.741532177,0.670884182
125.784000000,24.373586,10.869002,2.121770,-0.023330127,0.022261250,-0.741068248,0.670654899
125.880000000,24.381443,10.868418,2.121017,-0.032375830,0.028749638,-0.740652230,0.670492012
125.948000000,24.391557,10.867983,2.120401,-0.034092532,0.032139531,-0.740539012,0.670378044
126.056000000,24.416151,10.867087,2.119277,-0.034569695,0.035357171,-0.740462881,0.670275710
126.164000000,24.451605,10.865562,2.118228,-0.035245538,0.035904755,-0.740408504,0.670271474
126.284000000,24.503808,10.863090,2.117296,-0.037191136,0.034285553,-0.740286730,0.670385619
126.356000000,24.541564,10.861452,2.116871,-0.035189310,0.033013760,-0.740381200,0.670453192
126.488000000,24.620525,10.858060,2.115182,-0.001126447,0.000407830,-0.741282012,0.671192628
126.572000000,24.671443,10.855776,2.113994,0.018034549,-0.016309328,-0.741003855,0.671060390
126.656000000,24.718524,10.853577,2.113020,0.026654956,-0.026243299,-0.740683808,0.670811671
126.780000000,24.777479,10.850688,2.112027,0.031043631,-0.030055996,-0.740460853,0.670709069
126.860000000,24.808153,10.849034,2.111551,0.029915569,-0.028486491,-0.740484737,0.670802455
126.944000000,24.834493,10.847461,2.110918,0.026260154,-0.025159451,-0.740608321,0.670952101
127.064000000,24.863150,10.845591,2.109893,0.020195167,-0.019390246,-0.740787389,0.671155882
127.160000000,24.879965,10.844320,2.109153,0.012877296,-0.018777821,-0.740939023,0.671186213
127.280000000,24.895206,10.845262,2.108278,-0.007996086,-0.033639870,-0.741023452,0.670588298
127.364000000,24.902889,10.850722,2.107090,-0.015356831,-0.038305270,-0.740940152,0.670301846
127.488000000,24.910662,10.868444,2.104981,-0.023155876,-0.038624729,-0.740967073,0.670029650
127.580000000,24.914545,10.889865,2.103255,-0.026840820,-0.037665554,-0.741003435,0.669906550
127.676000000,24.917580,10.919997,2.101310,-0.028359938,-0.037792056,-0.740993647,0.669847662
127.748000000,24.919306,10.947890,2.099822,-0.025846469,-0.035903003,-0.741071851,0.669966750
127.856000000,24.920831,10.995954,2.098387,0.005850817,-0.003178299,-0.741599466,0.670809882
127.964000000,24.920919,11.043441,2.097545,0.017514493,0.013078882,-0.741431090,0.670672889
128.084000000,24.919946,11.090045,2.096910,0.020837647,0.020422157,-0.741321920,0.670515130
128.156000000,24.919100,11.113880,2.096633,0.022027146,0.022004905,-0.741310309,0.670439866
128.276000000,24.917343,11.145728,2.096138,0.030518700,0.030796327,-0.741032165,0.670068299
128.388000000,24.915274,11.164403,2.095096,0.032248131,0.035859061,-0.740855145,0.669931221
128.388000000,24.915274,11.164403,2.095096,0.032248131,0.035859061,-0.740855145,0.669931221
128.388000000,24.915274,11.164403,2.095096,0.032248131,0.035859061,-0.740855145,0.669931221
129.764000000,24.911596,10.393002,2.061296,0.035392144,0.038992227,-0.741168284,0.669250758
129.968000000,24.911410,10.129883,2.056001,0.034551713,0.039691075,-0.741187778,0.669232004
130.088000000,24.911596,9.958632,2.052980,0.034863068,0.039309598,-0.741236875,0.669183993
130.160000000,24.911778,9.850134,2.051184,0.034678593,0.039252685,-0.741265259,0.669165479
130.256000000,24.912119,9.698865,2.048892,0.034078694,0.039782933,-0.741260560,0.669170190
130.380000000,24.912863,9.492477,2.046010,0.034234783,0.039355062,-0.741306759,0.669136345
130.484000000,24.913711,9.309961,2.043640,0.034336112,0.039452030,-0.741327478,0.669102488
130.592000000,24.914748,9.111495,2.041219,0.034835608,0.038687613,-0.741399334,0.669041685
130.688000000,24.915696,8.927652,2.039337,0.012362638,0.017730731,-0.742159532,0.669874627
130.760000000,24.916661,8.788178,2.038652,-0.005662721,-0.002659034,-0.742287849,0.670051948
130.868000000,24.918489,8.583158,2.038214,-0.019344582,-0.020970161,-0.742039697,0.669748555
130.952000000,24.919970,8.429897,2.037804,-0.025001202,-0.027190281,-0.741902537,0.669489548
131.060000000,24.921912,8.242967,2.037005,-0.029101953,-0.032149673,-0.741767346,0.669253823
131.156000000,24.923623,8.087333,2.035930,-0.030810522,-0.034775763,-0.741710320,0.669109229
131.264000000,24.925432,7.924632,2.034283,-0.031481690,-0.036317869,-0.741687918,0.669020887
131.360000000,24.926869,7.791175,2.032415,-0.032530831,-0.036542966,-0.741730923,0.668910752
131.480000000,24.928569,7.639162,2.029616,-0.033215972,-0.036413774,-0.741788688,0.668820064
131.540000000,24.929436,7.569284,2.028071,-0.033588997,-0.036170701,-0.741820150,0.668779729
131.604000000,24.930405,7.499191,2.026326,-0.033037610,-0.036554945,-0.741810192,0.668797347
131.744000000,24.932516,7.361793,2.022329,-0.032908868,-0.036605323,-0.741844671,0.668762694
131.864000000,24.934217,7.261071,2.018782,-0.031845331,-0.037521506,-0.741828906,0.668780895
131.976000000,24.935439,7.180985,2.015374,-0.031139565,-0.037385487,-0.741868631,0.668777681
132.068000000,24.936095,7.125078,2.012628,-0.030567138,-0.036075445,-0.741943995,0.668792435
132.140000000,24.936431,7.087291,2.010585,-0.029640878,-0.034369232,-0.742023096,0.668836228
132.260000000,24.936722,7.035317,2.007410,-0.025399967,-0.030385681,-0.742153370,0.669058987
132.368000000,24.936647,6.998982,2.005018,-0.022077228,-0.026379372,-0.742252494,0.669236849
132.476000000,24.936282,6.970938,2.003096,-0.018423286,-0.021421251,-0.742370183,0.669393923
132.560000000,24.935878,6.953948,2.001770,-0.015810841,-0.018055878,-0.742460367,0.669459936
132.668000000,24.935289,6.937579,2.009481,-0.009714181,-0.011989016,-0.742576528,0.669583452
132.740000000,24.934793,6.929381,2.027799,-0.007691029,-0.010113538,-0.742585268,0.669631006
132.792000000,24.934355,6.924475,2.047725,-0.005077906,-0.007456082,-0.742595825,0.669679075
132.968000000,24.932395,6.912313,2.156992,-0.003337034,-0.005331840,-0.742582744,0.669724797
133.076000000,24.930856,6.907312,2.247367,-0.001984365,-0.002934804,-0.742583810,0.669743782
133.160000000,24.929569,6.903889,2.309324,0.000399776,-0.000491475,-0.742578037,0.669759253
133.280000000,24.927713,6.899217,2.383638,-0.001896310,0.000212268,-0.742569793,0.669765975
133.352000000,24.926766,6.896568,2.421411,0.000427226,0.001492537,-0.742587504,0.669747257
133.460000000,24.925478,6.892538,2.469999,-0.000858089,-0.000903067,-0.742580484,0.669755681
133.544000000,24.924512,6.889620,2.501955,-0.003044797,-0.002524352,-0.742562611,0.669764978
133.664000000,24.923257,6.886209,2.540159,-0.000016171,0.000720566,-0.742538814,0.669802650
133.772000000,24.922196,6.882319,2.569366,0.002538075,0.004445048,-0.742527799,0.669795691
133.880000000,24.921323,6.876865,2.594616,-0.000072644,0.002206462,-0.742532073,0.669806873
133.964000000,24.920880,6.872427,2.611231,0.000459068,0.001609680,-0.742548978,0.669789678
134.088000000,24.920346,6.865693,2.631598,0.000660966,-0.000966281,-0.742572654,0.669764499
134.144000000,24.920022,6.862655,2.639376,0.001113062,-0.000630214,-0.742582805,0.669753045
134.264000000,24.919137,6.856388,2.653824,-0.002884062,-0.002197314,-0.742583345,0.669743854
134.376000000,24.918442,6.851420,2.662418,-0.005697960,-0.000973470,-0.745842795,0.666096923
134.468000000,24.918477,6.848062,2.662051,-0.007007102,0.002254049,-0.750072236,0.661314948
134.576000000,24.919823,6.844799,2.661849,-0.004939146,0.000264476,-0.752844220,0.658180154
134.684000000,24.922040,6.842165,2.661752,-0.002074623,0.000235735,-0.754346816,0.656472788
134.768000000,24.924033,6.840332,2.661743,-0.001911622,0.000059195,-0.755010420,0.655710002
134.864000000,24.926532,6.838458,2.661688,-0.001069486,0.000190712,-0.755466469,0.655186411
134.972000000,24.929470,6.836594,2.661731,0.003089575,0.000535809,-0.755748218,0.654854792
135.092000000,24.932226,6.834255,2.661914,0.001831426,-0.002153521,-0.755913901,0.654664939
135.152000000,24.933293,6.833079,2.661969,0.002198617,-0.001713274,-0.755948542,0.654625109
135.260000000,24.934724,6.830975,2.661862,0.000429304,-0.002348451,-0.755976978,0.654593851
135.380000000,24.935730,6.828820,2.662031,0.002211771,-0.000459166,-0.755966822,0.654606035
135.464000000,24.936079,6.827122,2.662298,0.003439007,0.000471433,-0.756037188,0.654519458
135.572000000,24.936271,6.824744,2.652172,-0.004644893,0.000743708,-0.764071774,0.645114096
135.656000000,24.936886,6.823211,2.642202,-0.001881780,0.002893560,-0.768237726,0.640155358
135.752000000,24.938118,6.821385,2.632673,-0.000621086,0.000414028,-0.771068327,0.636751975
135.884000000,24.939940,6.818976,2.622173,0.002647208,0.000010772,-0.773092003,0.634288379
135.956000000,24.940699,6.817557,2.617558,0.002647294,0.000149317,-0.773685553,0.633564231
136.004000000,24.941089,6.816520,2.614813,0.002752543,0.000366337,-0.773972008,0.633213724
136.148000000,24.941773,6.813011,2.607926,0.001655800,0.001098837,-0.774491030,0.632581769
136.268000000,24.942118,6.809648,2.603298,0.000872598,0.000752451,-0.774702315,0.632325071
136.376000000,24.942399,6.806363,2.600085,-0.000568395,-0.000536477,-0.774797826,0.632208604
136.472000000,24.942631,6.803538,2.597778,0.000431437,-0.000941400,-0.774853014,0.632140597
136.544000000,24.942712,6.801510,2.596260,0.000530847,-0.001103992,-0.774883602,0.632102762
136.664000000,24.942701,6.798256,2.585628,-0.003892771,0.001159852,-0.783169297,0.621795266
136.776000000,24.943417,6.795565,2.564090,-0.002106238,0.001681774,-0.792520694,0.609839064
136.868000000,24.944564,6.793556,2.549527,-0.000355748,-0.000171159,-0.796711425,0.604359785
136.940000000,24.945502,6.792055,2.539742,0.001356715,0.000553277,-0.798748409,0.601663388
136.940000000,24.945502,6.792055,2.539742,0.001356715,0.000553277,-0.798748409,0.601663388
138.068000000,24.951561,6.756507,2.499286,0.000355115,-0.002179556,-0.802637925,0.596462476
138.140000000,24.950976,6.754271,2.523329,0.000640032,-0.002027005,-0.802630226,0.596473137
138.356000000,24.948008,6.748946,2.659987,0.000082663,-0.000738942,-0.802614815,0.596497197
138.464000000,24.946157,6.746769,2.764452,0.000262483,0.000343696,-0.802603656,0.596512518
138.548000000,24.944743,6.745041,2.850990,-0.001252478,0.000724367,-0.802584564,0.596536607
138.668000000,24.943066,6.742711,2.955536,-0.002973629,0.000183749,-0.802581874,0.596534542
138.752000000,24.942249,6.741318,3.016608,-0.003195138,0.000137061,-0.802568517,0.596551379
138.872000000,24.941596,6.739737,3.089600,-0.001140790,-0.001642237,-0.802559752,0.596568391
138.956000000,24.941212,6.738954,3.132173,0.000515169,-0.001040525,-0.802546757,0.596588095
139.064000000,24.940584,6.738122,3.178343,0.000438818,0.000641599,-0.802546019,0.596589711
139.136000000,24.940157,6.737513,3.204529,0.000583058,0.001294498,-0.802535129,0.596603177
139.224000000,24.939704,6.736622,3.232362,-0.001977403,0.000013563,-0.802509489,0.596636078
139.352000000,24.939348,6.735432,3.265742,0.000063621,0.000930899,-0.802484509,0.596672224
139.472000000,24.939111,6.734011,3.290951,0.001806194,0.002152789,-0.802469878,0.596686013
139.544000000,24.938962,6.732842,3.303844,-0.007399646,-0.004609480,-0.802417062,0.596699972
139.664000000,24.939465,6.733628,3.321832,-0.021075925,-0.023205674,-0.801997126,0.596504746
139.748000000,24.940371,6.738994,3.331703,-0.024890461,-0.031272737,-0.801752672,0.596317981
139.856000000,24.941738,6.753690,3.341716,-0.025388573,-0.036567904,-0.801603068,0.596196888
139.964000000,24.942796,6.778079,3.349371,-0.025588813,-0.039481422,-0.801557078,0.596064326
140.088000000,24.942870,6.817123,3.356730,0.001927190,-0.010464855,-0.802256446,0.596884718
140.144000000,24.942158,6.835987,3.359778,0.006157790,0.000815544,-0.802344960,0.596828268
140.264000000,24.940006,6.874398,3.365512,0.009485113,0.016521295,-0.802290560,0.596629649
140.360000000,24.938643,6.901115,3.369444,0.009564585,0.020936495,-0.802262062,0.596528093
140.480000000,24.938094,6.928363,3.373502,0.013476491,0.023738127,-0.802258291,0.596352681
140.540000000,24.938206,6.939074,3.375373,0.022125173,0.031576581,-0.802045898,0.596016588
140.684000000,24.938788,6.953044,3.378509,0.027155236,0.038726888,-0.801834509,0.595671253
140.756000000,24.939246,6.953021,3.379295,0.029283275,0.040629121,-0.801801617,0.595487978
140.876000000,24.940136,6.941771,3.379746,0.030591261,0.041673470,-0.801845442,0.595291008
140.948000000,24.940694,6.928185,3.379635,0.031453858,0.042096047,-0.801877669,0.595172901
141.072000000,24.941556,6.892702,3.378757,0.032438886,0.041713615,-0.801986317,0.595000539
141.152000000,24.941941,6.861720,3.377811,0.031898717,0.042113574,-0.802031688,0.594940410
141.240000000,24.942292,6.820454,3.376509,0.031395108,0.042776236,-0.802061081,0.594880294
141.356000000,24.942804,6.754547,3.374533,0.032061381,0.042599989,-0.802159476,0.594724713
141.488000000,24.943250,6.663883,3.372082,0.032162015,0.042097153,-0.802284153,0.594586893
141.560000000,24.943369,6.607530,3.370633,0.032347408,0.042031831,-0.802337853,0.594508991
141.692000000,24.943335,6.491751,3.367847,0.031915793,0.042049116,-0.802430154,0.594406512
141.776000000,24.943187,6.409818,3.365929,0.031532285,0.042230275,-0.802478290,0.594349151
141.872000000,24.942970,6.308418,3.363736,0.031703523,0.042096915,-0.802558898,0.594240652
141.956000000,24.942717,6.212984,3.361891,0.031520302,0.042000413,-0.802635360,0.594153949
142.064000000,24.942366,6.081315,3.359620,0.010847733,0.024572092,-0.803335638,0.594920492
142.160000000,24.942965,5.960516,3.358562,-0.008286208,-0.003605552,-0.803588233,0.595117039
142.292000000,24.945174,5.800294,3.357796,-0.019960090,-0.025215958,-0.803434127,0.594524477
142.352000000,24.946371,5.731698,3.357393,-0.022440202,-0.030745960,-0.803358834,0.594277467
142.484000000,24.948827,5.592500,3.356187,-0.025901688,-0.036845687,-0.803322027,0.593839388
142.544000000,24.949800,5.534985,3.355431,-0.026528279,-0.037796712,-0.803354811,0.593707593
142.664000000,24.951495,5.431165,3.353572,-0.027179905,-0.039143471,-0.803429270,0.593490058
142.748000000,24.952445,5.367464,3.352077,-0.027397324,-0.039776946,-0.803494529,0.593349579
142.880000000,24.953502,5.282165,3.349486,-0.026710802,-0.038857381,-0.803633437,0.593253686
142.952000000,24.953866,5.243097,3.348077,-0.018648822,-0.031349770,-0.803968383,0.593552233
143.072000000,24.953320,5.184480,3.345401,0.012851981,0.007865609,-0.804380181,0.593923803
143.168000000,24.951664,5.135884,3.342580,0.021314796,0.025455772,-0.804177262,0.593461553
143.264000000,24.949647,5.082132,3.339533,0.025527684,0.033987006,-0.804045359,0.593046610
143.340000000,24.948018,5.034779,3.337060,0.026767191,0.037564428,-0.804005853,0.592829671
143.484000000,24.945228,4.931842,3.332485,0.028967665,0.041240441,-0.804010899,0.592474956
143.540000000,24.944283,4.886887,3.330724,0.030257057,0.041673141,-0.804040325,0.592340287
143.676000000,24.942036,4.766046,3.326463,0.030976532,0.041587729,-0.804154629,0.592153906
143.756000000,24.940696,4.687239,3.324050,0.030126530,0.042526887,-0.804169433,0.592110951
143.888000000,24.938798,4.544842,3.320208,0.029920450,0.043083855,-0.804243266,0.591980842
143.960000000,24.937979,4.460699,3.318229,0.026662177,0.040234906,-0.804427439,0.592086798
144.072000000,24.937545,4.323883,3.316021,-0.006165683,-0.000083475,-0.805237656,0.592920141
144.164000000,24.938153,4.213212,3.314968,-0.015702661,-0.019790948,-0.805196637,0.592469510
144.272000000,24.939011,4.090278,3.313789,-0.021864311,-0.030661237,-0.805147056,0.591878416
144.356000000,24.939580,4.001644,3.312648,-0.024541173,-0.034489806,-0.805147441,0.591562154
144.488000000,24.940265,3.876299,3.310364,-0.026816343,-0.038160825,-0.805151404,0.591232485
144.560000000,24.940501,3.815470,3.308892,-0.027962472,-0.038660459,-0.805208338,0.591069371
144.692000000,24.940854,3.718038,3.305855,-0.028534595,-0.038986098,-0.805595966,0.590492169
144.752000000,24.941023,3.679223,3.299422,-0.030419243,-0.037279216,-0.810817224,0.583318403
144.872000000,24.942367,3.610629,3.265752,-0.046461175,-0.029467106,-0.832711760,0.550966582
144.956000000,24.946504,3.570810,3.235152,-0.057173699,-0.013074220,-0.854081320,0.516822341
145.068000000,24.960806,3.526544,3.193936,0.042682829,-0.000060517,0.886075046,-0.461572513
145.160000000,24.979571,3.494863,3.164232,0.019004078,0.009814882,0.911874380,-0.409911732
145.284000000,25.007682,3.457615,3.131147,-0.000522919,0.023587513,0.942695787,-0.332818282
145.376000000,25.026859,3.434684,3.111137,-0.009676490,0.026815429,0.961922096,-0.271832998
145.488000000,25.046764,3.411962,3.078686,-0.005103840,0.031393117,0.976351056,-0.213838816
145.544000000,25.055606,3.403009,3.056861,-0.003909182,0.039144294,0.980309153,-0.193510742
145.664000000,25.072053,3.392380,3.008910,-0.005703024,0.050725547,0.985042735,-0.164575833
145.760000000,25.082185,3.393888,2.974642,-0.010599350,0.035064198,0.987683163,-0.152118786
145.868000000,25.089910,3.402861,2.942084,-0.009458722,0.014496544,0.989396856,-0.144202093
145.964000000,25.094351,3.413527,2.917942,-0.008592104,0.001744222,0.990078299,-0.140242989
146.072000000,25.097448,3.425556,2.895345,-0.007035909,-0.004418888,0.990435016,-0.137729619
146.156000000,25.098779,3.433979,2.880595,-0.004479734,-0.006898931,0.990582280,-0.136671440
146.276000000,25.099748,3.443957,2.863779,-0.003881459,-0.008291735,0.990693042,-0.135806763
146.276000000,25.099748,3.443957,2.863779,-0.003881459,-0.008291735,0.990693042,-0.135806763
146.276000000,25.099748,3.443957,2.863779,-0.003881459,-0.008291735,0.990693042,-0.135806763
147.420000000,25.068872,3.457354,3.766723,0.002225418,-0.001164600,0.990828884,-0.135099276
147.684000000,25.062875,3.454740,3.910209,0.000955174,0.001772016,0.990821586,-0.135161138
147.872000000,25.059103,3.453549,3.978014,-0.000086663,-0.000376846,0.990815984,-0.135216630
147.944000000,25.057624,3.453142,3.998558,-0.000960551,-0.001938473,0.990809840,-0.135244889
148.064000000,25.055159,3.452041,4.039882,0.000391491,-0.001311107,0.990807297,-0.135273899
148.160000000,25.053309,3.450907,4.072885,-0.000325684,-0.000440638,0.990804450,-0.135300562
148.268000000,25.051215,3.449551,4.103775,-0.000144124,0.000187714,0.990796815,-0.135357361
148.364000000,25.049333,3.448364,4.126636,0.000200119,0.000047652,0.990788263,-0.135420000
148.476000000,25.047233,3.447064,4.148735,0.000932944,0.002225286,0.990779222,-0.135464797
148.556000000,25.045846,3.446434,4.162067,-0.000887414,0.002811991,0.990773625,-0.135495130
148.620000000,25.044661,3.446170,4.171443,-0.000635134,0.003443274,0.990769756,-0.135510259
148.748000000,25.042120,3.446384,4.186988,-0.000090907,0.000953229,0.990775749,-0.135508299
148.880000000,25.039399,3.446979,4.199428,-0.000082420,0.000288934,0.990773247,-0.135529637
148.976000000,25.037428,3.447440,4.206601,0.002056910,-0.000011396,0.990767736,-0.135554648
149.072000000,25.035721,3.447919,4.212581,-0.000962971,-0.000341095,0.990766170,-0.135577845
149.156000000,25.034198,3.448281,4.216997,0.000622669,-0.000374623,0.990767188,-0.135572306
149.264000000,25.032313,3.448661,4.221764,-0.000482022,-0.000382762,0.990766922,-0.135574805
149.348000000,25.030809,3.448878,4.224878,-0.000494331,0.000081538,0.990763630,-0.135599332
149.468000000,25.028449,3.449108,4.228619,-0.002387621,-0.000902098,0.990759107,-0.135609279
149.564000000,25.026225,3.449101,4.230946,0.000387559,-0.000051980,0.990762947,-0.135604685
149.672000000,25.023635,3.449058,4.233098,-0.000498522,0.000310114,0.990763810,-0.135597673
149.768000000,25.021296,3.449034,4.234713,0.001172001,-0.000666197,0.990766831,-0.135570166
149.864000000,25.019241,3.448957,4.236057,0.001272141,-0.000338597,0.990765222,-0.135582234
149.948000000,25.017688,3.448873,4.237103,0.000777718,-0.000112019,0.990762738,-0.135604495
150.092000000,25.015400,3.448770,4.238807,-0.000114823,-0.000477625,0.990757923,-0.135641055
150.176000000,25.014153,3.448699,4.233989,0.001206278,0.001854953,0.989336474,-0.145631196
150.288000000,25.012751,3.449280,4.206236,0.006753689,0.018135351,0.983315198,-0.180877633
150.368000000,25.012126,3.452143,4.180045,0.005461040,0.036495768,0.975463296,-0.217047446
150.464000000,25.010828,3.461515,4.148005,-0.002156517,0.040759238,0.962335693,-0.268782528
150.548000000,25.007773,3.475313,4.122578,-0.009239633,0.022877400,0.947437095,-0.318989348
150.684000000,24.998423,3.501872,4.088499,-0.007601967,-0.003607375,0.914786969,-0.403848981
150.752000000,24.992743,3.514554,4.074368,-0.005490763,-0.010286300,0.894835270,-0.446244196
150.884000000,24.982090,3.536408,4.033589,-0.005846877,0.013907967,-0.864102001,0.503090563
150.956000000,24.977687,3.546933,4.005422,-0.015820682,0.022120809,-0.852456959,0.522089560
151.064000000,24.976198,3.560293,3.965004,-0.014834864,0.031044472,-0.841092190,0.539796346
151.160000000,24.980674,3.568730,3.934381,-0.006058116,0.022836865,-0.835608830,0.548816599
151.284000000,24.990994,3.575282,3.901801,0.002983089,0.011637915,-0.831741061,0.555033753
151.340000000,24.996223,3.576972,3.889341,0.005301902,0.007945683,-0.830684175,0.556661977
151.472000000,25.008010,3.578482,3.864620,0.010633577,0.004120219,-0.829129674,0.558940009
151.544000000,25.013523,3.577915,3.853461,0.009941819,0.002178678,-0.828666509,0.559650096
151.640000000,25.019657,3.575984,3.840622,0.007598027,-0.000023757,-0.828292462,0.560244470
151.752000000,25.025277,3.572851,3.828255,0.005959227,-0.001007466,-0.828038415,0.560638792
151.880000000,25.029985,3.568845,3.817062,0.003459152,-0.003186199,-0.827879051,0.560886939
151.952000000,25.031924,3.566662,3.811808,0.002927672,-0.003715932,-0.827825189,0.560966200
152.084000000,25.034220,3.563067,3.803817,0.001751803,-0.004198617,-0.827770984,0.561047682
152.168000000,25.034928,3.561143,3.799669,0.002567482,-0.002500143,-0.827740484,0.561099677
152.264000000,25.035060,3.558675,3.795964,0.017851583,0.016620746,-0.827449323,0.561010419
152.360000000,25.034348,3.552325,3.792568,0.022233006,0.029702310,-0.827123288,0.560794555
152.492000000,25.032874,3.532684,3.787850,0.026435210,0.038201664,-0.826890006,0.560441550
152.552000000,25.032141,3.518796,3.785671,0.027168227,0.040198232,-0.826851066,0.560324285
152.672000000,25.030717,3.480996,3.781426,0.029473895,0.042412896,-0.826860610,0.560030328
152.772000000,25.029464,3.438974,3.778049,0.029884263,0.042529913,-0.826947099,0.559871979
152.864000000,25.028200,3.391839,3.775005,0.028875776,0.043341977,-0.826982344,0.559810563
152.948000000,25.027097,3.341792,3.772305,0.027956145,0.044126115,-0.827009047,0.559756534
153.068000000,25.025969,3.258760,3.768594,0.023767928,0.042830930,-0.827152216,0.559839091
153.164000000,25.026153,3.184447,3.766292,-0.005986459,0.006256708,-0.827941362,0.560747820
153.272000000,25.027974,3.101438,3.764575,-0.014875060,-0.020005089,-0.827982955,0.560198854
153.380000000,25.030040,3.024895,3.762964,-0.020007976,-0.031011284,-0.827954422,0.559579714
153.488000000,25.031879,2.957741,3.761395,-0.021551163,-0.035623023,-0.827990509,0.559194299
153.560000000,25.032855,2.918745,3.760388,-0.022086488,-0.037325212,-0.828013330,0.559028569
153.656000000,25.033680,2.874114,3.759114,-0.020693048,-0.037334887,-0.828099411,0.558953727
153.752000000,25.033830,2.837676,3.758018,-0.019037309,-0.034226031,-0.828291746,0.558926599
153.888000000,25.033052,2.798722,3.756725,-0.014450825,-0.027041407,-0.828580351,0.559029997
153.944000000,25.032419,2.786350,3.756231,-0.014888221,-0.024920331,-0.828641410,0.559026592
154.088000000,25.030410,2.762416,3.755235,-0.010227718,-0.017009420,-0.828815507,0.559169857
154.164000000,25.029197,2.753371,3.754786,-0.008383133,-0.013301401,-0.828896110,0.559181576
154.292000000,25.027064,2.742233,3.754371,-0.004832977,-0.007245803,-0.829003618,0.559175412
154.352000000,25.026061,2.738222,3.754270,-0.004094622,-0.005566357,-0.829036793,0.559151362
154.472000000,25.024153,2.731745,3.753988,-0.002839610,-0.004859680,-0.829061395,0.559129254
154.544000000,25.023020,2.728735,3.753919,-0.002820585,-0.004176601,-0.829059926,0.559137048
154.676000000,25.020958,2.724366,3.753834,-0.002936913,-0.002155408,-0.829043220,0.559172663
154.772000000,25.019633,2.721817,3.753630,-0.000370519,-0.001047788,-0.829047519,0.559177053
154.880000000,25.017672,2.719067,3.753777,0.007808173,-0.008334677,-0.829035042,0.559080016
154.952000000,25.015091,2.717398,3.754111,0.007122270,-0.007422496,-0.829064417,0.559058470
155.084000000,25.008140,2.715034,3.754617,0.000237124,-0.003548824,-0.829121589,0.559057009
155.144000000,25.004612,2.714277,3.754832,0.000749558,0.000027243,-0.829127714,0.559058737
155.276000000,24.996909,2.712296,3.755224,-0.000908700,0.003752454,-0.829142574,0.559023869
155.348000000,24.993066,2.710843,3.755447,-0.001074778,0.004418734,-0.829144687,0.559015570
155.468000000,24.987547,2.707941,3.755847,-0.002390098,0.002323125,-0.829151239,0.559014412
155.552000000,24.984296,2.705823,3.756232,0.001892185,-0.000445622,-0.829150819,0.559021592
155.684000000,24.977526,2.702115,3.756316,0.024835382,-0.016452999,-0.828760918,0.558809309
155.684000000,24.977526,2.702115,3.756316,0.024835382,-0.016452999,-0.828760918,0.558809309
155.684000000,24.977526,2.702115,3.756316,0.024835382,-0.016452999,-0.828760918,0.558809309
155.684000000,24.977526,2.702115,3.756316,0.024835382,-0.016452999,-0.828760918,0.558809309
157.088000000,24.064815,2.677855,3.747152,-0.037660671,0.026648421,-0.827532653,0.559518761
157.272000000,23.928642,2.677203,3.746552,-0.039077598,0.030899753,-0.827254803,0.559613828
157.364000000,23.874088,2.676006,3.746393,-0.039587483,0.031072640,-0.827160752,0.559707435
157.448000000,23.832098,2.674398,3.746225,-0.037577629,0.030841807,-0.827209243,0.559787079
157.544000000,23.792861,2.671909,3.745949,-0.033532694,0.028711850,-0.827371502,0.559917481
157.676000000,23.752347,2.667194,3.745316,-0.026789177,0.022115442,-0.827615428,0.560219555
157.748000000,23.735715,2.664111,3.744913,-0.021767150,0.019391128,-0.827750588,0.560338415
157.844000000,23.718267,2.659454,3.744337,-0.018079427,0.014535619,-0.827808665,0.560530698
157.940000000,23.705181,2.654497,3.743706,-0.014805514,0.009282262,-0.827841944,0.560689175
158.076000000,23.692243,2.647922,3.742811,-0.011407784,0.005669288,-0.827864279,0.560783788
158.156000000,23.687041,2.644474,3.742548,-0.010835327,0.004359424,-0.827868777,0.560800213
158.280000000,23.681677,2.639635,3.742361,-0.006771590,0.001539963,-0.827912862,0.560813755
158.360000000,23.679392,2.636883,3.742261,-0.000308856,0.004680696,-0.827944848,0.560789912
158.480000000,23.676420,2.630659,3.742092,0.018024241,0.025534701,-0.827600903,0.560446118
158.540000000,23.674852,2.624588,3.741736,0.021627878,0.032408917,-0.827400402,0.560259290
158.672000000,23.671643,2.601419,3.740233,0.024591265,0.040777865,-0.827149960,0.559960158
158.756000000,23.670012,2.578686,3.738820,0.026177599,0.042512650,-0.827127008,0.559793105
158.796000000,23.669345,2.565561,3.738073,0.026836628,0.043088267,-0.827127540,0.559717097
158.948000000,23.667285,2.501683,3.734825,0.029073981,0.043501720,-0.827218906,0.559438277
159.080000000,23.665738,2.428254,3.731743,0.028801529,0.044101570,-0.827297387,0.559289332
159.152000000,23.665015,2.381227,3.730031,0.028869208,0.044382672,-0.827353792,0.559180160
159.288000000,23.663868,2.279074,3.726659,0.029857107,0.043756280,-0.827505834,0.558952624
159.356000000,23.663306,2.221513,3.724957,0.029613000,0.043658943,-0.827578996,0.558864896
159.476000000,23.662291,2.109634,3.722016,0.029058981,0.043676616,-0.827679279,0.558744074
159.548000000,23.661717,2.036284,3.720261,0.028809424,0.044065598,-0.827708736,0.558682815
159.680000000,23.660884,1.889848,3.717036,0.028697534,0.044149378,-0.827785306,0.558568501
159.752000000,23.660560,1.803514,3.715430,0.016281036,0.032390609,-0.828327117,0.559070625
159.824000000,23.660721,1.714509,3.714291,-0.005766010,0.004167618,-0.828784194,0.559523139
159.956000000,23.662412,1.554580,3.713236,-0.010366586,-0.018777144,-0.828904783,0.558978365
160.088000000,23.663512,1.403201,3.715522,-0.019743901,-0.024897779,-0.828982398,0.558371259
160.136000000,23.663915,1.350902,3.717156,-0.017604730,-0.026596612,-0.828988233,0.558355803
160.280000000,23.664909,1.205649,3.721663,-0.022846406,-0.037867422,-0.828721742,0.557910722
160.364000000,23.665132,1.130201,3.723550,-0.024376961,-0.039238830,-0.828753183,0.557704438
160.472000000,23.665113,1.043822,3.725179,-0.025892419,-0.040489199,-0.828789746,0.557492390
160.556000000,23.664924,0.985020,3.725796,-0.026658391,-0.040728936,-0.828842047,0.557361054
160.676000000,23.664581,0.913427,3.722959,-0.028774295,-0.039944996,-0.828945152,0.557159199
160.748000000,23.664515,0.877189,3.717206,-0.024854999,-0.037011843,-0.829113528,0.557299839
160.868000000,23.664424,0.827822,3.708834,-0.021877798,-0.034785027,-0.829242925,0.557375579
160.952000000,23.664208,0.800809,3.703774,-0.018510008,-0.029845306,-0.829446494,0.557481076
161.084000000,23.663557,0.768478,3.697024,-0.014581940,-0.021580158,-0.829712962,0.557582339
161.156000000,23.663179,0.755007,3.693901,-0.012992830,-0.016571405,-0.829841695,0.557601413
161.288000000,23.662950,0.735951,3.688954,-0.000839741,-0.003432549,-0.830032193,0.557704287
161.372000000,23.662753,0.725075,3.686505,0.013689757,0.016501964,-0.829881825,0.557527069
161.484000000,23.662050,0.705888,3.683192,0.021304554,0.032413839,-0.829572888,0.557049623
161.552000000,23.661641,0.690021,3.680860,0.023560169,0.037090811,-0.829494341,0.556783916
161.672000000,23.661174,0.652556,3.676672,0.027278389,0.041206247,-0.829460103,0.556375658
161.756000000,23.660900,0.618510,3.673715,0.028894787,0.039466946,-0.829618694,0.556183669
161.876000000,23.660592,0.561114,3.670483,-0.001738601,0.003175410,-0.830617568,0.556831528
161.948000000,23.660898,0.526270,3.669277,-0.009306550,-0.011510418,-0.830671086,0.556566658
162.084000000,23.661613,0.465814,3.667682,-0.014200285,-0.023554257,-0.830665489,0.556092073
162.176000000,23.661825,0.430823,3.666838,-0.013773864,-0.025741128,-0.830683904,0.555978350
162.288000000,23.661518,0.395328,3.665788,-0.013157705,-0.024868755,-0.830761245,0.555917416
162.344000000,23.661113,0.380427,3.665303,-0.011548536,-0.022953533,-0.830831792,0.555930122
162.476000000,23.659505,0.351852,3.664501,-0.010379253,-0.019224018,-0.830958935,0.555904630
162.584000000,23.657683,0.334401,3.663807,-0.007526699,-0.014787481,-0.831061265,0.555933317
162.680000000,23.655751,0.322351,3.663236,-0.007124710,-0.011213553,-0.831114074,0.555943244
162.752000000,23.654270,0.315059,3.662831,-0.004049263,-0.007665575,-0.831146507,0.555985904
162.884000000,23.650869,0.301836,3.662166,0.018064180,0.020865229,-0.830846654,0.555816665
162.944000000,23.648856,0.293309,3.661518,0.021269587,0.029659586,-0.830632459,0.555623643
163.088000000,23.644101,0.262096,3.659090,0.025248116,0.040958928,-0.830328246,0.555193572
163.160000000,23.642027,0.239751,3.657473,0.026811788,0.041608415,-0.830371162,0.555007748
163.292000000,23.638526,0.186277,3.654334,0.027896590,0.043679972,-0.830390548,0.554766057
163.352000000,23.637076,0.156515,3.652844,0.028488873,0.043794205,-0.830432315,0.554664422
163.472000000,23.634339,0.086701,3.649830,0.029225050,0.043916931,-0.830527293,0.554474179
163.544000000,23.632747,0.038259,3.648011,0.028450353,0.043649734,-0.830607572,0.554415313
163.676000000,23.630126,-0.063028,3.644910,0.007859857,0.027844149,-0.831236547,0.555165497
163.736000000,23.629638,-0.112642,3.643980,-0.008209699,0.006448114,-0.831468711,0.555473497
163.880000000,23.630878,-0.228519,3.642766,-0.018129733,-0.023398659,-0.831440451,0.554824829
163.952000000,23.631968,-0.281851,3.642184,-0.019782288,-0.030669707,-0.831409733,0.554459994
164.028000000,23.633039,-0.333597,3.641472,-0.020764726,-0.035700243,-0.831391093,0.554150854
164.132000000,23.634048,-0.395913,3.640328,-0.020780136,-0.038466688,-0.831452185,0.553873419
164.264000000,23.634126,-0.460493,3.638809,-0.020404594,-0.038381232,-0.831593339,0.553681364
164.360000000,23.633320,-0.497311,3.637757,-0.024303681,-0.039924801,-0.831620928,0.553373267
164.472000000,23.631978,-0.529067,3.636285,-0.026089457,-0.040100569,-0.831704792,0.553153165
164.552000000,23.630931,-0.544286,3.635023,-0.026219980,-0.040454457,-0.831740904,0.553066921
164.672000000,23.629259,-0.555548,3.632846,-0.026648519,-0.040702693,-0.831832278,0.552890775
164.756000000,23.628046,-0.555197,3.631153,-0.027110184,-0.040505954,-0.831919477,0.552751563
164.888000000,23.626222,-0.541107,3.628347,-0.028095642,-0.040092225,-0.832045403,0.552542936
164.948000000,23.625506,-0.529287,3.627025,-0.027624666,-0.039663221,-0.832109542,0.552501057
164.948000000,23.625506,-0.529287,3.627025,-0.027624666,-0.039663221,-0.832109542,0.552501057
164.948000000,23.625506,-0.529287,3.627025,-0.027624666,-0.039663221,-0.832109542,0.552501057
166.320000000,23.545729,-0.061959,3.605549,0.047862086,-0.019161773,-0.834026289,0.549310655
166.592000000,23.421456,-0.052846,3.602328,0.045490058,-0.024176149,-0.834113969,0.549181259
166.760000000,23.310014,-0.051674,3.601007,0.046970550,-0.023602471,-0.833968135,0.549303049
166.880000000,23.214502,-0.052569,3.600245,0.045821168,-0.023970800,-0.833978754,0.549368055
166.976000000,23.128812,-0.054235,3.599831,0.042978022,-0.026461516,-0.834089126,0.549315945
167.000000000,23.106131,-0.054722,3.599785,0.043454331,-0.026397463,-0.834056457,0.549331158
167.156000000,22.946485,-0.058420,3.599583,0.043104171,-0.027137460,-0.834028383,0.549365312
167.264000000,22.823694,-0.061436,3.599687,0.043473617,-0.026843928,-0.833977141,0.549428409
167.372000000,22.691025,-0.064832,3.600059,0.043622363,-0.026654121,-0.833941081,0.549480592
167.492000000,22.532274,-0.068959,3.600613,0.041721709,-0.028303286,-0.834004106,0.549450065
167.552000000,22.448529,-0.070995,3.600943,0.042680474,-0.027846143,-0.833939941,0.549497174
167.688000000,22.248015,-0.075549,3.601825,0.041545381,-0.028748822,-0.833953143,0.549517645
167.744000000,22.161182,-0.077337,3.602233,0.040785894,-0.028430008,-0.833985166,0.549542526
167.888000000,21.929801,-0.080541,3.602394,-0.003890761,-0.002501956,-0.835233670,0.549875730
167.948000000,21.833647,-0.081118,3.602374,-0.018242478,0.010507325,-0.834944261,0.549931714
168.024000000,21.715192,-0.081708,3.602286,-0.029843873,0.020179396,-0.834419904,0.549950506
168.140000000,21.544846,-0.082767,3.601984,-0.037288172,0.027371293,-0.833859091,0.550035836
168.276000000,21.363855,-0.084777,3.601322,-0.039847068,0.030351916,-0.833558183,0.550156094
168.380000000,21.239854,-0.087011,3.600557,-0.042078880,0.029489090,-0.833359904,0.550337199
168.476000000,21.136553,-0.089306,3.599663,-0.043739333,0.027483015,-0.833207933,0.550541638
168.576000000,21.040257,-0.091466,3.598678,-0.043338115,0.027071081,-0.833184677,0.550628966
168.680000000,20.952145,-0.093401,3.597543,-0.043174346,0.027461252,-0.833157578,0.550663515
168.788000000,20.873141,-0.095356,3.596343,-0.030565639,0.023578244,-0.833769382,0.550761678
168.848000000,20.833852,-0.096672,3.596020,-0.033227203,0.019762093,-0.833689122,0.550879170
168.972000000,20.762444,-0.099178,3.595788,-0.037138976,0.023576304,-0.833545295,0.550696918
168.992000000,20.752248,-0.099572,3.595745,-0.037238175,0.024235248,-0.833541132,0.550667914
169.148000000,20.685514,-0.102748,3.595401,-0.033808572,0.025403029,-0.833674450,0.550634705
169.272000000,20.647795,-0.105798,3.595042,-0.028186311,0.021343676,-0.833901154,0.550780215
169.352000000,20.629546,-0.108060,3.593993,-0.024279462,0.018797145,-0.832770374,0.552766387
169.484000000,20.606226,-0.111717,3.567182,-0.021543223,-0.003065465,-0.813369799,0.581339885
169.532000000,20.599250,-0.112229,3.551708,-0.015397296,-0.015011103,-0.801711647,0.597324054
169.664000000,20.579239,-0.108272,3.505981,0.006598243,-0.034212848,-0.758617121,0.650604341
169.736000000,20.565123,-0.102854,3.482418,0.013549027,-0.021386277,-0.729672274,0.683328196
169.856000000,20.536855,-0.092774,3.449067,0.007241767,0.002195438,-0.674082192,0.738617584
169.952000000,20.513517,-0.086030,3.427203,0.001642369,0.013895450,-0.623837853,0.781428533
170.016000000,20.499004,-0.082636,3.414569,-0.001187933,0.016674831,-0.588024117,0.808670623
170.132000000,20.476183,-0.078470,3.395180,-0.003795535,0.018042537,-0.519127895,0.854497683
170.264000000,20.456388,-0.076043,3.377586,-0.003481600,0.017117910,-0.435458582,0.900039265
170.336000000,20.448287,-0.075451,3.369686,-0.003030434,0.016764520,-0.387812219,0.921580951
170.444000000,20.439394,-0.075149,3.359545,-0.004469070,0.012661579,-0.314146121,0.949279688
170.564000000,20.433302,-0.074841,3.350446,-0.002952918,0.010351639,-0.229962358,0.973139989
170.672000000,20.430472,-0.074479,3.342436,-0.002775059,0.004577439,-0.155999254,0.987742668
170.768000000,20.428850,-0.073734,3.321365,-0.013059965,-0.003513060,-0.109893238,0.993851383
170.876000000,20.426643,-0.069923,3.288273,-0.032986443,-0.007939582,-0.076668226,0.996479222
170.948000000,20.424591,-0.063499,3.266182,-0.033807614,-0.002223098,-0.062874709,0.997446176
171.000000000,20.423074,-0.056673,3.251551,-0.024887252,0.002525931,-0.055881305,0.998124002
171.152000000,20.419950,-0.031263,3.215638,0.001192130,0.002423025,-0.043960812,0.999029607
171.276000000,20.418551,-0.010587,3.192960,0.009075737,0.002930350,-0.039593552,0.999170353
171.344000000,20.418169,-0.000415,3.178500,0.013575577,-0.000171802,-0.030825099,0.999432583
171.488000000,20.416569,0.016507,3.122314,0.039939658,-0.013516955,0.017257141,0.998961614
171.560000000,20.414229,0.019862,3.089338,0.056704514,-0.015586490,0.052099371,0.996908880
171.692000000,20.407720,0.010677,3.030071,0.048684902,0.004962016,0.128889529,0.990450730
171.776000000,20.404972,-0.004213,2.994932,0.029083818,0.005721918,0.176638780,0.983829321
171.888000000,20.403077,-0.028770,2.939237,-0.001787648,-0.006393782,0.218182282,0.975885452
171.932000000,20.402122,-0.038706,2.916886,-0.016323990,-0.010809635,0.229294101,0.973160261
171.996000000,20.399710,-0.051983,2.885689,-0.032718211,-0.010420072,0.241488150,0.969796068
172.136000000,20.389841,-0.071541,2.827251,-0.027944913,-0.001544841,0.256934432,0.966023495
172.268000000,20.377743,-0.079037,2.796730,-0.012933318,0.007387766,0.263674706,0.964496656
172.328000000,20.372571,-0.080142,2.794680,-0.008206553,0.008982539,0.265418559,0.964056510
172.448000000,20.364241,-0.079939,2.812904,-0.001458438,0.009341898,0.267528918,0.963503441
172.568000000,20.358970,-0.078217,2.860947,-0.000193972,0.006988484,0.268598762,0.963226779
172.676000000,20.356174,-0.076159,2.929874,0.000584610,0.003414744,0.269092363,0.963108145
172.772000000,20.354636,-0.074201,3.011548,0.000216896,0.003181340,0.269344940,0.963038491
172.892000000,20.353775,-0.071694,3.140566,0.002782386,0.003947638,0.269512827,0.962984689
172.952000000,20.353863,-0.070625,3.215503,0.004148936,0.003395708,0.269564300,0.962967468
173.028000000,20.354383,-0.069582,3.307223,0.005147459,0.000774674,0.269619554,0.962952854
173.168000000,20.355808,-0.068810,3.448823,0.002788050,0.002069672,0.269702422,0.962937457
173.288000000,20.357544,-0.068866,3.545201,0.001872214,0.002111897,0.269810058,0.962909428
173.336000000,20.358392,-0.068986,3.578181,0.001080416,0.002566674,0.271227465,0.962511250
173.484000000,20.361754,-0.069941,3.645812,0.017615350,-0.000903186,0.309805866,0.950636213
173.564000000,20.364263,-0.072571,3.667539,0.030152778,-0.000220471,0.344841311,0.938176546
173.688000000,20.370878,-0.082523,3.693013,0.016454049,0.007705867,0.411107721,0.911405686
173.744000000,20.375283,-0.088439,3.702798,0.006666350,0.004759353,0.443417105,0.896277959
173.888000000,20.387786,-0.103627,3.724187,-0.008534154,0.001648817,0.528458952,0.848914357
173.976000000,20.394957,-0.111418,3.734985,-0.011654380,-0.000074628,0.579962426,0.814559853
174.068000000,20.401334,-0.117899,3.744726,-0.013505765,0.001397093,0.632233158,0.774659200
174.092000000,20.402789,-0.119287,3.747061,-0.013879531,0.001444759,0.645526899,0.763610041
174.096000000,20.403026,-0.119509,3.747445,-0.013928278,0.001429120,0.647726301,0.761744445
175.088000000,20.376601,-0.180993,3.655271,0.012810851,0.014662983,0.897952342,0.439661768
175.428000000,20.384043,-0.195108,3.525489,0.008409740,0.033546367,0.961758731,0.271705835
175.568000000,20.405363,-0.181546,3.482346,-0.007595259,0.005802397,0.983636788,0.179909184
175.676000000,20.420269,-0.168739,3.455525,-0.013413716,-0.005714313,0.994369868,0.104957060
175.748000000,20.428299,-0.160684,3.440369,-0.016395537,-0.009065266,0.998373684,0.053842308
175.892000000,20.439100,-0.147514,3.415446,-0.012492779,-0.008862790,0.998641220,-0.049810589
175.940000000,20.441402,-0.144074,3.408507,-0.011447394,-0.007984615,0.996325543,-0.084502162
176.072000000,20.445167,-0.136843,3.392451,-0.009526901,-0.006640769,0.983666550,-0.179625324
176.156000000,20.445929,-0.133854,3.384138,-0.007444754,-0.006658721,0.970841468,-0.239514262
176.252000000,20.445779,-0.131862,3.375947,-0.006745811,-0.004803749,0.951711492,-0.306882149
176.388000000,20.444238,-0.130998,3.366777,-0.002951857,-0.002627742,0.916599429,-0.399787278
176.468000000,20.442995,-0.131175,3.362532,-0.000086125,-0.000914204,0.891676071,-0.452673107
176.552000000,20.441713,-0.131541,3.358077,-0.001401398,0.000897243,-0.863430937,0.504464319
176.684000000,20.440539,-0.132001,3.330252,-0.015046772,0.007139300,-0.830676107,0.556506811
176.768000000,20.442222,-0.131933,3.305679,-0.025520561,0.016363137,-0.816940603,0.575924474
176.880000000,20.450815,-0.131885,3.274750,-0.016508858,0.018238070,-0.806055493,0.591328481
176.972000000,20.462464,-0.132674,3.253335,-0.004377146,0.009139078,-0.801058321,0.598500529
177.068000000,20.476140,-0.134284,3.234498,0.005145918,0.002626325,-0.797851445,0.602826421
177.176000000,20.490740,-0.137140,3.217152,0.010156090,-0.003072909,-0.795759330,0.605520024
177.272000000,20.501707,-0.140381,3.204363,0.009903133,-0.005681477,-0.794729229,0.606856739
177.336000000,20.507792,-0.142723,3.196987,0.009518435,-0.006324766,-0.794300864,0.607417101
177.468000000,20.517280,-0.147615,3.184305,0.008840541,-0.006296878,-0.793796906,0.608086069
177.536000000,20.520629,-0.150120,3.178891,0.007837871,-0.006765497,-0.793663244,0.608269226
177.692000000,20.524745,-0.155477,3.172078,0.003098062,-0.006322336,-0.793533788,0.608485461
177.776000000,20.525285,-0.157815,3.184082,0.004081509,-0.002267991,-0.793481714,0.608576181
177.860000000,20.525060,-0.160156,3.210784,0.002807610,-0.000773710,-0.793457199,0.608619086
177.932000000,20.524511,-0.162240,3.245364,0.001287854,-0.000066709,-0.793439494,0.608647769
178.064000000,20.523291,-0.166197,3.322489,-0.002434964,-0.000461849,-0.793395470,0.608701476
178.184000000,20.522520,-0.169482,3.380850,-0.000070080,0.000606705,-0.793333748,0.608786655
178.280000000,20.522006,-0.172060,3.419335,-0.000445623,-0.002371046,-0.793292214,0.608836302
178.304000000,20.521854,-0.172663,3.427997,-0.000802981,-0.002838490,-0.793283222,0.608845652
178.436000000,20.520817,-0.175491,3.469531,-0.000433538,-0.002161625,-0.793287822,0.608842813
178.556000000,20.519597,-0.177547,3.499679,-0.000514353,-0.000929856,-0.793269164,0.608870187
178.688000000,20.518247,-0.179496,3.526423,0.001718204,0.002182499,-0.793213338,0.608937506
178.748000000,20.517671,-0.180542,3.536781,0.001462724,0.002146986,-0.793198212,0.608958001
178.880000000,20.516448,-0.183402,3.553015,0.001849392,0.000177163,-0.789262038,0.614053731
178.940000000,20.515829,-0.184814,3.553080,0.000637141,-0.002216563,-0.785089120,0.619378523
179.084000000,20.513922,-0.187950,3.553286,-0.001977992,-0.002353574,-0.779419234,0.626495176
179.180000000,20.512606,-0.189561,3.553599,-0.001026024,-0.001668214,-0.777505669,0.628872880
179.280000000,20.511227,-0.190841,3.553994,0.001786888,0.000624030,-0.776349210,0.630300183
179.336000000,20.510401,-0.191583,3.554197,0.001469665,0.000147650,-0.775944413,0.630799561
179.424000000,20.508984,-0.192888,3.554567,0.000658751,-0.000596837,-0.775510271,0.631334324
179.564000000,20.506647,-0.194127,3.555688,-0.018656084,-0.018898700,-0.774853632,0.631582646
179.688000000,20.505187,-0.188008,3.556209,-0.025012277,-0.029314754,-0.774382973,0.631542590
179.756000000,20.504530,-0.180070,3.556057,-0.025929495,-0.032666941,-0.774239245,0.631517318
179.876000000,20.503186,-0.157532,3.555814,-0.006633910,-0.012737194,-0.774769754,0.632080362
179.948000000,20.502060,-0.141370,3.555871,-0.001050395,-0.003494487,-0.774882706,0.632094516
179.948000000,20.502060,-0.141370,3.555871,-0.001050395,-0.003494487,-0.774882706,0.632094516
179.948000000,20.502060,-0.141370,3.555871,-0.001050395,-0.003494487,-0.774882706,0.632094516
180.564000000,20.489117,-0.053830,3.556562,0.028398085,0.035884101,-0.774247383,0.631226480
180.648000000,20.487175,-0.059225,3.555690,0.029361021,0.039099442,-0.774128019,0.631137841
180.948000000,20.483118,-0.133845,3.550427,0.031658802,0.042103943,-0.774112758,0.630852135
181.076000000,20.482742,-0.192550,3.547617,0.032159081,0.042316097,-0.774159927,0.630754746
181.148000000,20.482793,-0.232566,3.545902,0.033145348,0.041631235,-0.774237682,0.630653818
181.280000000,20.482947,-0.318880,3.542609,0.034192881,0.040342947,-0.774400204,0.630482052
181.340000000,20.482918,-0.363567,3.541069,0.034332548,0.040436260,-0.774442141,0.630416970
181.436000000,20.482809,-0.441408,3.539017,0.001017170,0.007606678,-0.775440804,0.631373632
181.544000000,20.483270,-0.530008,3.537920,-0.011912436,-0.014901593,-0.775473921,0.631091305
181.652000000,20.483721,-0.613170,3.537151,-0.020108062,-0.027667765,-0.775361872,0.630590301
181.748000000,20.483785,-0.679678,3.536380,-0.023342254,-0.031896288,-0.775371331,0.630267456
181.892000000,20.483218,-0.763190,3.552605,-0.009850250,-0.016679181,-0.775963612,0.630480175
181.976000000,20.482494,-0.805654,3.567799,-0.021161205,-0.021967349,-0.775888189,0.630132650
182.088000000,20.481883,-0.855769,3.586817,-0.020983464,-0.023245297,-0.775905670,0.630071219
182.168000000,20.481720,-0.886476,3.598461,-0.021438119,-0.024652668,-0.775885905,0.630026758
182.288000000,20.481685,-0.924512,3.613086,-0.018693632,-0.023573867,-0.775957668,0.630067074
182.372000000,20.481630,-0.945790,3.621600,-0.017991569,-0.022465483,-0.776014094,0.630058514
182.468000000,20.481521,-0.965173,3.629971,-0.013310118,-0.017708211,-0.776148127,0.630161365
182.540000000,20.481366,-0.976864,3.635281,-0.011895473,-0.015782700,-0.776191220,0.630187745
182.648000000,20.480981,-0.990668,3.642045,-0.008684743,-0.011801127,-0.776270149,0.630230089
182.780000000,20.480352,-1.002857,3.655049,-0.005413284,-0.006011536,-0.776351402,0.630248411
182.852000000,20.480064,-1.007850,3.675144,-0.003462557,-0.004489500,-0.776372706,0.630248582
182.972000000,20.479523,-1.014752,3.732464,-0.001527030,-0.001755047,-0.776402809,0.630232708
183.092000000,20.478921,-1.020803,3.819600,0.000226423,-0.001181717,-0.776416124,0.630219450
183.152000000,20.478534,-1.023662,3.874394,-0.000587539,-0.001830612,-0.776424100,0.630207840
183.284000000,20.477519,-1.029397,3.997690,-0.001427997,-0.001899582,-0.776423330,0.630207240
183.380000000,20.476743,-1.033131,4.071899,-0.001071335,-0.000920096,-0.776429237,0.630202860
183.488000000,20.475933,-1.036843,4.141806,-0.000206442,-0.000233393,-0.776436430,0.630195503
183.572000000,20.475353,-1.039477,4.187823,-0.002206438,-0.000054461,-0.776436520,0.630191606
183.680000000,20.474932,-1.042588,4.237847,-0.002765305,-0.000024798,-0.776410718,0.630221191
183.752000000,20.474907,-1.044435,4.266421,-0.000134078,0.001222126,-0.776381274,0.630262331
183.876000000,20.475016,-1.047617,4.308022,-0.000834957,-0.000943506,-0.776324467,0.630332242
183.944000000,20.475079,-1.049244,4.327191,-0.000830936,-0.001132466,-0.776294557,0.630368771
184.088000000,20.475143,-1.052153,4.360998,-0.000090663,-0.002206992,-0.776260132,0.630408858
184.148000000,20.475064,-1.053108,4.372790,0.000185824,-0.002448587,-0.776253278,0.630416385
184.244000000,20.474436,-1.054515,4.389249,0.015109956,-0.009590672,-0.776094342,0.630362817
184.340000000,20.470731,-1.056212,4.402451,0.027782639,-0.021782054,-0.775715030,0.630095119
184.436000000,20.461289,-1.057808,4.413287,0.019048991,-0.018960107,-0.776010188,0.630147474
184.556000000,20.443480,-1.059179,4.424620,0.002987822,-0.004176167,-0.776267234,0.630383069
184.688000000,20.422457,-1.060486,4.434710,-0.004685719,0.005990031,-0.776221119,0.630414894
184.728000000,20.416501,-1.060955,4.437331,-0.006224200,0.008479829,-0.776191635,0.630409310
184.872000000,20.398438,-1.063307,4.445347,-0.009494247,0.012032710,-0.776132368,0.630383709
184.952000000,20.391086,-1.065146,4.448936,-0.009112758,0.010531975,-0.776140832,0.630405777
185.084000000,20.382648,-1.068902,4.453851,-0.001588969,0.012359106,-0.776205253,0.630357147
185.184000000,20.378446,-1.074051,4.457215,0.015516881,0.029430213,-0.775995195,0.629860735
185.252000000,20.376343,-1.080951,4.458909,0.021417213,0.034930890,-0.775850371,0.629585053
185.336000000,20.374413,-1.094399,4.460225,0.026051133,0.037841225,-0.775768081,0.629343519
185.444000000,20.372661,-1.120764,4.461076,0.029695382,0.040289124,-0.775700722,0.629113154
185.540000000,20.371588,-1.153327,4.461167,0.030595940,0.041535868,-0.775683694,0.629009910
185.648000000,20.370878,-1.200489,4.460673,0.032101340,0.041575923,-0.775720097,0.628887333
185.744000000,20.370515,-1.251827,4.459816,0.033214495,0.041284063,-0.775780501,0.628774234
185.888000000,20.369943,-1.345364,4.457943,0.034869766,0.040080855,-0.775912503,0.628599564
185.984000000,20.369240,-1.418596,4.456435,0.033731910,0.040602138,-0.775942417,0.628591274
186.080000000,20.368432,-1.500358,4.454773,0.032096784,0.041895727,-0.775923070,0.628615887
186.164000000,20.367899,-1.578837,4.453262,0.030266537,0.039872555,-0.776067507,0.628659956
186.272000000,20.367780,-1.686637,4.451942,-0.005396696,0.000405386,-0.776932768,0.629560311
186.332000000,20.368176,-1.746154,4.451694,-0.012190288,-0.011204639,-0.776931095,0.629367879
186.464000000,20.369521,-1.870251,4.451279,-0.023137029,-0.027405491,-0.776770250,0.628761955
186.548000000,20.370523,-1.942089,4.450758,-0.026532643,-0.031416900,-0.776747038,0.628468803
186.684000000,20.372308,-2.044505,4.449373,-0.027920804,-0.036193254,-0.776682582,0.628231362
186.780000000,20.373389,-2.105821,4.448020,-0.028528513,-0.037150843,-0.776718933,0.628103206
186.788000000,20.373467,-2.110496,4.447901,-0.028458012,-0.037006921,-0.776731030,0.628099942
186.968000000,20.375042,-2.199609,4.445115,-0.026292122,-0.032474785,-0.777009318,0.628100814
187.088000000,20.376017,-2.243027,4.443260,-0.021628723,-0.028436644,-0.777199309,0.628239437
187.172000000,20.376525,-2.266980,4.442173,-0.017073447,-0.024912453,-0.777323348,0.628375907
187.292000000,20.376695,-2.293652,4.440914,-0.013128315,-0.019610663,-0.777463714,0.628484879
187.364000000,20.376516,-2.306126,4.440195,-0.013420877,-0.017118636,-0.777541250,0.628455596
187.488000000,20.376120,-2.322535,4.439222,-0.008313519,-0.010998812,-0.777687007,0.628500462
187.544000000,20.375899,-2.328369,4.438924,-0.001225994,-0.011730950,-0.777658660,0.628576082
187.664000000,20.373216,-2.338760,4.437896,0.018712032,-0.025592642,-0.777083552,0.628598464
187.760000000,20.365354,-2.345322,4.436740,0.029814651,-0.031152025,-0.776550268,0.628578013
187.884000000,20.343967,-2.352138,4.435208,0.035233939,-0.033978550,-0.776222967,0.628555434
187.988000000,20.315158,-2.356664,4.433862,0.027368144,-0.031014211,-0.776584345,0.628654006
188.000000000,20.311233,-2.357103,4.433676,0.025088023,-0.028885770,-0.776691821,0.628717757
188.168000000,20.250497,-2.361744,4.430851,-0.008719196,0.003706619,-0.777218144,0.629159911
188.280000000,20.211820,-2.363950,4.429433,-0.016315674,0.015158326,-0.777033196,0.629065527
188.360000000,20.187563,-2.365718,4.428926,-0.009243989,0.009155590,-0.777168843,0.629157622
188.484000000,20.153832,-2.368468,4.428744,-0.012391948,0.008299790,-0.777196510,0.629081186
188.564000000,20.134666,-2.369944,4.428694,-0.013886526,0.012030613,-0.777194939,0.628991619
188.688000000,20.109888,-2.372740,4.429115,0.003051542,0.031694768,-0.777291186,0.628334738
188.756000000,20.098794,-2.376788,4.429276,0.006655014,0.038671802,-0.777215563,0.628009691
188.888000000,20.082239,-2.393978,4.428648,0.017034636,0.045380636,-0.777272558,0.627294022
188.972000000,20.074628,-2.412671,4.427526,0.020700259,0.046265997,-0.777358054,0.627013088
189.024000000,20.070862,-2.427484,4.426703,0.023022254,0.046434937,-0.777418879,0.626844206
189.164000000,20.063571,-2.480227,4.424046,0.027152119,0.045126420,-0.777633989,0.626507580
189.284000000,20.059712,-2.540407,4.421379,0.027939304,0.044779126,-0.777717099,0.626394716
189.356000000,20.058274,-2.583117,4.419669,0.029050340,0.044821436,-0.777753337,0.626296147
189.488000000,20.057014,-2.674246,4.416337,0.030919992,0.043112851,-0.777929036,0.626108338
189.560000000,20.056809,-2.730860,4.414424,0.032112936,0.042264987,-0.778018143,0.625995367
189.668000000,20.056752,-2.824800,4.411504,0.032934635,0.041350885,-0.778118081,0.625889500
189.752000000,20.056747,-2.905241,4.409218,0.033380530,0.040750042,-0.778179609,0.625828787
189.872000000,20.056681,-3.031152,4.406030,0.032885309,0.041488395,-0.778189975,0.625793603
189.944000000,20.056680,-3.112842,4.404175,0.033386944,0.040863877,-0.778253409,0.625729244
190.088000000,20.056527,-3.289810,4.400531,0.032806546,0.040649811,-0.778309161,0.625704542
190.148000000,20.056414,-3.368801,4.399110,0.032875386,0.041221762,-0.778300566,0.625674199
190.280000000,20.056186,-3.553334,4.396030,0.033402286,0.040634368,-0.778371346,0.625596662
190.388000000,20.055876,-3.715148,4.393640,0.032530416,0.040582134,-0.778429786,0.625573281
190.448000000,20.055683,-3.809159,4.392350,0.032213613,0.041468902,-0.778420645,0.625542895
190.568000000,20.055486,-4.005933,4.389733,0.032909357,0.041005706,-0.778489274,0.625451802
190.676000000,20.055370,-4.192883,4.387429,0.032367986,0.040919954,-0.778548740,0.625411649
190.760000000,20.055336,-4.344603,4.385700,0.031628080,0.041464634,-0.778566982,0.625390920
190.868000000,20.055574,-4.547494,4.383726,0.005582283,0.016980851,-0.779370403,0.626308442
190.964000000,20.056698,-4.729519,4.383083,-0.008952517,-0.007555651,-0.779483284,0.626313480
191.088000000,20.058742,-4.957373,4.382682,-0.019410332,-0.026906834,-0.779295298,0.625777995
191.144000000,20.059560,-5.055989,4.382403,-0.022552955,-0.031730915,-0.779231694,0.625525764
191.276000000,20.060819,-5.277209,4.367294,-0.026841963,-0.046287002,-0.765953028,0.640666045
191.360000000,20.060323,-5.408875,4.341554,-0.024750855,-0.065905065,-0.745057080,0.663275105
191.468000000,20.054351,-5.563635,4.301527,-0.010921088,-0.083904733,-0.707436669,0.701693726
191.552000000,20.042200,-5.672018,4.269476,-0.007713323,-0.071129056,-0.673284074,0.735914205
191.684000000,20.011335,-5.824778,4.224977,-0.027890208,-0.033535218,-0.611149196,0.790312714
191.756000000,19.992412,-5.900485,4.203437,-0.039277676,-0.022207096,-0.574540949,0.817231183
191.876000000,19.962393,-6.015555,4.154764,-0.069069878,-0.016278297,-0.530506114,0.844705648
191.948000000,19.947174,-6.075546,4.121521,-0.089507593,-0.006987404,-0.512951228,0.853709906
192.068000000,19.931776,-6.155886,4.067552,-0.088457250,0.002504472,-0.495121490,0.864305359
192.164000000,19.929237,-6.202911,4.029737,-0.067266667,-0.006873418,-0.486868051,0.870854438
192.272000000,19.931886,-6.241893,3.983839,-0.049043761,-0.017213401,-0.470515841,0.880859382
192.372000000,19.936206,-6.266842,3.944819,-0.031345134,-0.012326993,-0.461299298,0.886605034
192.476000000,19.941471,-6.284994,3.910967,-0.021757089,-0.011011315,-0.455764116,0.889766515
192.560000000,19.945763,-6.295472,3.887820,-0.016298758,-0.009517535,-0.453176250,0.891221102
192.668000000,19.951021,-6.304946,3.862754,-0.009718403,-0.006724475,-0.451236268,0.892326266
192.752000000,19.954803,-6.310187,3.846843,-0.006653584,-0.005695888,-0.450366897,0.892800619
192.876000000,19.959768,-6.315563,3.844305,-0.003018400,-0.003554927,-0.449690094,0.893172475
192.956000000,19.962590,-6.318078,3.859622,-0.002015190,-0.003559058,-0.449481236,0.893280410
193.076000000,19.966177,-6.320896,3.907491,-0.001669326,-0.003378896,-0.449305545,0.893370205
193.160000000,19.968235,-6.322288,3.958790,0.000171483,-0.001631952,-0.449228352,0.893415466
193.292000000,19.971006,-6.324385,4.068888,0.001812342,0.000583909,-0.449131382,0.893463696
193.352000000,19.972201,-6.325550,4.130894,0.002227759,0.001468054,-0.449095927,0.893479564
193.472000000,19.974588,-6.328531,4.277335,0.002740422,0.001179585,-0.449048392,0.893502457
193.556000000,19.976181,-6.331136,4.397563,0.002004341,0.001037397,-0.449023122,0.893517287
193.676000000,19.978340,-6.335345,4.594636,0.000914470,0.000189263,-0.448989290,0.893536651
193.760000000,19.979794,-6.338483,4.749022,0.001500197,0.001824435,-0.448979905,0.893538732
193.868000000,19.981773,-6.342802,4.939504,0.000225852,0.000533848,-0.448971892,0.893545692
193.976000000,19.983698,-6.347049,5.108156,-0.000899194,-0.001843073,-0.448966840,0.893546065
194.084000000,19.985385,-6.350939,5.254626,-0.000246514,0.000546132,-0.446870677,0.894598367
194.168000000,19.986678,-6.353994,5.348728,0.008525421,0.000069763,-0.428980009,0.903273748
194.276000000,19.987449,-6.358964,5.445887,0.012951373,-0.008883171,-0.387915006,0.921561338
194.372000000,19.986231,-6.364704,5.516875,0.007038772,-0.003642877,-0.338777179,0.940833252
194.480000000,19.983877,-6.372161,5.583599,-0.000379745,0.002473527,-0.274209972,0.961666589
194.580000000,19.981944,-6.378975,5.635047,-0.006432118,0.001267813,-0.208773952,0.977941950
194.684000000,19.980417,-6.384842,5.679862,-0.007633374,0.002782249,-0.137113967,0.990521959
194.756000000,19.979776,-6.388030,5.706370,-0.006331486,0.003561944,-0.086120459,0.996258245
194.880000000,19.979574,-6.392179,5.744794,-0.003889595,0.003110724,0.003193059,0.999982499
194.948000000,19.979866,-6.393915,5.762520,-0.002506293,0.001984329,0.052536577,0.998613884
195.092000000,19.980934,-6.396884,5.793659,-0.001118434,0.000786278,0.156842448,0.987622690
195.152000000,19.981470,-6.397938,5.804540,-0.000441066,-0.000246495,0.199948456,0.979806287
195.284000000,19.982617,-6.400094,5.824868,-0.001405621,0.000520672,0.292960901,0.956123247
195.344000000,19.983136,-6.400924,5.828427,-0.003098975,-0.001860112,0.326176872,0.945301848
195.488000000,19.982671,-6.402223,5.814653,-0.017428182,-0.018544074,0.376956344,0.925881359
195.536000000,19.980894,-6.402078,5.807815,-0.022645180,-0.019845593,0.387145354,0.921526897
195.668000000,19.970236,-6.398430,5.790803,-0.014687235,-0.006967005,0.404530328,0.914380096
195.776000000,19.958198,-6.392631,5.779619,-0.002459560,0.001214960,0.411672545,0.911327707
195.840000000,19.951012,-6.388783,5.770860,0.003104873,0.003804433,0.420319334,0.907362961
195.980000000,19.936960,-6.381757,5.728594,0.030230513,0.003164219,0.463577490,0.885534875
196.052000000,19.931870,-6.381122,5.702040,0.041557965,0.010259727,0.490739214,0.870254387
196.052000000,19.931870,-6.381122,5.702040,0.041557965,0.010259727,0.490739214,0.870254387
196.052000000,19.931870,-6.381122,5.702040,0.041557965,0.010259727,0.490739214,0.870254387
197.384000000,20.018058,-6.434393,5.472306,-0.003085461,-0.000145836,0.550127615,0.835074886
197.576000000,20.018922,-6.429504,5.466188,-0.001550933,0.000782651,0.550165389,0.835053906
197.780000000,20.019555,-6.423624,5.461816,0.013808511,-0.014858426,0.550096041,0.834855016
197.844000000,20.019378,-6.423549,5.460782,0.022042655,-0.018242396,0.550004111,0.834671680
197.972000000,20.018317,-6.430840,5.458049,0.032875026,-0.022811097,0.549739592,0.834377174
198.056000000,20.017427,-6.442316,5.456051,0.037184255,-0.022252881,0.549663242,0.834261626
198.140000000,20.016915,-6.459227,5.454445,0.018910648,-0.001206053,0.550325333,0.834735264
198.228000000,20.017599,-6.479448,5.453088,0.004959438,0.002646168,0.550307191,0.834943350
198.368000000,20.020016,-6.511146,5.451487,-0.010718627,0.005903853,0.550120952,0.834995325
198.476000000,20.021764,-6.532275,5.450819,-0.015463295,0.008159891,0.549979840,0.834994897
198.524000000,20.022399,-6.540362,5.450628,-0.015014352,0.007786042,0.549961387,0.835018814
198.668000000,20.023890,-6.559997,5.450215,-0.012013678,0.008389017,0.549928726,0.835083045
198.788000000,20.025127,-6.571682,5.449943,-0.008471513,0.005883182,0.549948905,0.835134614
198.824000000,20.025519,-6.574541,5.449898,-0.008873575,0.006158607,0.549936208,0.835136814
198.980000000,20.027291,-6.583785,5.449861,0.000912373,-0.005856886,0.549972952,0.835161431
199.076000000,20.027680,-6.589626,5.449806,0.017843247,-0.017957085,0.549840640,0.834885880
199.148000000,20.027317,-6.596735,5.449319,0.026814686,-0.022080464,0.549646744,0.834674717
199.260000000,20.026072,-6.614690,5.447979,0.034116965,-0.023713547,0.549421610,0.834511591
199.352000000,20.024827,-6.636757,5.446440,0.037978792,-0.023846024,0.549287904,0.834429013
199.484000000,20.023359,-6.680900,5.443972,0.040766542,-0.023811781,0.549106870,0.834417602
199.580000000,20.022788,-6.722520,5.442162,0.027835136,-0.009204023,0.549594070,0.834917271
199.652000000,20.023156,-6.757033,5.441319,0.005534832,0.006973191,0.549860416,0.835209114
199.772000000,20.025547,-6.813194,5.440825,-0.018897686,0.016592795,0.549431520,0.835160201
199.856000000,20.027829,-6.848346,5.440658,-0.026088120,0.017619083,0.549188098,0.835105628
199.952000000,20.030444,-6.882731,5.440495,-0.028143808,0.014103211,0.549132391,0.835142289
200.076000000,20.032906,-6.917950,5.440586,-0.028426624,0.013714308,0.548985014,0.835236074
200.144000000,20.033768,-6.932950,5.440660,-0.024024185,0.023043654,0.548628133,0.835403495
200.268000000,20.037676,-6.952798,5.439831,-0.002813471,0.040475385,0.547739391,0.835664638
200.300000000,20.039959,-6.956569,5.439345,0.001425035,0.043293981,0.547540094,0.835657493
200.420000000,20.055496,-6.966959,5.437272,0.012537251,0.047705516,0.547010634,0.835671208
200.552000000,20.087296,-6.973358,5.434918,0.020336247,0.046763418,0.546651753,0.835805887
200.684000000,20.135535,-6.976691,5.432791,0.022289673,0.047431893,0.546600456,0.835751953
200.732000000,20.157233,-6.977282,5.432122,0.023871406,0.045650308,0.546551784,0.835839310
200.880000000,20.237781,-6.977983,5.430456,0.026890220,0.043948839,0.546463051,0.835896853
200.948000000,20.281676,-6.977999,5.429868,0.027252938,0.044081349,0.546477922,0.835868406
201.080000000,20.379078,-6.977668,5.429185,0.028379375,0.042358284,0.546493189,0.835910032
201.140000000,20.428563,-6.977475,5.428961,0.028132692,0.043243807,0.546532076,0.835847602
201.260000000,20.537158,-6.977119,5.428344,0.027724804,0.031069130,0.546530787,0.836403099
201.308000000,20.583664,-6.977270,5.427841,0.018813216,0.014002261,0.546728254,0.836981610
201.488000000,20.757587,-6.979667,5.425994,-0.019276741,-0.027211884,0.547116244,0.836392095
201.560000000,20.821648,-6.980531,5.425526,-0.026192749,-0.031954366,0.547109718,0.836040558
201.684000000,20.919423,-6.980746,5.437382,-0.028103811,-0.035713711,0.547315393,0.835691670
201.740000000,20.957626,-6.980258,5.452922,-0.026588184,-0.035641874,0.547471052,0.835642371
201.888000000,21.041548,-6.978034,5.524866,-0.023574066,-0.032587750,0.547745503,0.835677668
201.992000000,21.086765,-6.975784,5.602464,-0.021895168,-0.029768276,0.547849802,0.835760161
202.028000000,21.099993,-6.974877,5.634492,-0.021237771,-0.028288038,0.547886870,0.835804237
202.136000000,21.132970,-6.971657,5.746320,-0.017747880,-0.023737691,0.548022662,0.835938213
202.280000000,21.165592,-6.966658,5.894894,-0.014754990,-0.023301761,0.548096932,0.835959970
202.364000000,21.180024,-6.963736,5.966166,-0.012927388,-0.021588341,0.548114757,0.836024545
202.484000000,21.195343,-6.959812,6.050855,-0.009832900,-0.016145149,0.548184047,0.836144066
202.496000000,21.196578,-6.959437,6.058356,-0.009537378,-0.015676273,0.548185203,0.836155653
202.652000000,21.209463,-6.954420,6.142995,-0.000162522,-0.005997695,0.548141831,0.836363877
202.748000000,21.215892,-6.951699,6.184734,-0.000106648,-0.005672343,0.548088563,0.836401064
202.856000000,21.222094,-6.949153,6.223967,-0.002912325,-0.002903955,0.548047835,0.836436881
202.952000000,21.226783,-6.946898,6.248692,-0.004185169,-0.002826702,0.548027289,0.836445207
203.072000000,21.231472,-6.943760,6.268020,-0.004116265,-0.002915258,0.548027137,0.836445345
203.144000000,21.233625,-6.941674,6.277701,-0.004405357,-0.001771014,0.548016156,0.836454272
203.288000000,21.236795,-6.936642,6.293867,-0.003702371,-0.001536930,0.547970666,0.836487944
203.336000000,21.237554,-6.934723,6.298451,-0.004177908,0.002377638,0.547943681,0.836501413
203.444000000,21.239788,-6.929585,6.307146,0.008767854,0.020484217,0.547799690,0.836312753
203.564000000,21.248040,-6.922949,6.313500,0.023371959,0.034013864,0.547511627,0.835779772
203.688000000,21.268249,-6.916289,6.318011,0.028283068,0.040338412,0.547455210,0.835383549
203.744000000,21.281993,-6.913475,6.319607,0.029188309,0.041099212,0.547475581,0.835301973
203.840000000,21.312453,-6.908950,6.321811,0.028778789,0.043053290,0.547586579,0.835144978
203.936000000,21.351778,-6.904576,6.323546,0.027805190,0.043832088,0.547686840,0.835071701
204.056000000,21.413256,-6.899141,6.325201,0.029407295,0.042306418,0.547648229,0.835120827
204.164000000,21.480049,-6.894662,6.326184,0.030209092,0.042090803,0.547632465,0.835113440
204.284000000,21.566882,-6.890305,6.326822,0.029403386,0.042575706,0.547721846,0.835058997
204.332000000,21.605295,-6.888697,6.326955,0.029477100,0.033191043,0.547688891,0.835503641
204.452000000,21.706993,-6.886239,6.326567,0.001714185,-0.004015502,0.548158917,0.836362803
204.524000000,21.767833,-6.885512,6.322700,-0.012782728,-0.022998706,0.548198164,0.835934468
204.524000000,21.767833,-6.885512,6.322700,-0.012782728,-0.022998706,0.548198164,0.835934468
204.524000000,21.767833,-6.885512,6.322700,-0.012782728,-0.022998706,0.548198164,0.835934468
206.136000000,22.187155,-6.854858,4.879481,-0.000207169,-0.001749068,0.549750411,0.835327111
206.348000000,22.190023,-6.851224,4.349570,0.001803666,0.000370013,0.549767561,0.835315652
206.492000000,22.192304,-6.849477,3.990286,0.001041944,-0.000062044,0.549784499,0.835305881
206.576000000,22.193739,-6.848718,3.799436,-0.000197007,0.001666955,0.549796810,0.835296744
206.588000000,22.193951,-6.848616,3.772401,-0.000727767,0.002460665,0.549797951,0.835293738
206.624000000,22.194613,-6.848268,3.690930,-0.001322420,0.003533305,0.549801908,0.835286555
206.828000000,22.199512,-6.844680,3.274896,0.001398572,0.000438546,0.549842964,0.835266764
206.948000000,22.203013,-6.842201,3.070662,-0.001018673,0.000760488,0.549880685,0.835242250
207.084000000,22.206942,-6.838898,2.875370,-0.002238159,-0.001267242,0.549908517,0.835220933
207.128000000,22.208049,-6.837702,2.820383,-0.002598648,-0.001254615,0.549914611,0.835215896
207.248000000,22.210484,-6.834240,2.685326,-0.000712102,-0.003092541,0.549933864,0.835202176
207.380000000,22.212210,-6.830630,2.547965,-0.000895575,-0.001933450,0.549930563,0.835207660
207.452000000,22.212776,-6.828755,2.485479,-0.000348936,-0.001754000,0.549923991,0.835212791
207.560000000,22.213347,-6.825990,2.405725,-0.000240659,0.000661173,0.549933841,0.835207924
207.572000000,22.213409,-6.825672,2.397789,-0.000064331,0.000746663,0.549937826,0.835205260
207.740000000,22.214536,-6.821280,2.302934,0.000168683,0.001398982,0.549978067,0.835177909
207.872000000,22.215793,-6.817924,2.246289,-0.000854670,0.002306351,0.550002366,0.835159474
207.956000000,22.216780,-6.815682,2.216740,0.001062078,0.000327409,0.550024398,0.835147847
208.080000000,22.218490,-6.812442,2.180504,0.001058537,0.009654572,0.550056182,0.835071174
208.172000000,22.221370,-6.809419,2.158129,0.011561856,0.024266884,0.549922652,0.834782917
208.232000000,22.225473,-6.807114,2.145123,0.018508595,0.030081794,0.549777741,0.834563930
208.376000000,22.246307,-6.801474,2.117597,0.027350348,0.037235424,0.549565663,0.834172083
208.460000000,22.266887,-6.798555,2.104139,0.029256069,0.038780667,0.549544664,0.834050840
208.532000000,22.289768,-6.796420,2.093925,0.029805411,0.039547348,0.549559925,0.833985332
208.580000000,22.307730,-6.795199,2.087740,0.029178491,0.031244848,0.549552119,0.834364934
208.724000000,22.369617,-6.793740,2.071215,0.001549853,-0.003943504,0.550026024,0.835136767
208.884000000,22.436029,-6.793947,2.056817,-0.018342788,-0.021564683,0.550053719,0.834649275
208.956000000,22.461313,-6.793765,2.051791,-0.020496441,-0.025018422,0.550128440,0.834453518
209.036000000,22.485261,-6.793141,2.046970,-0.021310941,-0.024272896,0.550213747,0.834398887
209.120000000,22.505802,-6.791956,2.042498,-0.018222406,-0.023361315,0.550387603,0.834383413
209.252000000,22.529701,-6.789345,2.036589,-0.013297652,-0.013769298,0.550548429,0.834583732
209.324000000,22.539678,-6.787403,2.033692,-0.005457750,0.006086877,0.550590104,0.834735707
209.484000000,22.564925,-6.780938,2.026509,0.020858563,0.030817407,0.550366914,0.834093201
209.588000000,22.589929,-6.776583,2.021584,0.026671205,0.038116622,0.550293042,0.833674600
209.660000000,22.612696,-6.773745,2.018417,0.028325755,0.039889409,0.550300354,0.833532247
209.736000000,22.641864,-6.770982,2.015335,0.030045610,0.040251534,0.550277613,0.833469630
209.888000000,22.716444,-6.766581,2.010115,0.030436803,0.041484355,0.550359553,0.833340874
209.948000000,22.751855,-6.765195,2.008343,0.028864434,0.043187602,0.550473957,0.833234720
210.092000000,22.850517,-6.762061,2.004809,0.029377687,0.041675505,0.550534390,0.833253856
210.176000000,22.916764,-6.760499,2.003272,0.028562598,0.032123243,0.550570177,0.833681447
210.248000000,22.977562,-6.759779,2.001840,0.013452087,0.008289751,0.550864542,0.834445072
210.368000000,23.079484,-6.759768,1.999674,-0.014956124,-0.020260014,0.551091865,0.834064507
210.452000000,23.146309,-6.759673,1.998509,-0.022943622,-0.031381637,0.551181913,0.833479023
210.572000000,23.230680,-6.758989,2.000927,-0.027282329,-0.036368359,0.551360268,0.833027534
210.668000000,23.286430,-6.757818,2.020856,-0.025450126,-0.035161441,0.551623528,0.832963053
210.752000000,23.326779,-6.756410,2.053903,-0.023678524,-0.032116076,0.551781107,0.833033910
210.872000000,23.372161,-6.753769,2.126362,-0.020847432,-0.026362523,0.551956392,0.833195382
210.956000000,23.396474,-6.751377,2.194668,-0.018957805,-0.022210355,0.552053904,0.833296939
211.088000000,23.424337,-6.746763,2.331474,-0.013154582,-0.019411402,0.552240853,0.833354783
211.172000000,23.436524,-6.743773,2.437254,-0.009936913,-0.015182584,0.552311973,0.833439999
211.272000000,23.446953,-6.740158,2.582024,-0.008112305,-0.008165616,0.552363256,0.833524053
211.340000000,23.452299,-6.737442,2.692232,-0.005791013,-0.005658898,0.552390260,0.833546305
211.460000000,23.459607,-6.732422,2.909808,-0.001169601,-0.004508429,0.552393410,0.833570529
211.556000000,23.464183,-6.728725,3.105362,-0.000784690,-0.003092289,0.552368463,0.833593968
211.688000000,23.469349,-6.724101,3.405330,0.000218308,-0.002536863,0.552346499,0.833610737
211.784000000,23.472557,-6.721009,3.646301,-0.001061369,-0.001097704,0.552325984,0.833626820
211.832000000,23.474014,-6.719465,3.773959,0.000182472,-0.003093612,0.552316846,0.833628513
211.916000000,23.476213,-6.717040,4.008915,0.000009120,-0.002307798,0.552312097,0.833634225
212.036000000,23.479037,-6.713879,4.351738,0.004688940,0.009933078,0.552297356,0.833574819
212.156000000,23.484128,-6.710749,4.670207,0.011244905,0.007976998,0.552132199,0.833642582
212.280000000,23.492362,-6.708540,4.970854,0.005435742,0.000668513,0.552148772,0.833727617
212.372000000,23.499150,-6.707470,5.175229,0.000513524,-0.001184358,0.552172740,0.833728732
212.480000000,23.506831,-6.706484,5.394569,-0.003340268,-0.003739810,0.552174328,0.833713601
212.540000000,23.510676,-6.705949,5.506812,-0.003714591,-0.005586372,0.552188570,0.833692256
212.676000000,23.517815,-6.704659,5.736329,-0.005211463,0.003089187,0.552203496,0.833687350
212.744000000,23.521092,-6.703545,5.838075,0.003259943,0.020404455,0.552107422,0.833516902
212.864000000,23.531012,-6.700156,5.996455,0.022101283,0.039973500,0.551716225,0.832780199
212.960000000,23.546090,-6.696757,6.103554,0.030975233,0.046494903,0.551478768,0.832316002
213.068000000,23.572801,-6.692991,6.204039,0.034140353,0.050897179,0.551476723,0.831935897
213.068000000,23.572801,-6.692991,6.204039,0.034140353,0.050897179,0.551476723,0.831935897
214.304000000,24.682276,-6.656201,6.618822,0.028829915,0.043388655,0.552586320,0.831826075
214.304000000,24.682276,-6.656201,6.618822,0.028829915,0.043388655,0.552586320,0.831826075
214.508000000,24.983340,-6.649039,6.639605,0.029522917,0.042207995,0.552618836,0.831840913
214.748000000,25.389203,-6.641631,6.654365,0.027570224,0.043200885,0.552797991,0.831737908
214.872000000,25.615992,-6.637838,6.660448,0.027396285,0.042561110,0.552859734,0.831735601
214.952000000,25.768317,-6.635323,6.663894,0.027536354,0.042374355,0.552889609,0.831720652
215.072000000,26.005496,-6.631405,6.668643,0.027183980,0.042358768,0.552953753,0.831690395
215.156000000,26.177661,-6.628500,6.671894,0.027769220,0.041623379,0.552979522,0.831691056
215.288000000,26.458148,-6.624019,6.676891,0.028525397,0.041412758,0.553013620,0.831653306
215.348000000,26.589602,-6.622090,6.678899,0.027859801,0.042084986,0.553075633,0.831600883
215.480000000,26.887385,-6.618013,6.682831,0.027656088,0.041956227,0.553149675,0.831564942
215.552000000,27.054726,-6.615853,6.684878,0.027422001,0.041467450,0.553192917,0.831568446
215.684000000,27.370326,-6.611771,6.688375,0.026675050,0.041822135,0.553259365,0.831530773
215.744000000,27.517478,-6.609824,6.689783,0.027490344,0.041027153,0.553234813,0.831560158
215.888000000,27.879928,-6.605081,6.692965,0.027436299,0.041197068,0.553283143,0.831521386
215.948000000,28.034770,-6.603095,6.694253,0.027038922,0.041812860,0.553319174,0.831479689
216.056000000,28.319076,-6.599495,6.696416,0.027645134,0.041013801,0.553321557,0.831497967
216.176000000,28.643250,-6.595559,6.698655,0.025467773,0.043040715,0.553436290,0.831388695
216.176000000,28.643250,-6.595559,6.698655,0.025467773,0.043040715,0.553436290,0.831388695
216.392000000,29.248312,-6.587074,6.702463,0.024716209,0.042900689,0.553548694,0.831343781
216.452000000,29.421160,-6.584346,6.703576,0.025576366,0.041547941,0.553533461,0.831396611
216.548000000,29.701932,-6.579726,6.705510,0.025756724,0.041621426,0.553558807,0.831370492
216.684000000,30.108433,-6.572837,6.708365,0.026859096,0.040834718,0.553572684,0.831365382
216.764000000,30.352279,-6.568757,6.710015,0.027279561,0.040367647,0.553587892,0.831364375
216.872000000,30.686882,-6.563392,6.712124,0.028435583,0.039321912,0.553579535,0.831381323
216.968000000,30.989433,-6.559026,6.713944,0.028595000,0.039733084,0.553570169,0.831362542
217.028000000,31.180972,-6.556513,6.715074,0.028472850,0.039779522,0.553568739,0.831365466
217.172000000,31.647923,-6.551229,6.717651,0.020123790,0.014072238,0.553645612,0.832390258
217.184000000,31.687110,-6.550906,6.717808,0.016944493,0.010102767,0.553685116,0.832492409
217.364000000,32.090388,-6.661899,6.694598,0.012480237,-0.040429758,0.447193633,0.893435802
217.484000000,32.071385,-6.943066,6.615492,0.042300287,-0.039460059,-0.183246397,0.981363514
217.556000000,32.056391,-7.113856,6.548429,0.058350475,-0.027339525,-0.519531398,0.852018133
217.688000000,32.018739,-7.431633,6.386908,-0.074119181,0.015361751,0.916334238,-0.393194516
217.748000000,31.995955,-7.576910,6.296857,-0.066879622,0.015556766,0.987257623,-0.143553084
217.872000000,31.939105,-7.873279,6.077980,-0.024881724,0.010784976,0.937440664,0.347087288
217.952000000,31.899480,-8.060626,5.913515,0.008267553,-0.000547177,0.797058362,0.603845441
218.072000000,31.841534,-8.340666,5.633098,0.047445475,-0.020334485,0.496575978,0.866457001
218.168000000,31.796607,-8.569095,5.379449,0.068553975,-0.028905555,0.228550764,0.970685000
218.240000000,31.762424,-8.745030,5.171953,0.082216314,-0.029984144,0.033065415,0.995614437
218.336000000,31.714200,-8.987146,4.872054,0.101745597,-0.028651640,-0.203625185,0.973326102
218.480000000,31.630282,-9.368847,4.371604,0.134827900,-0.036141532,-0.488108339,0.861548302
218.540000000,31.588521,-9.534747,4.144764,0.147860427,-0.046616965,-0.580268568,0.799532702
218.676000000,31.470618,-9.922934,3.589356,0.168459714,-0.090120232,-0.737056080,0.648265380
218.732000000,31.410055,-10.085490,3.343396,0.171525812,-0.115875542,-0.783124330,0.586402625
218.864000000,31.233997,-10.464373,2.722110,-0.161874819,0.192174490,0.857316145,-0.449304503
218.948000000,31.095829,-10.693472,2.295779,-0.127733019,0.247280243,0.887043317,-0.368362472
219.044000000,30.916201,-10.933211,1.776582,-0.064647152,0.291599161,0.910333115,-0.286503570
219.152000000,30.695879,-11.164404,1.151585,-0.017769721,0.271993961,0.934896322,-0.227315615
219.272000000,30.437755,-11.363166,0.429887,0.011753956,0.192334680,0.962230167,-0.192307881
219.356000000,30.300727,-11.471046,0.039649,0.020403582,0.002899352,0.983517291,-0.179635816
219.464000000,30.300930,-11.470477,0.041413,0.017613516,0.003238765,0.983397910,-0.180576369
219.576000000,30.302509,-11.470030,0.044522,0.011411951,0.002149898,0.983304547,-0.181596568
219.692000000,30.305948,-11.468976,0.047741,0.005015747,0.001041822,0.983009452,-0.183483446
219.780000000,30.309175,-11.468006,0.049910,0.001972521,0.000565864,0.982805695,-0.184631403
219.860000000,30.312285,-11.467056,0.051584,-0.000118525,0.000320986,0.982633809,-0.185555060
219.944000000,30.315305,-11.466219,0.053216,-0.002935517,-0.000044216,0.982441784,-0.186546300
219.996000000,30.316972,-11.465755,0.054067,-0.003333076,0.000262188,0.982344717,-0.187049935
220.136000000,30.320586,-11.464574,0.055832,-0.002693923,0.001055292,0.982173447,-0.187954648
220.244000000,30.322448,-11.463675,0.057054,-0.003593430,0.001285533,0.981956404,-0.189068917
220.352000000,30.323383,-11.462713,0.058005,-0.003290142,0.000567886,0.981784121,-0.189970505
220.460000000,30.323477,-11.461801,0.058734,-0.003985442,-0.000253913,0.981672997,-0.190531307
220.584000000,30.322585,-11.460955,0.062073,-0.003172004,0.000510524,0.981608823,-0.190876389
220.664000000,30.321444,-11.460442,0.077252,-0.002613798,0.000014136,0.981586327,-0.191001178
220.748000000,30.319795,-11.460027,0.107387,-0.003518449,-0.001680841,0.981565270,-0.191087457
220.868000000,30.316694,-11.460143,0.175670,-0.002250893,-0.003156842,0.981556658,-0.191132142
220.940000000,30.314578,-11.460763,0.230985,-0.001300904,-0.002451626,0.981556146,-0.191153941
221.060000000,30.310898,-11.462410,0.347041,-0.001999728,-0.000073796,0.981545873,-0.191216358
221.144000000,30.308046,-11.463687,0.445992,-0.001241128,0.000408467,0.981544708,-0.191228344
221.196000000,30.306158,-11.464467,0.514521,-0.001111893,0.000013372,0.981543553,-0.191235503
221.360000000,30.299892,-11.466895,0.767370,-0.001566502,-0.000036526,0.981535194,-0.191275214
221.480000000,30.294982,-11.468660,0.987556,-0.000509670,-0.000456085,0.981525278,-0.191331287
221.552000000,30.292039,-11.469748,1.133898,0.001274259,-0.000462596,0.981520225,-0.191353626
221.672000000,30.287490,-11.471573,1.401624,-0.000479223,0.000542449,0.981520713,-0.191354558
221.744000000,30.284773,-11.472592,1.576587,-0.000380652,0.001667371,0.981524814,-0.191327242
221.876000000,30.279535,-11.473970,1.925260,-0.000053662,0.000957029,0.981531370,-0.191298853
221.936000000,30.277077,-11.474439,2.095659,-0.000598257,-0.001106069,0.981531226,-0.191297861
222.060000000,30.272009,-11.475851,2.471254,-0.000599509,-0.002296726,0.981525521,-0.191316538
222.140000000,30.268784,-11.477213,2.730450,0.000178257,-0.000727100,0.981524138,-0.191336893
222.272000000,30.263572,-11.479608,3.187066,-0.001024766,-0.000220589,0.981526596,-0.191322873
222.332000000,30.261160,-11.480701,3.406488,-0.000436448,-0.000091916,0.981524364,-0.191336678
222.480000000,30.255436,-11.483330,3.941073,0.000622870,-0.000359794,0.981515780,-0.191379876
222.548000000,30.253015,-11.484494,4.173173,0.002678346,0.000675311,0.981503742,-0.191423025
222.656000000,30.249490,-11.486165,4.523813,0.000692304,0.000673803,0.981497297,-0.191473556
222.752000000,30.246507,-11.487493,4.816770,0.001282251,0.001050978,0.981493320,-0.191489199
222.884000000,30.242829,-11.488916,5.190947,0.001673841,0.001822039,0.981567411,-0.191100227
222.944000000,30.241322,-11.489386,5.348334,0.002058628,-0.001967879,0.983295299,-0.181995177
223.064000000,30.238977,-11.491067,5.635033,0.008811229,-0.018084787,0.989949428,-0.139983688
223.148000000,30.238627,-11.494273,5.817581,0.004145314,-0.017574690,0.995097160,-0.097239857
223.280000000,30.239197,-11.502835,6.077658,-0.002542427,-0.004709972,0.999843667,-0.016852118
223.340000000,30.239343,-11.507352,6.184943,-0.004392867,0.000896869,0.999726614,0.022947659
223.484000000,30.238632,-11.517366,6.414857,-0.004892571,0.007602266,0.992420173,0.122558024
223.556000000,30.237808,-11.521392,6.515181,-0.003124712,0.007878727,0.984822888,0.173355243
223.676000000,30.236027,-11.526440,6.660599,-0.003920782,0.007757500,0.966508730,0.256486496
223.736000000,30.234984,-11.528207,6.720752,-0.001207739,0.011010168,0.957870076,0.286988215
223.880000000,30.233894,-11.529864,6.834487,0.002292513,0.017727115,0.943174963,0.331815436
223.940000000,30.234440,-11.529084,6.873458,0.002704851,0.013206356,0.939466779,0.342374716
224.076000000,30.237005,-11.525013,6.947979,-0.000233360,0.002954804,0.934312553,0.356442516
224.156000000,30.238734,-11.521989,6.983979,-0.003630983,0.001503904,0.932616369,0.360847978
224.276000000,30.240852,-11.517121,7.029110,-0.001129203,-0.000944285,0.931127439,0.364691001
224.360000000,30.242083,-11.513824,7.055515,-0.002021958,-0.002757400,0.930521388,0.366221593
224.480000000,30.243178,-11.509519,7.087186,-0.001347205,-0.002119992,0.930035251,0.367461729
224.552000000,30.243613,-11.507204,7.103365,0.015549230,-0.003205024,0.929761035,0.367821108
224.676000000,30.248013,-11.505028,7.126167,0.033490854,0.008251900,0.929150288,0.368089679
224.744000000,30.254251,-11.504515,7.136210,0.037568170,0.014380011,0.928888371,0.368168769
224.880000000,30.277549,-11.503567,7.152335,0.043763725,0.018842353,0.928414219,0.368478954
224.936000000,30.291829,-11.503068,7.157633,0.045049829,0.018853642,0.928285103,0.368648641
225.068000000,30.336668,-11.501643,7.167959,0.046345981,0.018791529,0.928100373,0.368956130
225.140000000,30.367808,-11.500763,7.172572,0.045347679,0.019245364,0.928089825,0.369083298
225.272000000,30.436976,-11.498916,7.179528,0.046956541,0.018134751,0.927923458,0.369356562
225.296000000,30.451236,-11.498574,7.180594,0.046469969,0.018112751,0.927936003,0.369387661
225.296000000,30.451236,-11.498574,7.180594,0.046469969,0.018112751,0.927936003,0.369387661
225.296000000,30.451236,-11.498574,7.180594,0.046469969,0.018112751,0.927936003,0.369387661
226.620000000,31.976359,-11.481744,7.200780,0.043528914,0.019313735,0.927339121,0.371179698
226.772000000,32.237257,-11.477996,7.201085,0.044218642,0.017118639,0.927250565,0.371427051
226.952000000,32.567026,-11.473978,7.201485,0.044074452,0.018696591,0.927175734,0.371554892
227.064000000,32.783308,-11.471280,7.201765,0.043865259,0.019521000,0.927115359,0.371687880
227.156000000,32.967290,-11.468774,7.201964,0.043791804,0.019675760,0.927056500,0.371835163
227.280000000,33.224109,-11.464909,7.202391,0.044530802,0.019082407,0.926928440,0.372097484
227.348000000,33.369253,-11.462613,7.202678,0.043631217,0.019111118,0.926914159,0.372238128
227.492000000,33.686362,-11.457484,7.203353,0.043769298,0.018601369,0.926794583,0.372545352
227.540000000,33.794964,-11.455715,7.203574,0.043876144,0.018529793,0.926754680,0.372635604
227.684000000,34.129409,-11.450476,7.204149,0.044690949,0.016089563,0.926620431,0.372985820
227.744000000,34.272525,-11.448496,7.204367,0.043796836,0.016595694,0.926621832,0.373066214
227.876000000,34.594883,-11.444418,7.204946,0.045849333,0.015967763,0.926429623,0.373324287
227.948000000,34.775145,-11.442463,7.205313,0.040298006,0.016751971,0.926637386,0.373414779
228.080000000,35.109703,-11.437695,7.206078,-0.009965103,0.004087139,0.927569299,0.373495900
228.152000000,35.289483,-11.433823,7.206426,-0.027405103,-0.006783902,0.927117891,0.373704904
228.272000000,35.578471,-11.426779,7.206711,-0.040470519,-0.017242212,0.926356401,0.374070397
228.356000000,35.770879,-11.421993,7.206543,-0.044040848,-0.020808927,0.926025463,0.374305001
228.488000000,36.055023,-11.415199,7.205773,-0.048494160,-0.021452526,0.925608430,0.374749437
228.548000000,36.176574,-11.412353,7.205219,-0.049640999,-0.020838474,0.925480527,0.374949761
228.668000000,36.405414,-11.406992,7.203694,-0.049664189,-0.021880841,0.925370627,0.375158500
228.740000000,36.533650,-11.404064,7.202553,-0.050274802,-0.021477842,0.925281707,0.375319743
228.876000000,36.757420,-11.398786,7.199830,-0.049552009,-0.020821822,0.924983729,0.376186326
228.956000000,36.879016,-11.395822,7.189509,-0.048043920,-0.025328987,0.920735637,0.386388548
229.068000000,37.036114,-11.392624,7.171571,-0.049310720,-0.025183350,0.916549102,0.396070694
229.160000000,37.153011,-11.390763,7.158953,-0.049988705,-0.022496983,0.914584735,0.400661674
229.284000000,37.293820,-11.388600,7.144584,-0.047715640,-0.022486412,0.913225940,0.404024703
229.344000000,37.355282,-11.387692,7.138498,-0.048157917,-0.022394452,0.912772061,0.405001813
229.496000000,37.491791,-11.385643,7.125061,-0.048396366,-0.021705958,0.912097595,0.406527514
229.544000000,37.529269,-11.385036,7.121418,-0.048915679,-0.021256104,0.911937158,0.406848932
229.664000000,37.611286,-11.383361,7.113183,-0.048905872,-0.019996359,0.911695844,0.407454352
229.748000000,37.658975,-11.381929,7.108044,-0.047521168,-0.019412087,0.911651025,0.407746635
229.856000000,37.709012,-11.379709,7.102219,-0.044298604,-0.019082973,0.911686176,0.408046309
229.940000000,37.739701,-11.377818,7.098306,-0.039834958,-0.017988863,0.911818803,0.408259780
230.064000000,37.773443,-11.375041,7.093448,-0.031304443,-0.015003741,0.912075677,0.408549726
230.132000000,37.786994,-11.373581,7.091110,-0.027423698,-0.012521216,0.912171154,0.408699090
230.252000000,37.804253,-11.371073,7.087527,-0.020480474,-0.008133551,0.912305005,0.408918052
230.348000000,37.813319,-11.368989,7.085042,-0.015641911,-0.005403692,0.912362212,0.409049294
230.484000000,37.821171,-11.365802,7.082187,-0.018696058,-0.002119420,0.912269977,0.409157005
230.540000000,37.822705,-11.364138,7.081315,-0.028323688,-0.004495068,0.912044518,0.409087229
230.672000000,37.818900,-11.358865,7.079089,-0.039043931,-0.017132768,0.911606262,0.408847236
230.744000000,37.811083,-11.355849,7.077756,-0.041450418,-0.021694800,0.911439192,0.408766189
230.888000000,37.781217,-11.350840,7.074946,-0.045396528,-0.024433249,0.911159184,0.408816723
230.948000000,37.762863,-11.349223,7.073734,-0.046124459,-0.024161299,0.911097369,0.408889167
231.080000000,37.710116,-11.346457,7.071192,-0.047711552,-0.022730731,0.910968432,0.409076322
231.140000000,37.680523,-11.345413,7.070065,-0.047181496,-0.022301415,0.910971512,0.409154564
231.272000000,37.603262,-11.343293,7.068096,-0.047265107,-0.021584201,0.910897003,0.409349218
231.336000000,37.559891,-11.342292,7.067281,-0.042521200,-0.021948404,0.911106734,0.409383358
231.480000000,37.453457,-11.341986,7.065602,0.008337412,-0.000508859,0.912191453,0.409679121
231.548000000,37.403810,-11.342803,7.064881,0.023184021,0.010341925,0.911775862,0.409902821
231.668000000,37.323422,-11.344102,7.063881,0.036299258,0.018394953,0.911029710,0.410327744
231.740000000,37.281062,-11.344607,7.063328,0.037733387,0.019936898,0.910848039,0.410529611
231.872000000,37.215791,-11.344893,7.062300,0.038894654,0.019623795,0.910670985,0.410829002
231.932000000,37.191415,-11.344782,7.061823,0.037538877,0.018768632,0.910688771,0.410955635
232.064000000,37.148971,-11.344279,7.060859,0.041112991,0.018734517,0.910459200,0.411123807
232.136000000,37.132516,-11.343981,7.060281,0.043338047,0.019149928,0.910315644,0.411194020
232.268000000,37.115280,-11.343617,7.058963,0.044906781,0.018702417,0.910169788,0.411369125
232.352000000,37.113087,-11.343634,7.058059,0.044552890,0.019422799,0.910142040,0.411435611
232.484000000,37.123280,-11.343832,7.056850,0.045789145,0.019329555,0.910010345,0.411595547
232.544000000,37.133429,-11.344023,7.056342,0.044535880,0.019939186,0.910044063,0.411629431
232.664000000,37.163817,-11.344466,7.055320,0.044483236,0.020423711,0.909990102,0.411730649
232.748000000,37.192994,-11.344740,7.054605,0.043469337,0.021745644,0.909994079,0.411762456
232.880000000,37.251602,-11.344586,7.053453,0.019030099,0.023567292,0.910848249,0.411628359
232.952000000,37.287937,-11.343169,7.052853,-0.000751741,0.008698914,0.911167827,0.411942901
233.060000000,37.341593,-11.339592,7.052041,-0.023919402,-0.008818145,0.910703545,0.412273156
233.156000000,37.384107,-11.336024,7.051564,-0.030523075,-0.015366797,0.910310120,0.412513864
233.264000000,37.424034,-11.332343,7.051064,-0.032107963,-0.015936818,0.910107416,0.412819075
233.348000000,37.449101,-11.329771,7.050723,-0.030066753,-0.015720090,0.910110476,0.412974322
233.484000000,37.479274,-11.326117,7.050144,-0.026676490,-0.012625350,0.910159578,0.413205165
233.552000000,37.489934,-11.324292,7.050027,-0.036209912,0.001640973,0.909738769,0.413595843
233.676000000,37.502348,-11.316634,7.049234,-0.031996834,0.025527905,0.909306044,0.414109946
233.744000000,37.506459,-11.308245,7.048415,-0.030775288,0.033957478,0.909043716,0.414173023
233.864000000,37.510704,-11.283879,7.046533,-0.028365858,0.040768508,0.908848874,0.414158221
233.960000000,37.512151,-11.254850,7.044821,-0.027012315,0.043869959,0.908765179,0.414115457
234.080000000,37.512243,-11.206125,7.042663,-0.025764306,0.044825655,0.908791928,0.414033928
234.140000000,37.511713,-11.176594,7.041562,-0.024357555,0.045614952,0.908791944,0.414032834
234.264000000,37.509955,-11.104774,7.039404,-0.023188482,0.047058628,0.908796947,0.413927395
234.348000000,37.508466,-11.047844,7.038061,-0.023236461,0.047282807,0.908831381,0.413823542
234.488000000,37.505470,-10.938288,7.035682,-0.023003922,0.046488567,0.908957071,0.413650426
234.536000000,37.504283,-10.896596,7.034913,-0.021664624,0.046629447,0.908989813,0.413634933
234.680000000,37.500821,-10.759224,7.032720,-0.020226164,0.048198067,0.909003799,0.413497209
234.752000000,37.499310,-10.683634,7.031603,-0.021206772,0.048193881,0.909048055,0.413351250
234.876000000,37.496847,-10.542740,7.029688,-0.021565620,0.047035388,0.909179753,0.413176444
234.956000000,37.495262,-10.444800,7.028511,-0.021545613,0.047243889,0.909215441,0.413075154
235.064000000,37.493120,-10.304002,7.026953,-0.023078322,0.046945761,0.909297135,0.412846468
235.160000000,37.491049,-10.170638,7.025803,-0.020846485,0.046598352,0.909376748,0.412829199
235.268000000,37.488755,-10.011657,7.024579,-0.021986981,0.047195457,0.909403589,0.412643034
235.356000000,37.486860,-9.875121,7.023567,-0.021956308,0.046835554,0.909468837,0.412541860
235.488000000,37.483810,-9.658716,7.022213,-0.022227476,0.046073783,0.909575024,0.412378978
235.544000000,37.482396,-9.562782,7.021736,-0.021797697,0.046208351,0.909602898,0.412325376
235.664000000,37.479266,-9.349151,7.020803,-0.020838840,0.046702026,0.909645643,0.412225021
235.748000000,37.477139,-9.193126,7.020283,-0.020708820,0.047228215,0.909670377,0.412117030
235.868000000,37.474222,-8.961007,7.019682,-0.022081841,0.046302599,0.909782014,0.411904295
235.940000000,37.472494,-8.816793,7.019483,0.000015251,0.026455205,0.910463369,0.412742748
236.072000000,37.471783,-8.551156,7.019664,0.011887356,-0.013244921,0.910732411,0.412613305
236.144000000,37.472310,-8.409791,7.019644,0.014212289,-0.027648002,0.910572891,0.412177885
236.264000000,37.473467,-8.184425,7.017265,0.020187221,-0.041081492,0.910341229,0.411319382
236.336000000,37.474260,-8.055877,7.006249,0.020547105,-0.047035675,0.910164018,0.411055862
236.480000000,37.475575,-7.815129,6.954175,0.020913686,-0.055742461,0.909861587,0.410618178
236.540000000,37.475813,-7.721643,6.920494,0.021117321,-0.057517420,0.909816690,0.410462418
236.684000000,37.475374,-7.514161,6.811185,0.020982018,-0.058569845,0.909874690,0.410191878
236.756000000,37.474624,-7.419343,6.741492,0.023857278,-0.059425292,0.909882453,0.409894361
236.876000000,37.472901,-7.274503,6.603028,0.025196674,-0.058099311,0.910043486,0.409646739
236.948000000,37.471723,-7.195366,6.506563,0.024036489,-0.057853679,0.910092527,0.409642271
237.068000000,37.469505,-7.076148,6.323458,0.023721784,-0.057756223,0.910170083,0.409502033
237.152000000,37.467735,-7.001975,6.178672,0.024994528,-0.058246534,0.910191412,0.409309428
237.264000000,37.465199,-6.914828,5.964369,0.024147906,-0.057365182,0.910316908,0.409205623
237.356000000,37.462915,-6.853060,5.769970,0.023612149,-0.057871760,0.910340712,0.409112593
237.480000000,37.459530,-6.783515,5.481992,0.024861684,-0.054821396,0.910591615,0.408900260
237.560000000,37.457395,-6.746934,5.282163,0.023426523,-0.049861515,0.910902960,0.408926431
237.672000000,37.454508,-6.708374,5.015598,0.015856454,-0.036018762,0.911591152,0.409209963
237.752000000,37.452371,-6.688373,4.840861,0.012469698,-0.027516722,0.911920467,0.409253465
237.864000000,37.449442,-6.667976,4.618371,0.007859734,-0.017998870,0.912195095,0.409285198
237.944000000,37.447412,-6.657369,4.475456,0.007527978,-0.014503578,0.912269434,0.409264529
238.064000000,37.444515,-6.645873,4.286058,-0.007674269,0.000724366,0.912348253,0.409342455
238.160000000,37.441194,-6.636602,4.156519,-0.011239671,0.018801645,0.912203208,0.409152142
238.268000000,37.436792,-6.620727,4.033251,-0.013356343,0.031239467,0.911961719,0.408866147
238.296000000,37.435644,-6.615274,4.004824,-0.013732414,0.033357855,0.911912351,0.408796450
238.296000000,37.435644,-6.615274,4.004824,-0.013732414,0.033357855,0.911912351,0.408796450
238.296000000,37.435644,-6.615274,4.004824,-0.013732414,0.033357855,0.911912351,0.408796450
239.504000000,37.406753,-5.631438,3.547993,-0.019674349,0.043926764,0.912017953,0.407316354
239.904000000,37.396133,-5.140738,3.468478,-0.019458076,0.047061846,0.912036637,0.406934563
239.904000000,37.396133,-5.140738,3.468478,-0.019458076,0.047061846,0.912036637,0.406934563
239.904000000,37.396133,-5.140738,3.468478,-0.019458076,0.047061846,0.912036637,0.406934563
240.476000000,37.385200,-4.085021,3.446172,-0.020917909,0.046276588,0.912290778,0.406382153
240.728000000,37.380401,-3.566765,3.439960,-0.021411731,0.046510704,0.912370545,0.406150565
240.956000000,37.375771,-3.044999,3.437130,-0.021840154,0.045635552,0.912533522,0.405860783
241.052000000,37.373450,-2.814723,3.436459,-0.021742241,0.045682486,0.912587633,0.405739077
241.160000000,37.370588,-2.548373,3.435773,-0.021704012,0.045910023,0.912633191,0.405612950
241.232000000,37.368562,-2.366562,3.435470,-0.021212950,0.045890795,0.912674076,0.405549104
241.364000000,37.364744,-2.024596,3.435151,-0.020841246,0.046034057,0.912737073,0.405410340
241.436000000,37.362635,-1.833413,3.435041,-0.021547999,0.046156567,0.912765718,0.405294954
241.556000000,37.359014,-1.507574,3.434945,-0.019893916,0.045821383,0.912850512,0.405226573
241.688000000,37.355170,-1.139035,3.435054,-0.020173444,0.046284584,0.912900625,0.405047179
241.760000000,37.353158,-0.933568,3.435196,-0.020676905,0.046165128,0.912943080,0.404939724
241.880000000,37.349797,-0.584269,3.435450,-0.020321586,0.045540545,0.913048970,0.404789661
241.952000000,37.347776,-0.370675,3.435705,-0.019831540,0.045884649,0.913075522,0.404715210
242.076000000,37.344401,0.004144,3.436221,-0.020335691,0.045778578,0.913152003,0.404529603
242.144000000,37.342563,0.213417,3.436538,-0.020185116,0.045624670,0.913199772,0.404446692
242.288000000,37.338697,0.665053,3.437410,-0.022441891,0.045755482,0.913268922,0.404156743
242.348000000,37.336963,0.856656,3.437818,-0.021701168,0.044735890,0.913358136,0.404109730
242.472000000,37.333007,1.258753,3.438794,-0.021656133,0.044961960,0.913413347,0.403962240
242.552000000,37.330198,1.522523,3.439438,-0.022165556,0.044740976,0.913459884,0.403853901
242.688000000,37.324867,1.978591,3.440566,-0.021430448,0.044626262,0.913534891,0.403736592
242.732000000,37.323019,2.128179,3.440955,-0.022125578,0.044613302,0.913549023,0.403668546
242.888000000,37.317579,2.662035,3.442606,0.007539677,-0.006039469,0.914469451,0.404539616
242.948000000,37.316363,2.864622,3.443145,0.010461029,-0.022459815,0.914343377,0.404181040
243.080000000,37.313530,3.297426,3.443780,0.014620316,-0.040922250,0.914088580,0.403179469
243.152000000,37.311577,3.524373,3.443665,0.015912705,-0.044188613,0.914101759,0.402755667
243.276000000,37.307417,3.898844,3.442817,0.016649906,-0.047777881,0.914120756,0.402272667
243.344000000,37.304651,4.095136,3.441978,0.018095115,-0.048496565,0.914162227,0.402029940
243.452000000,37.299757,4.393641,3.440108,0.019265540,-0.048267852,0.914271190,0.401755205
243.548000000,37.295122,4.645514,3.437051,0.019019504,-0.046840145,0.915536741,0.399044778
243.680000000,37.288880,4.975093,3.406610,0.028389798,-0.042210481,0.929175562,0.366121660
243.740000000,37.286890,5.118294,3.385562,0.034683534,-0.034755886,0.938399153,0.342046942
243.860000000,37.287803,5.392704,3.341713,0.034917405,-0.018347882,0.958708485,0.281641918
243.944000000,37.293156,5.576967,3.313965,0.020245984,-0.022685672,0.972095757,0.232605458
244.076000000,37.304928,5.853775,3.278075,0.002287896,-0.039938252,0.988261825,0.147439027
244.148000000,37.311050,5.996983,3.261757,-0.003995236,-0.045322608,0.994128854,0.098171897
244.244000000,37.317804,6.178362,3.242715,-0.007126222,-0.049217360,0.998295838,0.030533382
244.352000000,37.323378,6.368711,3.224409,-0.011378543,-0.050642868,0.997556151,-0.046771306
244.472000000,37.326967,6.562929,3.207191,-0.014574138,-0.050571328,0.989702987,-0.133109478
244.556000000,37.328026,6.688077,3.196813,-0.017099486,-0.050377048,0.979718784,-0.193186089
244.676000000,37.327877,6.851630,3.182996,-0.018177864,-0.049604190,0.959893661,-0.275341876
244.760000000,37.327213,6.956994,3.162581,-0.010473177,-0.051672533,0.947179770,-0.316339603
244.808000000,37.327123,7.013819,3.147683,-0.009265536,-0.055827920,0.939461871,-0.337947903
244.952000000,37.329517,7.167063,3.101281,-0.010246214,-0.056943202,0.920203509,-0.387140788
245.084000000,37.335990,7.284482,3.060469,-0.016508827,-0.056736484,0.910924429,-0.408319867
245.144000000,37.340068,7.330266,3.044570,-0.020995076,-0.052601128,0.908691860,-0.413607823
245.264000000,37.348411,7.408448,3.016977,-0.025929268,-0.045797351,0.905985978,-0.420023431
245.360000000,37.354218,7.459033,2.998265,-0.026925838,-0.042512449,0.904819971,-0.422810254
245.468000000,37.359305,7.504354,2.978174,-0.023024486,-0.036851705,0.902307333,-0.428897776
245.552000000,37.362534,7.533034,2.954858,-0.018442668,-0.031440521,0.897936723,-0.438612589
245.664000000,37.366081,7.562700,2.928187,-0.016908396,-0.026196664,0.894628042,-0.445722455
245.732000000,37.367734,7.576467,2.914365,-0.015809970,-0.022150255,0.893477373,-0.448282940
245.864000000,37.369749,7.596132,2.891621,-0.013800418,-0.015334598,0.892219305,-0.451130924
245.960000000,37.370113,7.605810,2.878069,-0.009770665,-0.012484125,0.891738540,-0.452273210
246.080000000,37.369814,7.613658,2.869263,-0.005333609,-0.009935938,0.891406112,-0.453065087
246.152000000,37.369530,7.616403,2.876867,-0.005952044,-0.009000260,0.891289326,-0.453306636
246.276000000,37.368816,7.618362,2.914996,-0.004488059,-0.005694788,0.891187111,-0.453577953
246.356000000,37.368181,7.618287,2.956662,-0.002700749,-0.003826194,0.891152132,-0.453680443
246.476000000,37.367084,7.616961,3.044067,-0.001622890,-0.001480487,0.891105346,-0.453791182
246.536000000,37.366474,7.616011,3.099030,-0.001673128,-0.001346213,0.891093098,-0.453815469
246.668000000,37.364952,7.613415,3.246362,-0.000259450,-0.001152086,0.891069097,-0.453866136
246.740000000,37.364136,7.611799,3.341960,-0.002481134,-0.001394767,0.891052701,-0.453890937
246.840000000,37.362687,7.609140,3.492621,-0.002530516,-0.000277574,0.891038725,-0.453920159
246.968000000,37.359932,7.605042,3.715830,-0.003320987,-0.000598250,0.891014583,-0.453962141
247.076000000,37.356773,7.600926,3.929525,-0.001603569,-0.000830835,0.891009878,-0.453980325
247.160000000,37.354163,7.597550,4.094165,0.003110406,0.000398893,0.890999257,-0.453993931
247.268000000,37.351242,7.593502,4.286665,0.003476744,0.000700535,0.890984656,-0.454019564
247.376000000,37.348950,7.589970,4.457144,0.002145339,-0.000763349,0.890998074,-0.454001373
247.484000000,37.347215,7.586731,4.605740,0.000335387,-0.001602540,0.891003747,-0.453992998
247.544000000,37.346380,7.584894,4.679223,0.000647226,-0.000619665,0.891002907,-0.453996715
247.664000000,37.344882,7.581371,4.812191,0.001928794,0.003173190,0.890987383,-0.454012880
247.748000000,37.343877,7.579355,4.890372,0.000943258,0.002556071,0.890989639,-0.454015462
247.860000000,37.342483,7.577181,4.977884,0.001344400,0.001872147,0.890983633,-0.454029574
247.952000000,37.341422,7.575854,5.037839,0.000614651,0.001579525,0.890976281,-0.454046688
247.976000000,37.341157,7.575567,5.051924,0.000425902,0.001438752,0.890974378,-0.454051105
248.096000000,37.339839,7.574378,5.113821,0.000821010,0.000758805,0.890959761,-0.454080890
248.204000000,37.338734,7.573558,5.159371,0.000135712,0.000276663,0.890950750,-0.454099842
248.348000000,37.337325,7.572571,5.221796,-0.000183587,-0.000023260,0.890934974,-0.454130860
248.480000000,37.335937,7.571525,5.286135,-0.001133705,0.000351434,0.890935172,-0.454128958
248.552000000,37.334996,7.570846,5.315614,-0.004107684,-0.000098372,0.890913363,-0.454154705
248.684000000,37.332577,7.569309,5.360847,-0.001066088,-0.000136927,0.890895823,-0.454206426
248.756000000,37.331080,7.568381,5.382244,-0.001571335,-0.001251182,0.890897092,-0.454200767
248.868000000,37.328594,7.566519,5.431404,-0.000300795,-0.000921116,0.890900836,-0.454196831
248.948000000,37.326811,7.564968,5.482363,-0.000656468,-0.000576592,0.890895176,-0.454208126
249.000000000,37.325651,7.563917,5.518625,-0.000013702,-0.000711854,0.890895674,-0.454207432
249.152000000,37.322356,7.560651,5.609133,-0.001673690,-0.001474080,0.890891586,-0.454210532
249.248000000,37.320251,7.558312,5.655055,0.000021782,-0.001393345,0.890886964,-0.454222935
249.356000000,37.318109,7.555604,5.698259,0.001986348,-0.000221684,0.890865675,-0.454262430
249.464000000,37.316406,7.553168,5.733808,0.001293655,0.001251185,0.890835308,-0.454322809
249.548000000,37.315246,7.551575,5.757099,0.002618616,0.002505468,0.890810076,-0.454361391
249.692000000,37.314141,7.551754,5.789587,0.016476006,0.026884138,0.890333466,-0.454215922
249.752000000,37.314120,7.554937,5.800533,0.018502951,0.034330973,0.890123345,-0.454047857
249.876000000,37.314081,7.570056,5.819206,0.018743374,0.042253418,0.889903528,-0.453800666
249.944000000,37.313807,7.583854,5.827532,0.020904092,0.043671065,0.889898748,-0.453581388
250.052000000,37.313163,7.614278,5.838583,0.021969833,0.044022263,0.889962344,-0.453372246
250.148000000,37.312466,7.650126,5.846475,0.020303021,0.044192648,0.890026777,-0.453306888
250.272000000,37.311138,7.708578,5.854491,0.021363637,0.045105805,0.890072737,-0.453077900
250.340000000,37.310222,7.746512,5.857970,0.021908641,0.044640085,0.890139183,-0.452967448
250.472000000,37.308139,7.831700,5.863416,0.020616980,0.045018625,0.890204306,-0.452862624
250.556000000,37.306473,7.893761,5.866093,0.019670081,0.044807454,0.890265079,-0.452806215
250.664000000,37.303829,7.982369,5.868692,0.020333617,0.045035737,0.890317620,-0.452650927
250.748000000,37.301424,8.058092,5.870148,0.021035012,0.044495956,0.890385157,-0.452539402
250.856000000,37.298082,8.164065,5.871482,0.022269916,0.043831827,0.890478885,-0.452360672
250.940000000,37.295488,8.253124,5.872299,0.011780910,0.034630383,0.890908082,-0.452708224
251.060000000,37.290330,8.385400,5.873699,-0.008734710,-0.007557557,0.891482870,-0.452907144
251.144000000,37.285719,8.475475,5.874695,-0.014404892,-0.027911954,0.891328748,-0.452268156
251.256000000,37.279664,8.587140,5.875646,-0.017927908,-0.040822119,0.891161094,-0.451490918
251.348000000,37.275226,8.669676,5.875934,-0.019530597,-0.045077208,0.891155561,-0.451030340
251.492000000,37.269221,8.780490,5.875527,-0.021816264,-0.047078674,0.891256527,-0.450521312
251.540000000,37.267408,8.812317,5.875172,-0.021329807,-0.047506788,0.891274726,-0.450463658
251.672000000,37.263129,8.886763,5.873807,-0.021429151,-0.047468915,0.891379324,-0.450255921
251.744000000,37.261199,8.919353,5.872919,-0.022775792,-0.047568776,0.891424797,-0.450089221
251.864000000,37.258250,8.961130,5.871056,-0.023630713,-0.047467271,0.891509691,-0.449887673
251.948000000,37.256290,8.981125,5.869522,-0.023529249,-0.047615096,0.891554852,-0.449787865
251.948000000,37.256290,8.981125,5.869522,-0.023529249,-0.047615096,0.891554852,-0.449787865
251.948000000,37.256290,8.981125,5.869522,-0.023529249,-0.047615096,0.891554852,-0.449787865
251.948000000,37.256290,8.981125,5.869522,-0.023529249,-0.047615096,0.891554852,-0.449787865
253.908000000,37.060604,8.308828,5.834725,-0.042165177,0.033440153,0.890655766,-0.451482181
254.040000000,36.973202,8.297585,5.833010,-0.042342294,0.031020985,0.890611294,-0.451725970
254.144000000,36.893024,8.290977,5.831777,-0.042651922,0.029851647,0.890557846,-0.451880976
254.228000000,36.821109,8.286806,5.830914,-0.044426699,0.027979800,0.890434571,-0.452072643
254.348000000,36.707368,8.282187,5.829951,-0.045527442,0.026233877,0.890319744,-0.452293919
254.468000000,36.580847,8.278539,5.829196,-0.045621743,0.024235161,0.890264661,-0.452504306
254.552000000,36.484834,8.276177,5.828758,-0.046463132,0.022475269,0.890194044,-0.452648432
254.672000000,36.337282,8.272675,5.828234,-0.045923300,0.022678969,0.890172483,-0.452735756
254.756000000,36.226878,8.270184,5.827975,-0.045480659,0.023075954,0.890158862,-0.452787158
254.840000000,36.110685,8.267692,5.827818,-0.045381470,0.023315305,0.890122094,-0.452857126
254.948000000,35.952897,8.264586,5.827802,-0.045460229,0.023909618,0.890060575,-0.452939146
255.056000000,35.785769,8.261688,5.827800,-0.045427672,0.023594816,0.890029654,-0.453019676
255.140000000,35.649423,8.259532,5.827673,-0.034557172,0.025154647,0.890514810,-0.452941960
255.248000000,35.469014,8.258451,5.827277,0.004123500,0.008406671,0.891483392,-0.452956606
255.344000000,35.310543,8.259419,5.826996,0.023707025,-0.011287951,0.891084491,-0.453077244
255.476000000,35.104043,8.260810,5.826489,0.036519456,-0.023788063,0.890296634,-0.453290592
255.560000000,34.981542,8.260981,5.822386,0.042951993,-0.025993955,0.889838639,-0.453504837
255.684000000,34.813441,8.260384,5.795523,0.048080477,-0.025144843,0.889458963,-0.453782720
255.752000000,34.727830,8.259859,5.768539,0.050301723,-0.026973653,0.889283660,-0.453780487
255.888000000,34.571320,8.258694,5.688303,0.054031739,-0.028334269,0.888963800,-0.453895475
255.956000000,34.500643,8.258081,5.634839,0.054622718,-0.028983352,0.888881980,-0.453943993
256.052000000,34.409469,8.257117,5.544497,0.056539600,-0.028590225,0.888692449,-0.454105278
256.160000000,34.318946,8.256024,5.421699,0.057109655,-0.027546442,0.888590323,-0.454298270
256.268000000,34.241012,8.255134,5.276532,0.054961875,-0.028610091,0.888665451,-0.454350494
256.364000000,34.181990,8.254320,5.128734,0.055202727,-0.028993178,0.888592171,-0.454440324
256.484000000,34.121449,8.253073,4.919006,0.050517359,-0.028877493,0.888819814,-0.454547494
256.556000000,34.091781,8.252069,4.779919,0.049757908,-0.026216757,0.888840431,-0.454752153
256.664000000,34.055954,8.250401,4.552858,0.042392528,-0.023018673,0.889189617,-0.454988834
256.748000000,34.034414,8.248957,4.360978,0.034110213,-0.021781628,0.889522042,-0.455096244
256.868000000,34.011443,8.246309,4.063676,0.028198282,-0.017635116,0.889709323,-0.455314375
256.952000000,33.999947,8.244117,3.839308,0.023561747,-0.013384563,0.889819870,-0.455506637
257.072000000,33.988553,8.240841,3.495130,0.015736871,-0.009113064,0.889964522,-0.455667041
257.168000000,33.982539,8.238160,3.200206,0.009187822,-0.008492022,0.890044753,-0.455701444
257.276000000,33.977955,8.234787,2.848281,0.007331944,-0.006119770,0.890074930,-0.455714176
257.372000000,33.975690,8.231468,2.538613,0.003880488,-0.004554842,0.890101534,-0.455723001
257.456000000,33.974773,8.228337,2.283150,0.002989792,-0.000243362,0.890094832,-0.455765502
257.552000000,33.974265,8.224987,2.009170,0.000897823,0.001283766,0.890076035,-0.455809387
257.660000000,33.973795,8.221665,1.723650,0.000413081,0.001197542,0.890050053,-0.455861053
257.756000000,33.973356,8.219070,1.490200,-0.001595475,0.000292520,0.890024214,-0.455910371
257.876000000,33.971566,8.215394,1.225777,-0.020113484,0.005847696,0.889788864,-0.455891466
257.948000000,33.967674,8.212555,1.081632,-0.027601161,0.011981857,0.889549638,-0.455846523
258.068000000,33.953018,8.207529,0.865288,-0.033755336,0.018503898,0.889244126,-0.455810341
258.152000000,33.935480,8.204235,0.731555,-0.036511694,0.019683968,0.889086577,-0.455855784
258.260000000,33.903337,8.200342,0.581051,-0.038119857,0.019765055,0.888977462,-0.455933428
258.332000000,33.875781,8.197869,0.494074,-0.038382763,0.019569547,0.888939574,-0.455993673
258.464000000,33.812710,8.193434,0.360616,-0.038067204,0.020721972,0.888912352,-0.456022279
258.572000000,33.749412,8.190177,0.272771,-0.039452332,0.021223285,0.888815209,-0.456070839
258.680000000,33.675707,8.187241,0.200359,-0.041213468,0.020545610,0.888697036,-0.456176398
258.788000000,33.591636,8.184208,0.140544,-0.042084949,0.019408068,0.888625129,-0.456286712
258.848000000,33.540521,8.182333,0.111971,-0.042198702,0.019571482,0.888602551,-0.456313197
258.944000000,33.453492,8.179627,0.073695,-0.024634333,0.020382723,0.890278873,-0.454292001
259.052000000,33.363461,8.178416,0.054926,-0.000588265,-0.000040578,0.890416358,-0.455146527
259.188000000,33.275794,8.179034,0.063360,-0.012718684,0.003162616,0.889688260,-0.456380360
259.244000000,33.240398,8.179236,0.067600,-0.018731581,0.005219220,0.889368002,-0.456778331
259.352000000,33.170241,8.179256,0.075512,-0.029097640,0.011915879,0.889171665,-0.456492157
259.484000000,33.076765,8.178745,0.083645,-0.039672151,0.018405343,0.889081866,-0.455654255
259.592000000,32.990926,8.177896,0.088681,-0.043405143,0.021026916,0.889023969,-0.455313347
259.652000000,32.939130,8.177305,0.090992,-0.028693632,0.023362666,0.889676722,-0.455089212
259.748000000,32.852661,8.177611,0.093993,0.003947888,0.006425647,0.890393560,-0.455129030
259.844000000,32.767352,8.179320,0.096439,0.024182696,-0.011435045,0.889957761,-0.455257752
259.940000000,32.687811,8.181265,0.098432,0.035038973,-0.019154116,0.889365834,-0.455449012
260.072000000,32.591923,8.183562,0.100471,0.040206447,-0.023926057,0.888909726,-0.455686827
260.180000000,32.526937,8.184654,0.107475,0.037917468,-0.025152862,0.888892474,-0.455850600
260.240000000,32.496688,8.184727,0.120864,0.036966151,-0.022494982,0.888894108,-0.456064409
260.240000000,32.496688,8.184727,0.120864,0.036966151,-0.022494982,0.888894108,-0.456064409
261.360000000,32.329911,8.152920,1.101734,0.003869204,-0.000875572,0.889461714,-0.456992474
261.632000000,32.322589,8.146866,1.214890,-0.026870040,0.011286464,0.889017318,-0.456945102
261.840000000,32.295476,8.141067,1.269086,-0.043445069,0.026887665,0.888126799,-0.456749787
261.956000000,32.263663,8.139047,1.291020,-0.046860400,0.025962970,0.887874779,-0.456955581
262.052000000,32.227409,8.137695,1.305820,-0.048462668,0.023801145,0.887730918,-0.457185621
262.176000000,32.167278,8.135705,1.321402,-0.049018029,0.022161053,0.887628209,-0.457408224
262.292000000,32.097651,8.133299,1.333077,-0.047202128,0.023645212,0.887663118,-0.457457158
262.340000000,32.065161,8.132243,1.337241,-0.045931212,0.025092277,0.887706761,-0.457424757
262.460000000,31.974611,8.129812,1.346204,-0.046837008,0.024753097,0.887612171,-0.457534930
262.544000000,31.903319,8.128212,1.351408,-0.046577406,0.024628042,0.887599338,-0.457593072
262.628000000,31.825648,8.126706,1.355839,-0.046098109,0.024753311,0.887594118,-0.457644971
262.772000000,31.677904,8.124383,1.362092,-0.046062967,0.024438710,0.887539588,-0.457771158
262.892000000,31.540937,8.122597,1.366343,-0.047986855,0.021951247,0.887375600,-0.458017410
262.940000000,31.482650,8.121764,1.367836,-0.046807094,0.021953384,0.887407553,-0.458077483
263.072000000,31.312350,8.118922,1.371516,-0.047340549,0.020910113,0.887310250,-0.458259926
263.156000000,31.196456,8.116629,1.373542,-0.046497142,0.021765716,0.887314652,-0.458297914
263.264000000,31.039034,8.113312,1.375849,-0.045864265,0.022558495,0.887300894,-0.458349984
263.348000000,30.910145,8.110560,1.377358,-0.046286055,0.022639653,0.887245088,-0.458411608
263.468000000,30.716354,8.106477,1.379098,-0.046054437,0.022909198,0.887209979,-0.458489489
263.564000000,30.553239,8.103107,1.380272,-0.045629471,0.022589038,0.887189039,-0.458588374
263.672000000,30.361290,8.099079,1.381433,-0.045894486,0.022016579,0.887126983,-0.458709802
263.780000000,30.160599,8.094806,1.382429,-0.045203620,0.023199078,0.887109579,-0.458753779
263.864000000,29.998576,8.091491,1.383036,-0.045233910,0.023284323,0.887073868,-0.458815525
263.960000000,29.807119,8.087770,1.383667,-0.044566232,0.023938726,0.887071947,-0.458850902
264.084000000,29.550068,8.083255,1.384683,-0.045116968,0.023466029,0.886988174,-0.458983424
264.140000000,29.430367,8.081261,1.385249,-0.044276339,0.023831937,0.887001561,-0.459020562
264.272000000,29.141440,8.077630,1.386833,-0.016396243,0.007999936,0.888133840,-0.459222654
264.356000000,28.956508,8.075949,1.389551,0.007361294,0.003548803,0.888190156,-0.459403378
264.480000000,28.688981,8.074304,1.394564,0.027069266,-0.015059163,0.887713767,-0.459352527
264.548000000,28.547646,8.073409,1.396987,0.033719463,-0.021671026,0.887364122,-0.459323720
264.668000000,28.310446,8.071092,1.400263,0.040559307,-0.025702735,0.886878858,-0.459499950
264.752000000,28.154559,8.068804,1.401867,0.041875126,-0.027433338,0.886712948,-0.459602038
264.776000000,28.111591,8.068025,1.402208,0.042866954,-0.027258097,0.886641813,-0.459658260
264.944000000,27.830767,8.061471,1.403403,0.044276282,-0.026426434,0.886450219,-0.459942674
265.064000000,27.651345,8.055788,1.403290,0.045486713,-0.025419720,0.886321502,-0.460129321
265.148000000,27.536163,8.051527,1.402966,0.046480586,-0.023362445,0.886220432,-0.460333680
265.292000000,27.358328,8.044524,1.402159,0.045614875,-0.022782096,0.886188146,-0.460511486
265.352000000,27.291358,8.041743,1.401675,0.045874123,-0.022688741,0.886151525,-0.460560811
265.472000000,27.169847,8.036473,1.400516,0.046225248,-0.021937103,0.886079687,-0.460700312
265.544000000,27.104809,8.033578,1.399782,0.046011512,-0.021584563,0.886061291,-0.460773737
265.676000000,27.000497,8.028654,1.398324,0.044159133,-0.024401353,0.886106991,-0.460726542
265.748000000,26.951609,8.025855,1.397548,0.043637716,-0.025460309,0.886103218,-0.460726176
265.856000000,26.888797,8.021329,1.396419,0.044024236,-0.023352229,0.886041589,-0.460919562
265.952000000,26.843297,8.017304,1.395483,0.041795896,-0.020388006,0.886106192,-0.461143414
266.084000000,26.795166,8.012164,1.394323,0.034610682,-0.018542309,0.886388034,-0.461274903
266.108000000,26.788019,8.011243,1.394118,0.033599898,-0.018108583,0.886424579,-0.461296642
266.264000000,26.751965,8.005170,1.392745,0.025939490,-0.013442170,0.886675198,-0.461468899
266.348000000,26.738889,8.001924,1.392094,0.020380179,-0.009840158,0.886808479,-0.461582648
266.456000000,26.726770,7.997946,1.391258,0.014117087,-0.006621670,0.886908072,-0.461682718
266.580000000,26.717475,7.993639,1.390238,0.008215256,-0.006219460,0.886958228,-0.461734697
266.660000000,26.713331,7.990744,1.389693,0.008707869,-0.003349027,0.886941501,-0.461787539
266.768000000,26.709469,7.986956,1.389147,0.005850954,-0.000970868,0.886946007,-0.461835041
266.888000000,26.706681,7.983188,1.388687,0.004405714,0.000456093,0.886933727,-0.461875465
266.948000000,26.705700,7.981545,1.388537,0.002670082,-0.001043265,0.886943245,-0.461869530
267.068000000,26.704385,7.978440,1.388345,0.003292460,0.000840616,0.886961153,-0.461831535
267.164000000,26.703883,7.976398,1.388299,0.001408163,0.001432747,0.886990259,-0.461783764
267.288000000,26.703346,7.974298,1.388265,-0.000491818,0.002053568,0.886991554,-0.461780818
267.344000000,26.702978,7.973504,1.388285,-0.000857828,0.001918900,0.886983461,-0.461796408
267.464000000,26.701928,7.972108,1.388376,-0.000964149,-0.000043959,0.886962150,-0.461841113
267.560000000,26.700966,7.971042,1.388466,0.000155222,0.000136183,0.886956978,-0.461852008
267.656000000,26.699989,7.969986,1.388454,-0.001695500,-0.000435504,0.886965632,-0.461832117
267.780000000,26.698502,7.968382,1.388441,-0.000857420,-0.001147091,0.886984446,-0.461797078
267.848000000,26.697633,7.967316,1.388490,-0.002359879,-0.001721618,0.886993114,-0.461773411
267.956000000,26.696070,7.965271,1.388633,-0.001894437,0.000177885,0.887019316,-0.461728398
268.064000000,26.694172,7.963106,1.388770,-0.001821133,0.000920744,0.887040407,-0.461687287
268.064000000,26.694172,7.963106,1.388770,-0.001821133,0.000920744,0.887040407,-0.461687287
268.092000000,26.693612,7.962551,1.388816,-0.002342867,0.000462207,0.887041831,-0.461682887
269.432000000,26.666050,7.932812,1.389153,-0.002717048,-0.001305875,0.887134524,-0.461501082
269.684000000,26.659033,7.926288,1.389636,0.000400048,-0.003214854,0.887099260,-0.461567337
269.840000000,26.655176,7.921013,1.390230,0.001828912,-0.001122498,0.887061950,-0.461645418
269.936000000,26.653425,7.917730,1.390667,0.001392482,0.000978161,0.887030029,-0.461708600
270.080000000,26.650915,7.913188,1.391459,0.001699584,0.002426307,0.886988287,-0.461782420
270.140000000,26.649872,7.911556,1.391874,-0.000134342,0.002292308,0.886965299,-0.461830365
270.272000000,26.647324,7.908542,1.392919,-0.001255915,0.001611864,0.886928229,-0.461902740
270.356000000,26.645425,7.906860,1.393426,-0.001256047,0.001175093,0.886904753,-0.461949132
270.476000000,26.642397,7.904571,1.393894,-0.000654965,-0.000330543,0.886848595,-0.462059554
270.548000000,26.640535,7.903177,1.394106,0.001095647,-0.000598257,0.886818850,-0.462115537
270.680000000,26.637529,7.900589,1.394442,0.000689192,-0.001968538,0.886776080,-0.462194584
270.740000000,26.636368,7.899302,1.394566,0.002475345,-0.001408832,0.886752958,-0.462234874
270.872000000,26.634560,7.896527,1.394817,0.001738456,-0.000749781,0.886698423,-0.462344376
270.956000000,26.633839,7.894873,1.395011,0.001193864,0.000389718,0.886666787,-0.462407214
271.088000000,26.632852,7.892367,1.395335,-0.000836361,-0.001662273,0.886620067,-0.462494750
271.148000000,26.632391,7.891079,1.395498,0.001805547,-0.001239268,0.886597719,-0.462536148
271.292000000,26.631963,7.887882,1.396102,0.001330832,-0.001214220,0.886537666,-0.462652916
271.340000000,26.632017,7.886780,1.396299,-0.000038960,-0.001010072,0.886529415,-0.462671129
271.472000000,26.632199,7.883557,1.396714,-0.000999620,-0.000022576,0.886507882,-0.462712412
271.572000000,26.632181,7.881020,1.396981,0.000281567,0.001544206,0.886497254,-0.462731191
271.664000000,26.631997,7.878849,1.397290,-0.001927112,0.001213129,0.886487862,-0.462746242
